2026-10-02T01:52:10.761581Z [info     ] DAG bundles loaded: dags-folder, example_dags, apache-airflow-providers-common-sql-example-dags, apache-airflow-providers-standard-example-dags [airflow.dag_processing.bundles.manager.DagBundlesManager] loc=manager.py:304
2026-10-02T01:52:10.803635Z [info     ] Filling up the DagBag from /opt/airflow/dags [airflow.dag_processing.dagbag.BundleDagBag] loc=dagbag.py:460
2026-10-02T01:52:11.000623Z [info     ] Bulk-writing dags to db        [airflow.serialization.definitions.dag] count=3 loc=dag.py:218
2026-10-02T01:52:11.061829Z [info     ] get next_dagrun_info_v2        [airflow.serialization.definitions.dag] last_automated_run_info=None loc=dag.py:453 next_info=None
2026-10-02T01:52:11.062599Z [info     ] setting next dagrun info       [airflow.models.dag] loc=dag.py:848 next_dagrun=None next_dagrun_create_after=None next_dagrun_data_interval_end=None next_dagrun_data_interval_start=None next_dagrun_partition_date=None next_dagrun_partition_key=None
2026-10-02T01:52:11.067451Z [info     ] get next_dagrun_info_v2        [airflow.serialization.definitions.dag] last_automated_run_info=None loc=dag.py:453 next_info=None
2026-10-02T01:52:11.067781Z [info     ] setting next dagrun info       [airflow.models.dag] loc=dag.py:848 next_dagrun=None next_dagrun_create_after=None next_dagrun_data_interval_end=None next_dagrun_data_interval_start=None next_dagrun_partition_date=None next_dagrun_partition_key=None
2026-10-02T01:52:11.100475Z [info     ] get next_dagrun_info_v2        [airflow.serialization.definitions.dag] last_automated_run_info=None loc=dag.py:453 next_info=DagRunInfo(run_after=DateTime(2026, 9, 30, 16, 0, 0, tzinfo=Timezone('UTC')), data_interval=DataInterval(start=DateTime(2026, 8, 31, 16, 0, 0, tzinfo=Timezone('UTC')), end=DateTime(2026, 9, 30, 16, 0, 0, tzinfo=Timezone('UTC'))), partition_date=None, partition_key=None)
2026-10-02T01:52:11.101188Z [info     ] setting next dagrun info       [airflow.models.dag] loc=dag.py:848 next_dagrun='2026-08-31 16:00:00+00:00' next_dagrun_create_after='2026-09-30 16:00:00+00:00' next_dagrun_data_interval_end='2026-09-30 16:00:00+00:00' next_dagrun_data_interval_start='2026-08-31 16:00:00+00:00' next_dagrun_partition_date=None next_dagrun_partition_key=None
2026-10-02T01:52:13.547287Z [info     ] DAG bundles loaded: dags-folder, example_dags, apache-airflow-providers-common-sql-example-dags, apache-airflow-providers-standard-example-dags [airflow.dag_processing.bundles.manager.DagBundlesManager] loc=manager.py:304
2026-10-02T01:52:13.583147Z [info     ] Filling up the DagBag from /opt/airflow/dags [airflow.dag_processing.dagbag.BundleDagBag] loc=dagbag.py:460
2026-10-02T01:52:13.854335Z [info     ] Bulk-writing dags to db        [airflow.serialization.definitions.dag] count=3 loc=dag.py:218
2026-10-02T01:52:13.903523Z [info     ] get next_dagrun_info_v2        [airflow.serialization.definitions.dag] last_automated_run_info=None loc=dag.py:453 next_info=None
2026-10-02T01:52:13.904175Z [info     ] setting next dagrun info       [airflow.models.dag] loc=dag.py:848 next_dagrun=None next_dagrun_create_after=None next_dagrun_data_interval_end=None next_dagrun_data_interval_start=None next_dagrun_partition_date=None next_dagrun_partition_key=None
2026-10-02T01:52:13.929119Z [info     ] get next_dagrun_info_v2        [airflow.serialization.definitions.dag] last_automated_run_info=None loc=dag.py:453 next_info=None
2026-10-02T01:52:13.930219Z [info     ] setting next dagrun info       [airflow.models.dag] loc=dag.py:848 next_dagrun=None next_dagrun_create_after=None next_dagrun_data_interval_end=None next_dagrun_data_interval_start=None next_dagrun_partition_date=None next_dagrun_partition_key=None
2026-10-02T01:52:14.084803Z [info     ] get next_dagrun_info_v2        [airflow.serialization.definitions.dag] last_automated_run_info=None loc=dag.py:453 next_info=DagRunInfo(run_after=DateTime(2026, 9, 30, 16, 0, 0, tzinfo=Timezone('UTC')), data_interval=DataInterval(start=DateTime(2026, 8, 31, 16, 0, 0, tzinfo=Timezone('UTC')), end=DateTime(2026, 9, 30, 16, 0, 0, tzinfo=Timezone('UTC'))), partition_date=None, partition_key=None)
2026-10-02T01:52:14.085865Z [info     ] setting next dagrun info       [airflow.models.dag] loc=dag.py:848 next_dagrun='2026-08-31 16:00:00+00:00' next_dagrun_create_after='2026-09-30 16:00:00+00:00' next_dagrun_data_interval_end='2026-09-30 16:00:00+00:00' next_dagrun_data_interval_start='2026-08-31 16:00:00+00:00' next_dagrun_partition_date=None next_dagrun_partition_key=None
2026-10-02T01:52:14.555326Z [info     ] creating dag run               [airflow.serialization.definitions.dag] loc=dag.py:615 logical_date=DateTime(2026, 10, 2, 1, 52, 10, 756847, tzinfo=Timezone('UTC')) partition_key=None run_after=DateTime(2026, 10, 2, 1, 52, 13, 543138, tzinfo=Timezone('UTC')) run_id=manual__2026-10-02T01:52:13.543138+00:00
2026-10-02T01:52:14.830724Z [info     ] Created dag run.               [airflow.models.dagrun] dagrun=<DagRun trade_backfill_pipeline @ 2026-10-02 01:52:10.756847+00:00: manual__2026-10-02T01:52:13.543138+00:00, state:running, queued_at: None. run_type: manual> loc=dagrun.py:2464
2026-10-02T01:52:14.960297Z [info     ] [DAG TEST] starting task_id=preflight map_index=-1 [airflow.sdk.definitions.dag] loc=dag.py:1501
2026-10-02T01:52:14.963925Z [info     ] [DAG TEST] running task <TaskInstance: trade_backfill_pipeline.preflight manual__2026-10-02T01:52:13.543138+00:00 [TaskInstanceState.SCHEDULED] ti_id=01a0fa4f-e368-70f0-95df-451f6f7a645a> [airflow.sdk.definitions.dag] loc=dag.py:1504
2026-10-02T01:52:36.440782Z [info     ] Task started                   [airflow.api_fastapi.execution_api.routes.task_instances] correlation_id=01a0fa4f-ef00-76f1-bc4c-d1cbb0c9eea9 hostname=afe341678f81 loc=task_instances.py:226 previous_state=queued ti_id=01a0fa4f-e368-70f0-95df-451f6f7a645a
2026-10-02T01:52:36.458252Z [info     ] Task instance state updated    [airflow.api_fastapi.execution_api.routes.task_instances] correlation_id=01a0fa4f-ef00-76f1-bc4c-d1cbb0c9eea9 loc=task_instances.py:254 rows_affected=1 ti_id=01a0fa4f-e368-70f0-95df-451f6f7a645a
2026-10-02T01:52:36.581679Z [info     ] Updating RenderedTaskInstanceFields [airflow.api_fastapi.execution_api.routes.task_instances] correlation_id=01a0fa50-38d5-700c-afb1-b45f95483dee field_count=3 loc=task_instances.py:1017 ti_id=01a0fa4f-e368-70f0-95df-451f6f7a645a
Task instance is in running state
 Previous state of the Task instance: TaskInstanceState.QUEUED
Current task name:preflight
Dag name:trade_backfill_pipeline
2026-10-02T01:52:36.636792Z [info     ] ::endgroup::                   [task] loc=task_runner.py:2232
{"dag_run_id": "manual__2026-10-02T01:52:13.543138+00:00", "items": [{"period": "202605", "revisions": {"partner_detail": 1, "world_total": 1}, "run_id": "backfill-202605-91ecf35cb23f39e2", "sources": {"partner_detail": true, "world_total": true}, "status": "ready"}, {"period": "202606", "revisions": {"partner_detail": 1, "world_total": 1}, "run_id": "backfill-202606-91ecf35cb23f39e2", "sources": {"partner_detail": true, "world_total": true}, "status": "ready"}]}

2026-10-02T01:52:52.271343Z [info     ] Done. Returned value was: {'dag_run_id': 'manual__2026-10-02T01:52:13.543138+00:00', 'items': [{'period': '202605', 'revisions': {'partner_detail': 1, 'world_total': 1}, 'run_id': 'backfill-202605-91ecf35cb23f39e2', 'sources': {'partner_detail': True, 'world_total': True}, 'status': 'ready'}, {'period': '202606', 'revisions': {'partner_detail': 1, 'world_total': 1}, 'run_id': 'backfill-202606-91ecf35cb23f39e2', 'sources': {'partner_detail': True, 'world_total': True}, 'status': 'ready'}]} [airflow.task.operators.airflow.providers.standard.decorators.python._PythonDecoratedOperator] loc=python.py:233
2026-10-02T01:52:52.272769Z [info     ] ::group::Post Execute          [task] loc=task_runner.py:1580
2026-10-02T01:52:52.275051Z [info     ] Pushing xcom                   [task] loc=task_runner.py:2280 ti=RuntimeTaskInstance(id=UUID('01a0fa4f-e368-70f0-95df-451f6f7a645a'), task_id='preflight', dag_id='trade_backfill_pipeline', run_id='manual__2026-10-02T01:52:13.543138+00:00', try_number=1, dag_version_id=UUID('01a0f340-b3af-72cd-8aa4-d8e453a1915b'), map_index=-1, hostname='afe341678f81', context_carrier=None, queue='default', task=<Task(_PythonDecoratedOperator): preflight>, max_tries=3, start_date=datetime.datetime(2026, 10, 2, 1, 52, 17, 661504, tzinfo=datetime.timezone.utc), end_date=None, state=<TaskInstanceState.RUNNING: 'running'>, is_mapped=False, rendered_map_index=None, sentry_integration='')
2026-10-02T01:52:52.537285Z [info     ] Task instance state updated    [airflow.api_fastapi.execution_api.routes.task_instances] correlation_id=01a0fa50-76d3-7647-a3bf-a65b8d802710 loc=task_instances.py:485 new_state=success rows_affected=1 ti_id=01a0fa4f-e368-70f0-95df-451f6f7a645a
Task instance in success state
 Previous state of the Task instance: TaskInstanceState.RUNNING
Task operator:<Task(_PythonDecoratedOperator): preflight>
2026-10-02T01:52:52.553733Z [info     ] ::endgroup::                   [task] loc=task_runner.py:2379
2026-10-02T01:52:54.033159Z [info     ] [DAG TEST] end task task_id=preflight map_index=-1 [airflow.sdk.definitions.dag] loc=dag.py:1563
2026-10-02T01:52:54.143370Z [info     ] [DAG TEST] starting task_id=select_month map_index=-1 [airflow.sdk.definitions.dag] loc=dag.py:1501
2026-10-02T01:52:54.144026Z [info     ] [DAG TEST] running task <TaskInstance: trade_backfill_pipeline.select_month manual__2026-10-02T01:52:13.543138+00:00 [TaskInstanceState.SCHEDULED] ti_id=01a0fa4f-e369-7364-9cd9-6ae19e99742d> [airflow.sdk.definitions.dag] loc=dag.py:1504
2026-10-02T01:52:54.187704Z [info     ] Task started                   [airflow.api_fastapi.execution_api.routes.task_instances] correlation_id=01a0fa50-7d8b-7532-8c60-7b88066d2fa2 hostname=afe341678f81 loc=task_instances.py:226 previous_state=queued ti_id=01a0fa4f-e369-7364-9cd9-6ae19e99742d
2026-10-02T01:52:54.192736Z [info     ] Task instance state updated    [airflow.api_fastapi.execution_api.routes.task_instances] correlation_id=01a0fa50-7d8b-7532-8c60-7b88066d2fa2 loc=task_instances.py:254 rows_affected=1 ti_id=01a0fa4f-e369-7364-9cd9-6ae19e99742d
2026-10-02T01:52:54.304314Z [info     ] Updating RenderedTaskInstanceFields [airflow.api_fastapi.execution_api.routes.task_instances] correlation_id=01a0fa50-7e08-7993-97df-24d196ae5131 field_count=3 loc=task_instances.py:1017 ti_id=01a0fa4f-e369-7364-9cd9-6ae19e99742d
Task instance is in running state
 Previous state of the Task instance: TaskInstanceState.QUEUED
Current task name:select_month
Dag name:trade_backfill_pipeline
2026-10-02T01:52:54.333863Z [info     ] ::endgroup::                   [task] loc=task_runner.py:2232
2026-10-02T01:52:54.334958Z [info     ] Done. Returned value was: {'period': '202605', 'run_id': 'backfill-202605-91ecf35cb23f39e2', 'status': 'ready', 'sources': {'world_total': True, 'partner_detail': True}, 'revisions': {'world_total': 1, 'partner_detail': 1}} [airflow.task.operators.airflow.providers.standard.decorators.python._PythonDecoratedOperator] loc=python.py:233
2026-10-02T01:52:54.335482Z [info     ] ::group::Post Execute          [task] loc=task_runner.py:1580
2026-10-02T01:52:54.335920Z [info     ] Pushing xcom                   [task] loc=task_runner.py:2280 ti=RuntimeTaskInstance(id=UUID('01a0fa4f-e369-7364-9cd9-6ae19e99742d'), task_id='select_month', dag_id='trade_backfill_pipeline', run_id='manual__2026-10-02T01:52:13.543138+00:00', try_number=1, dag_version_id=UUID('01a0f340-b3af-72cd-8aa4-d8e453a1915b'), map_index=-1, hostname='afe341678f81', context_carrier=None, queue='default', task=<Task(_PythonDecoratedOperator): select_month>, max_tries=0, start_date=datetime.datetime(2026, 10, 2, 1, 52, 54, 154627, tzinfo=datetime.timezone.utc), end_date=None, state=<TaskInstanceState.RUNNING: 'running'>, is_mapped=False, rendered_map_index=None, sentry_integration='')
2026-10-02T01:52:54.624234Z [info     ] Task instance state updated    [airflow.api_fastapi.execution_api.routes.task_instances] correlation_id=01a0fa50-7f1e-7d9d-862b-b32294e8afd8 loc=task_instances.py:485 new_state=success rows_affected=1 ti_id=01a0fa4f-e369-7364-9cd9-6ae19e99742d
Task instance in success state
 Previous state of the Task instance: TaskInstanceState.RUNNING
Task operator:<Task(_PythonDecoratedOperator): select_month>
2026-10-02T01:52:54.662340Z [info     ] ::endgroup::                   [task] loc=task_runner.py:2379
2026-10-02T01:52:54.699480Z [info     ] [DAG TEST] end task task_id=select_month map_index=-1 [airflow.sdk.definitions.dag] loc=dag.py:1563
2026-10-02T01:52:54.780132Z [info     ] [DAG TEST] starting task_id=ingest_world map_index=-1 [airflow.sdk.definitions.dag] loc=dag.py:1501
2026-10-02T01:52:54.781034Z [info     ] [DAG TEST] running task <TaskInstance: trade_backfill_pipeline.ingest_world manual__2026-10-02T01:52:13.543138+00:00 [TaskInstanceState.SCHEDULED] ti_id=01a0fa4f-e36b-71f4-ba4e-6cc1b4a7829c> [airflow.sdk.definitions.dag] loc=dag.py:1504
2026-10-02T01:52:54.841346Z [info     ] Task started                   [airflow.api_fastapi.execution_api.routes.task_instances] correlation_id=01a0fa50-8009-796d-b14f-de52699343b7 hostname=afe341678f81 loc=task_instances.py:226 previous_state=queued ti_id=01a0fa4f-e36b-71f4-ba4e-6cc1b4a7829c
2026-10-02T01:52:54.847973Z [info     ] Task instance state updated    [airflow.api_fastapi.execution_api.routes.task_instances] correlation_id=01a0fa50-8009-796d-b14f-de52699343b7 loc=task_instances.py:254 rows_affected=1 ti_id=01a0fa4f-e36b-71f4-ba4e-6cc1b4a7829c
2026-10-02T01:52:54.952636Z [info     ] Updating RenderedTaskInstanceFields [airflow.api_fastapi.execution_api.routes.task_instances] correlation_id=01a0fa50-8097-75cf-8365-871a358cfc33 field_count=3 loc=task_instances.py:1017 ti_id=01a0fa4f-e36b-71f4-ba4e-6cc1b4a7829c
Task instance is in running state
 Previous state of the Task instance: TaskInstanceState.QUEUED
Current task name:ingest_world
Dag name:trade_backfill_pipeline
2026-10-02T01:52:54.980879Z [info     ] ::endgroup::                   [task] loc=task_runner.py:2232
{"step": "ingest", "kind": "world_total", "period": "202605", "run_id": "backfill-202605-91ecf35cb23f39e2"}
{"checksum": "sha256:7d1f5b114e4cbea95bfe69b4ff7b5f3d7ef8ce92e67b975bd2d6930e96d0db89", "data_uri": "s3://trade-analytics-prod-816079797958-ap-northeast-1-an/un_comtrade/v2/hs_version=H6/cmd_code=8542/period=202605/query_type=world_total/revision=1/data.ndjson", "kind": "world_total", "manifest_uri": "s3://trade-analytics-prod-816079797958-ap-northeast-1-an/un_comtrade/v2/hs_version=H6/cmd_code=8542/period=202605/query_type=world_total/revision=1/manifest.json", "period": "202605", "revision": 1, "row_count": 1, "run_id": "backfill-202605-91ecf35cb23f39e2", "status": "success", "step": "ingest"}

2026-10-02T01:53:00.380544Z [info     ] Done. Returned value was: {'checksum': 'sha256:7d1f5b114e4cbea95bfe69b4ff7b5f3d7ef8ce92e67b975bd2d6930e96d0db89', 'data_uri': 's3://trade-analytics-prod-816079797958-ap-northeast-1-an/un_comtrade/v2/hs_version=H6/cmd_code=8542/period=202605/query_type=world_total/revision=1/data.ndjson', 'kind': 'world_total', 'manifest_uri': 's3://trade-analytics-prod-816079797958-ap-northeast-1-an/un_comtrade/v2/hs_version=H6/cmd_code=8542/period=202605/query_type=world_total/revision=1/manifest.json', 'period': '202605', 'revision': 1, 'row_count': 1, 'run_id': 'backfill-202605-91ecf35cb23f39e2', 'status': 'success', 'step': 'ingest'} [airflow.task.operators.airflow.providers.standard.decorators.python._PythonDecoratedOperator] loc=python.py:233
2026-10-02T01:53:00.390427Z [info     ] ::group::Post Execute          [task] loc=task_runner.py:1580
2026-10-02T01:53:00.395588Z [info     ] Pushing xcom                   [task] loc=task_runner.py:2280 ti=RuntimeTaskInstance(id=UUID('01a0fa4f-e36b-71f4-ba4e-6cc1b4a7829c'), task_id='ingest_world', dag_id='trade_backfill_pipeline', run_id='manual__2026-10-02T01:52:13.543138+00:00', try_number=1, dag_version_id=UUID('01a0f340-b3af-72cd-8aa4-d8e453a1915b'), map_index=-1, hostname='afe341678f81', context_carrier=None, queue='default', task=<Task(_PythonDecoratedOperator): ingest_world>, max_tries=3, start_date=datetime.datetime(2026, 10, 2, 1, 52, 54, 791433, tzinfo=datetime.timezone.utc), end_date=None, state=<TaskInstanceState.RUNNING: 'running'>, is_mapped=False, rendered_map_index=None, sentry_integration='')
2026-10-02T01:53:01.367427Z [info     ] Task instance state updated    [airflow.api_fastapi.execution_api.routes.task_instances] correlation_id=01a0fa50-995a-7b1b-8bea-3f74ff8586d4 loc=task_instances.py:485 new_state=success rows_affected=1 ti_id=01a0fa4f-e36b-71f4-ba4e-6cc1b4a7829c
Task instance in success state
 Previous state of the Task instance: TaskInstanceState.RUNNING
Task operator:<Task(_PythonDecoratedOperator): ingest_world>
2026-10-02T01:53:01.415816Z [info     ] ::endgroup::                   [task] loc=task_runner.py:2379
2026-10-02T01:53:01.471374Z [info     ] [DAG TEST] end task task_id=ingest_world map_index=-1 [airflow.sdk.definitions.dag] loc=dag.py:1563
2026-10-02T01:53:01.472102Z [info     ] [DAG TEST] starting task_id=ingest_detail map_index=-1 [airflow.sdk.definitions.dag] loc=dag.py:1501
2026-10-02T01:53:01.472288Z [info     ] [DAG TEST] running task <TaskInstance: trade_backfill_pipeline.ingest_detail manual__2026-10-02T01:52:13.543138+00:00 [TaskInstanceState.SCHEDULED] ti_id=01a0fa4f-e36a-7cd2-98d5-1f0b5f26c2e8> [airflow.sdk.definitions.dag] loc=dag.py:1504
2026-10-02T01:53:01.594819Z [info     ] Task started                   [airflow.api_fastapi.execution_api.routes.task_instances] correlation_id=01a0fa50-9a52-7499-b23d-8fbcff874a27 hostname=afe341678f81 loc=task_instances.py:226 previous_state=queued ti_id=01a0fa4f-e36a-7cd2-98d5-1f0b5f26c2e8
2026-10-02T01:53:01.605109Z [info     ] Task instance state updated    [airflow.api_fastapi.execution_api.routes.task_instances] correlation_id=01a0fa50-9a52-7499-b23d-8fbcff874a27 loc=task_instances.py:254 rows_affected=1 ti_id=01a0fa4f-e36a-7cd2-98d5-1f0b5f26c2e8
2026-10-02T01:53:01.769861Z [info     ] Updating RenderedTaskInstanceFields [airflow.api_fastapi.execution_api.routes.task_instances] correlation_id=01a0fa50-9b29-7473-baf7-132ce88b9ff8 field_count=3 loc=task_instances.py:1017 ti_id=01a0fa4f-e36a-7cd2-98d5-1f0b5f26c2e8
Task instance is in running state
 Previous state of the Task instance: TaskInstanceState.QUEUED
Current task name:ingest_detail
Dag name:trade_backfill_pipeline
2026-10-02T01:53:01.832654Z [info     ] ::endgroup::                   [task] loc=task_runner.py:2232
{"step": "ingest", "kind": "partner_detail", "period": "202605", "run_id": "backfill-202605-91ecf35cb23f39e2"}
{"checksum": "sha256:d29fb64f86d2c722e6b1d054454b302a58606ca0c1bc9bfddba72fa37efba1ad", "data_uri": "s3://trade-analytics-prod-816079797958-ap-northeast-1-an/un_comtrade/v2/hs_version=H6/cmd_code=8542/period=202605/query_type=partner_detail/revision=1/data.ndjson", "kind": "partner_detail", "manifest_uri": "s3://trade-analytics-prod-816079797958-ap-northeast-1-an/un_comtrade/v2/hs_version=H6/cmd_code=8542/period=202605/query_type=partner_detail/revision=1/manifest.json", "period": "202605", "revision": 1, "row_count": 70, "run_id": "backfill-202605-91ecf35cb23f39e2", "status": "success", "step": "ingest"}

2026-10-02T01:53:09.449391Z [info     ] Done. Returned value was: {'checksum': 'sha256:d29fb64f86d2c722e6b1d054454b302a58606ca0c1bc9bfddba72fa37efba1ad', 'data_uri': 's3://trade-analytics-prod-816079797958-ap-northeast-1-an/un_comtrade/v2/hs_version=H6/cmd_code=8542/period=202605/query_type=partner_detail/revision=1/data.ndjson', 'kind': 'partner_detail', 'manifest_uri': 's3://trade-analytics-prod-816079797958-ap-northeast-1-an/un_comtrade/v2/hs_version=H6/cmd_code=8542/period=202605/query_type=partner_detail/revision=1/manifest.json', 'period': '202605', 'revision': 1, 'row_count': 70, 'run_id': 'backfill-202605-91ecf35cb23f39e2', 'status': 'success', 'step': 'ingest'} [airflow.task.operators.airflow.providers.standard.decorators.python._PythonDecoratedOperator] loc=python.py:233
2026-10-02T01:53:09.452419Z [info     ] ::group::Post Execute          [task] loc=task_runner.py:1580
2026-10-02T01:53:09.455083Z [info     ] Pushing xcom                   [task] loc=task_runner.py:2280 ti=RuntimeTaskInstance(id=UUID('01a0fa4f-e36a-7cd2-98d5-1f0b5f26c2e8'), task_id='ingest_detail', dag_id='trade_backfill_pipeline', run_id='manual__2026-10-02T01:52:13.543138+00:00', try_number=1, dag_version_id=UUID('01a0f340-b3af-72cd-8aa4-d8e453a1915b'), map_index=-1, hostname='afe341678f81', context_carrier=None, queue='default', task=<Task(_PythonDecoratedOperator): ingest_detail>, max_tries=3, start_date=datetime.datetime(2026, 10, 2, 1, 53, 1, 521230, tzinfo=datetime.timezone.utc), end_date=None, state=<TaskInstanceState.RUNNING: 'running'>, is_mapped=False, rendered_map_index=None, sentry_integration='')
2026-10-02T01:53:10.266990Z [info     ] Task instance state updated    [airflow.api_fastapi.execution_api.routes.task_instances] correlation_id=01a0fa50-bc39-7037-a3cc-3480998ec895 loc=task_instances.py:485 new_state=success rows_affected=1 ti_id=01a0fa4f-e36a-7cd2-98d5-1f0b5f26c2e8
Task instance in success state
 Previous state of the Task instance: TaskInstanceState.RUNNING
Task operator:<Task(_PythonDecoratedOperator): ingest_detail>
2026-10-02T01:53:10.290533Z [info     ] ::endgroup::                   [task] loc=task_runner.py:2379
2026-10-02T01:53:10.326900Z [info     ] [DAG TEST] end task task_id=ingest_detail map_index=-1 [airflow.sdk.definitions.dag] loc=dag.py:1563
2026-10-02T01:53:10.454185Z [info     ] [DAG TEST] starting task_id=load_world map_index=-1 [airflow.sdk.definitions.dag] loc=dag.py:1501
2026-10-02T01:53:10.454637Z [info     ] [DAG TEST] running task <TaskInstance: trade_backfill_pipeline.load_world manual__2026-10-02T01:52:13.543138+00:00 [TaskInstanceState.SCHEDULED] ti_id=01a0fa4f-e36d-7c80-b90b-ecca523a9f2d> [airflow.sdk.definitions.dag] loc=dag.py:1504
2026-10-02T01:53:10.532924Z [info     ] Task started                   [airflow.api_fastapi.execution_api.routes.task_instances] correlation_id=01a0fa50-bd4a-7e37-a669-c3f841e23de4 hostname=afe341678f81 loc=task_instances.py:226 previous_state=queued ti_id=01a0fa4f-e36d-7c80-b90b-ecca523a9f2d
2026-10-02T01:53:10.544445Z [info     ] Task instance state updated    [airflow.api_fastapi.execution_api.routes.task_instances] correlation_id=01a0fa50-bd4a-7e37-a669-c3f841e23de4 loc=task_instances.py:254 rows_affected=1 ti_id=01a0fa4f-e36d-7c80-b90b-ecca523a9f2d
2026-10-02T01:53:10.783828Z [info     ] Updating RenderedTaskInstanceFields [airflow.api_fastapi.execution_api.routes.task_instances] correlation_id=01a0fa50-be5f-73ea-9cda-38eb32fbad00 field_count=3 loc=task_instances.py:1017 ti_id=01a0fa4f-e36d-7c80-b90b-ecca523a9f2d
Task instance is in running state
 Previous state of the Task instance: TaskInstanceState.QUEUED
Current task name:load_world
Dag name:trade_backfill_pipeline
2026-10-02T01:53:10.849619Z [info     ] ::endgroup::                   [task] loc=task_runner.py:2232
{"step": "load", "kind": "world_total", "period": "202605", "run_id": "backfill-202605-91ecf35cb23f39e2"}
{"jobs": [{"job_id": "day11_631e6c137ed64438b01a0b93d3ef073e", "status": "success"}, {"job_id": "day11_961bb46b689441659ee590ce7960b274", "status": "success"}, {"job_id": "day11_75d574e725764d4bb84bee3f6df41dca", "status": "success"}, {"job_id": "day11_c07f83fd6c67488dad9671d171e3647e", "status": "success"}], "kind": "world_total", "period": "202605", "revision": 1, "rows": 1, "status": "success", "step": "load"}

2026-10-02T01:53:29.308396Z [info     ] Done. Returned value was: {'jobs': [{'job_id': 'day11_631e6c137ed64438b01a0b93d3ef073e', 'status': 'success'}, {'job_id': 'day11_961bb46b689441659ee590ce7960b274', 'status': 'success'}, {'job_id': 'day11_75d574e725764d4bb84bee3f6df41dca', 'status': 'success'}, {'job_id': 'day11_c07f83fd6c67488dad9671d171e3647e', 'status': 'success'}], 'kind': 'world_total', 'period': '202605', 'revision': 1, 'rows': 1, 'status': 'success', 'step': 'load'} [airflow.task.operators.airflow.providers.standard.decorators.python._PythonDecoratedOperator] loc=python.py:233
2026-10-02T01:53:29.312206Z [info     ] ::group::Post Execute          [task] loc=task_runner.py:1580
2026-10-02T01:53:29.314199Z [info     ] Pushing xcom                   [task] loc=task_runner.py:2280 ti=RuntimeTaskInstance(id=UUID('01a0fa4f-e36d-7c80-b90b-ecca523a9f2d'), task_id='load_world', dag_id='trade_backfill_pipeline', run_id='manual__2026-10-02T01:52:13.543138+00:00', try_number=1, dag_version_id=UUID('01a0f340-b3af-72cd-8aa4-d8e453a1915b'), map_index=-1, hostname='afe341678f81', context_carrier=None, queue='default', task=<Task(_PythonDecoratedOperator): load_world>, max_tries=3, start_date=datetime.datetime(2026, 10, 2, 1, 53, 10, 473045, tzinfo=datetime.timezone.utc), end_date=None, state=<TaskInstanceState.RUNNING: 'running'>, is_mapped=False, rendered_map_index=None, sentry_integration='')
2026-10-02T01:53:29.664683Z [info     ] Task instance state updated    [airflow.api_fastapi.execution_api.routes.task_instances] correlation_id=01a0fa51-080f-7a3d-97c1-2b93ba8904f5 loc=task_instances.py:485 new_state=success rows_affected=1 ti_id=01a0fa4f-e36d-7c80-b90b-ecca523a9f2d
Task instance in success state
 Previous state of the Task instance: TaskInstanceState.RUNNING
Task operator:<Task(_PythonDecoratedOperator): load_world>
2026-10-02T01:53:29.688033Z [info     ] ::endgroup::                   [task] loc=task_runner.py:2379
2026-10-02T01:53:29.719935Z [info     ] [DAG TEST] end task task_id=load_world map_index=-1 [airflow.sdk.definitions.dag] loc=dag.py:1563
2026-10-02T01:53:29.720397Z [info     ] [DAG TEST] starting task_id=load_detail map_index=-1 [airflow.sdk.definitions.dag] loc=dag.py:1501
2026-10-02T01:53:29.720630Z [info     ] [DAG TEST] running task <TaskInstance: trade_backfill_pipeline.load_detail manual__2026-10-02T01:52:13.543138+00:00 [TaskInstanceState.SCHEDULED] ti_id=01a0fa4f-e36c-7b5c-9130-3e2cff3441a7> [airflow.sdk.definitions.dag] loc=dag.py:1504
2026-10-02T01:53:29.774240Z [info     ] Task started                   [airflow.api_fastapi.execution_api.routes.task_instances] correlation_id=01a0fa51-0890-7f7e-b235-6214e1fc8d5f hostname=afe341678f81 loc=task_instances.py:226 previous_state=queued ti_id=01a0fa4f-e36c-7b5c-9130-3e2cff3441a7
2026-10-02T01:53:29.780877Z [info     ] Task instance state updated    [airflow.api_fastapi.execution_api.routes.task_instances] correlation_id=01a0fa51-0890-7f7e-b235-6214e1fc8d5f loc=task_instances.py:254 rows_affected=1 ti_id=01a0fa4f-e36c-7b5c-9130-3e2cff3441a7
2026-10-02T01:53:29.888023Z [info     ] Updating RenderedTaskInstanceFields [airflow.api_fastapi.execution_api.routes.task_instances] correlation_id=01a0fa51-090b-7945-b401-fe77aff51ecc field_count=3 loc=task_instances.py:1017 ti_id=01a0fa4f-e36c-7b5c-9130-3e2cff3441a7
Task instance is in running state
 Previous state of the Task instance: TaskInstanceState.QUEUED
Current task name:load_detail
Dag name:trade_backfill_pipeline
2026-10-02T01:53:29.921327Z [info     ] ::endgroup::                   [task] loc=task_runner.py:2232
{"step": "load", "kind": "partner_detail", "period": "202605", "run_id": "backfill-202605-91ecf35cb23f39e2"}
{"jobs": [{"job_id": "day11_2cac0954d2ab4544b2b73d7fd8058238", "status": "success"}, {"job_id": "day11_0bcf255e8dc9455f8ef4222810c5f3c5", "status": "success"}, {"job_id": "day11_b20f5f0a02ff47d5abd84e6c2f67ddc3", "status": "success"}, {"job_id": "day11_91ccdfbc8d624bc5b49885a70d9801d9", "status": "success"}], "kind": "partner_detail", "period": "202605", "revision": 1, "rows": 70, "status": "success", "step": "load"}

2026-10-02T01:53:48.301543Z [info     ] Done. Returned value was: {'jobs': [{'job_id': 'day11_2cac0954d2ab4544b2b73d7fd8058238', 'status': 'success'}, {'job_id': 'day11_0bcf255e8dc9455f8ef4222810c5f3c5', 'status': 'success'}, {'job_id': 'day11_b20f5f0a02ff47d5abd84e6c2f67ddc3', 'status': 'success'}, {'job_id': 'day11_91ccdfbc8d624bc5b49885a70d9801d9', 'status': 'success'}], 'kind': 'partner_detail', 'period': '202605', 'revision': 1, 'rows': 70, 'status': 'success', 'step': 'load'} [airflow.task.operators.airflow.providers.standard.decorators.python._PythonDecoratedOperator] loc=python.py:233
2026-10-02T01:53:48.306060Z [info     ] ::group::Post Execute          [task] loc=task_runner.py:1580
2026-10-02T01:53:48.309341Z [info     ] Pushing xcom                   [task] loc=task_runner.py:2280 ti=RuntimeTaskInstance(id=UUID('01a0fa4f-e36c-7b5c-9130-3e2cff3441a7'), task_id='load_detail', dag_id='trade_backfill_pipeline', run_id='manual__2026-10-02T01:52:13.543138+00:00', try_number=1, dag_version_id=UUID('01a0f340-b3af-72cd-8aa4-d8e453a1915b'), map_index=-1, hostname='afe341678f81', context_carrier=None, queue='default', task=<Task(_PythonDecoratedOperator): load_detail>, max_tries=3, start_date=datetime.datetime(2026, 10, 2, 1, 53, 29, 742405, tzinfo=datetime.timezone.utc), end_date=None, state=<TaskInstanceState.RUNNING: 'running'>, is_mapped=False, rendered_map_index=None, sentry_integration='')
2026-10-02T01:53:48.945224Z [info     ] Task instance state updated    [airflow.api_fastapi.execution_api.routes.task_instances] correlation_id=01a0fa51-534d-75e7-8807-3e09e5aba964 loc=task_instances.py:485 new_state=success rows_affected=1 ti_id=01a0fa4f-e36c-7b5c-9130-3e2cff3441a7
Task instance in success state
 Previous state of the Task instance: TaskInstanceState.RUNNING
Task operator:<Task(_PythonDecoratedOperator): load_detail>
2026-10-02T01:53:48.984882Z [info     ] ::endgroup::                   [task] loc=task_runner.py:2379
2026-10-02T01:53:49.053800Z [info     ] [DAG TEST] end task task_id=load_detail map_index=-1 [airflow.sdk.definitions.dag] loc=dag.py:1563
2026-10-02T01:53:49.194189Z [info     ] [DAG TEST] starting task_id=attest map_index=-1 [airflow.sdk.definitions.dag] loc=dag.py:1501
2026-10-02T01:53:49.195231Z [info     ] [DAG TEST] running task <TaskInstance: trade_backfill_pipeline.attest manual__2026-10-02T01:52:13.543138+00:00 [TaskInstanceState.SCHEDULED] ti_id=01a0fa4f-e36e-7a55-97ea-40b5401f5af6> [airflow.sdk.definitions.dag] loc=dag.py:1504
2026-10-02T01:53:49.294654Z [info     ] Task started                   [airflow.api_fastapi.execution_api.routes.task_instances] correlation_id=01a0fa51-54a7-72b7-8467-9593668fd877 hostname=afe341678f81 loc=task_instances.py:226 previous_state=queued ti_id=01a0fa4f-e36e-7a55-97ea-40b5401f5af6
2026-10-02T01:53:49.306533Z [info     ] Task instance state updated    [airflow.api_fastapi.execution_api.routes.task_instances] correlation_id=01a0fa51-54a7-72b7-8467-9593668fd877 loc=task_instances.py:254 rows_affected=1 ti_id=01a0fa4f-e36e-7a55-97ea-40b5401f5af6
2026-10-02T01:53:49.489117Z [info     ] Updating RenderedTaskInstanceFields [airflow.api_fastapi.execution_api.routes.task_instances] correlation_id=01a0fa51-5590-7662-aa97-4a0c81aa85bf field_count=3 loc=task_instances.py:1017 ti_id=01a0fa4f-e36e-7a55-97ea-40b5401f5af6
Task instance is in running state
 Previous state of the Task instance: TaskInstanceState.QUEUED
Current task name:attest
Dag name:trade_backfill_pipeline
2026-10-02T01:53:49.556495Z [info     ] ::endgroup::                   [task] loc=task_runner.py:2232
{"step": "attest", "kind": null, "period": "202605", "run_id": "backfill-202605-91ecf35cb23f39e2"}
{"jobs": [{"job_id": "7a9cb2da-1eb3-4c98-b969-252a2bc753e1", "result": "success"}, {"job_id": "90422677-1d32-4a03-a773-a148ac17b61f", "result": "success"}, {"job_id": "34d4328b-546d-402b-8fb3-d6822ba5ac94", "result": "success"}, {"job_id": "c68ee974-4b5d-4bb6-ab6c-37bb144e040f", "result": "success"}, {"job_id": "2f57b48e-504e-4324-bcce-a60543a181b9", "result": "success"}, {"job_id": "a2e2090b-b5f6-4f35-b32c-30c443892aa0", "result": "success"}], "period": "202605", "sources": [{"checksum": "sha256:d29fb64f86d2c722e6b1d054454b302a58606ca0c1bc9bfddba72fa37efba1ad", "query_type": "partner_detail", "revision": 1, "snapshot_hash": "864e104a2e867836cb8c2ca07033aef86b4388e5cef8325c09749077975a34d6", "source_file": "s3://trade-analytics-prod-816079797958-ap-northeast-1-an/un_comtrade/v2/hs_version=H6/cmd_code=8542/period=202605/query_type=partner_detail/revision=1/data.ndjson"}, {"checksum": "sha256:7d1f5b114e4cbea95bfe69b4ff7b5f3d7ef8ce92e67b975bd2d6930e96d0db89", "query_type": "world_total", "revision": 1, "snapshot_hash": "07f748908d7b16379cdae963512b497edd9c6c7e37a3dec28cff5ede0d635731", "source_file": "s3://trade-analytics-prod-816079797958-ap-northeast-1-an/un_comtrade/v2/hs_version=H6/cmd_code=8542/period=202605/query_type=world_total/revision=1/data.ndjson"}], "status": "verified", "step": "attest"}

2026-10-02T01:54:01.253366Z [info     ] Done. Returned value was: {'jobs': [{'job_id': '7a9cb2da-1eb3-4c98-b969-252a2bc753e1', 'result': 'success'}, {'job_id': '90422677-1d32-4a03-a773-a148ac17b61f', 'result': 'success'}, {'job_id': '34d4328b-546d-402b-8fb3-d6822ba5ac94', 'result': 'success'}, {'job_id': 'c68ee974-4b5d-4bb6-ab6c-37bb144e040f', 'result': 'success'}, {'job_id': '2f57b48e-504e-4324-bcce-a60543a181b9', 'result': 'success'}, {'job_id': 'a2e2090b-b5f6-4f35-b32c-30c443892aa0', 'result': 'success'}], 'period': '202605', 'sources': [{'checksum': 'sha256:d29fb64f86d2c722e6b1d054454b302a58606ca0c1bc9bfddba72fa37efba1ad', 'query_type': 'partner_detail', 'revision': 1, 'snapshot_hash': '864e104a2e867836cb8c2ca07033aef86b4388e5cef8325c09749077975a34d6', 'source_file': 's3://trade-analytics-prod-816079797958-ap-northeast-1-an/un_comtrade/v2/hs_version=H6/cmd_code=8542/period=202605/query_type=partner_detail/revision=1/data.ndjson'}, {'checksum': 'sha256:7d1f5b114e4cbea95bfe69b4ff7b5f3d7ef8ce92e67b975bd2d6930e96d0db89', 'query_type': 'world_total', 'revision': 1, 'snapshot_hash': '07f748908d7b16379cdae963512b497edd9c6c7e37a3dec28cff5ede0d635731', 'source_file': 's3://trade-analytics-prod-816079797958-ap-northeast-1-an/un_comtrade/v2/hs_version=H6/cmd_code=8542/period=202605/query_type=world_total/revision=1/data.ndjson'}], 'status': 'verified', 'step': 'attest'} [airflow.task.operators.airflow.providers.standard.decorators.python._PythonDecoratedOperator] loc=python.py:233
2026-10-02T01:54:01.255588Z [info     ] ::group::Post Execute          [task] loc=task_runner.py:1580
2026-10-02T01:54:01.257241Z [info     ] Pushing xcom                   [task] loc=task_runner.py:2280 ti=RuntimeTaskInstance(id=UUID('01a0fa4f-e36e-7a55-97ea-40b5401f5af6'), task_id='attest', dag_id='trade_backfill_pipeline', run_id='manual__2026-10-02T01:52:13.543138+00:00', try_number=1, dag_version_id=UUID('01a0f340-b3af-72cd-8aa4-d8e453a1915b'), map_index=-1, hostname='afe341678f81', context_carrier=None, queue='default', task=<Task(_PythonDecoratedOperator): attest>, max_tries=0, start_date=datetime.datetime(2026, 10, 2, 1, 53, 49, 221462, tzinfo=datetime.timezone.utc), end_date=None, state=<TaskInstanceState.RUNNING: 'running'>, is_mapped=False, rendered_map_index=None, sentry_integration='')
2026-10-02T01:54:01.638024Z [info     ] Task instance state updated    [airflow.api_fastapi.execution_api.routes.task_instances] correlation_id=01a0fa51-84e4-7e2a-8d70-cb48c23aa48c loc=task_instances.py:485 new_state=success rows_affected=1 ti_id=01a0fa4f-e36e-7a55-97ea-40b5401f5af6
Task instance in success state
 Previous state of the Task instance: TaskInstanceState.RUNNING
Task operator:<Task(_PythonDecoratedOperator): attest>
2026-10-02T01:54:01.658217Z [info     ] ::endgroup::                   [task] loc=task_runner.py:2379
2026-10-02T01:54:01.687226Z [info     ] [DAG TEST] end task task_id=attest map_index=-1 [airflow.sdk.definitions.dag] loc=dag.py:1563
2026-10-02T01:54:01.770713Z [info     ] [DAG TEST] starting task_id=build map_index=-1 [airflow.sdk.definitions.dag] loc=dag.py:1501
2026-10-02T01:54:01.771045Z [info     ] [DAG TEST] running task <TaskInstance: trade_backfill_pipeline.build manual__2026-10-02T01:52:13.543138+00:00 [TaskInstanceState.SCHEDULED] ti_id=01a0fa4f-e36f-7455-a986-5fa73fb4a203> [airflow.sdk.definitions.dag] loc=dag.py:1504
2026-10-02T01:54:01.809370Z [info     ] Task started                   [airflow.api_fastapi.execution_api.routes.task_instances] correlation_id=01a0fa51-85b6-700f-b203-239a1858e7e2 hostname=afe341678f81 loc=task_instances.py:226 previous_state=queued ti_id=01a0fa4f-e36f-7455-a986-5fa73fb4a203
2026-10-02T01:54:01.815408Z [info     ] Task instance state updated    [airflow.api_fastapi.execution_api.routes.task_instances] correlation_id=01a0fa51-85b6-700f-b203-239a1858e7e2 loc=task_instances.py:254 rows_affected=1 ti_id=01a0fa4f-e36f-7455-a986-5fa73fb4a203
2026-10-02T01:54:01.906460Z [info     ] Updating RenderedTaskInstanceFields [airflow.api_fastapi.execution_api.routes.task_instances] correlation_id=01a0fa51-8622-71b1-ad37-ae660d21a355 field_count=3 loc=task_instances.py:1017 ti_id=01a0fa4f-e36f-7455-a986-5fa73fb4a203
Task instance is in running state
 Previous state of the Task instance: TaskInstanceState.QUEUED
Current task name:build
Dag name:trade_backfill_pipeline
2026-10-02T01:54:01.934989Z [info     ] ::endgroup::                   [task] loc=task_runner.py:2232
{"step": "build", "kind": null, "period": "202605", "run_id": "backfill-202605-91ecf35cb23f39e2"}
01:54:08  Running with dbt=1.12.5
01:54:11  Registered adapter: bigquery=1.12.1
01:54:12  Unable to do partial parsing because config vars, config profile, or config target have changed
01:54:20  Found 10 models, 71 data tests, 2 seeds, 3 sources, 563 macros, 5 unit tests
01:54:20
01:54:20  Concurrency: 4 threads (target='day11')
01:54:20
01:54:22  2 of 88 START sql view model trade_analytics_day10_dev.stg_un_comtrade__partner_trades  [RUN]
01:54:22  1 of 88 START sql table model trade_analytics_day10_dev.dim_months ............. [RUN]
01:54:22  3 of 88 START sql view model trade_analytics_day10_dev.stg_un_comtrade__world_totals  [RUN]
01:54:22  4 of 88 START seed file trade_analytics_day10_dev.country_reference ............ [RUN]
01:54:25  2 of 88 OK created sql view model trade_analytics_day10_dev.stg_un_comtrade__partner_trades  [CREATE VIEW (0 processed) in 2.11s]
01:54:25  3 of 88 OK created sql view model trade_analytics_day10_dev.stg_un_comtrade__world_totals  [CREATE VIEW (0 processed) in 2.09s]
01:54:25  5 of 88 START seed file trade_analytics_day10_dev.hs_code_reference ............ [RUN]
01:54:25  6 of 88 START test assert_partner_grain_unique ................................. [RUN]
01:54:25  1 of 88 OK created sql table model trade_analytics_day10_dev.dim_months ........ [CREATE TABLE (41.0 rows, 0 processed) in 2.86s]
01:54:25  7 of 88 START test assert_january_2023_exists .................................. [RUN]
01:54:27  6 of 88 PASS assert_partner_grain_unique ....................................... [PASS in 1.94s]
01:54:27  8 of 88 START test assert_staging_contract ..................................... [RUN]
01:54:27  4 of 88 OK loaded seed file trade_analytics_day10_dev.country_reference ........ [INSERT 163 in 4.58s]
01:54:27  9 of 88 START test assert_staging_matches_raw .................................. [RUN]
01:54:27  7 of 88 PASS assert_january_2023_exists ........................................ [PASS in 1.95s]
01:54:27  10 of 88 START test assert_world_grain_unique .................................. [RUN]
01:54:28  8 of 88 PASS assert_staging_contract ........................................... [PASS in 1.74s]
01:54:29  11 of 88 START test assert_month_spine_complete ................................ [RUN]
01:54:29  5 of 88 OK loaded seed file trade_analytics_day10_dev.hs_code_reference ........ [INSERT 1 in 3.96s]
01:54:29  12 of 88 START test not_null_dim_months_month_start_date ....................... [RUN]
01:54:29  9 of 88 PASS assert_staging_matches_raw ........................................ [PASS in 1.65s]
01:54:29  13 of 88 START test not_null_dim_months_period ................................. [RUN]
01:54:29  10 of 88 PASS assert_world_grain_unique ........................................ [PASS in 1.52s]
01:54:29  14 of 88 START test unique_dim_months_month_start_date ......................... [RUN]
01:54:30  11 of 88 PASS assert_month_spine_complete ...................................... [PASS in 1.26s]
01:54:30  15 of 88 START test unique_dim_months_period ................................... [RUN]
01:54:30  12 of 88 PASS not_null_dim_months_month_start_date ............................. [PASS in 1.37s]
01:54:30  16 of 88 START test accepted_values_country_reference_classification_status__verified__needs_review  [RUN]
01:54:30  13 of 88 PASS not_null_dim_months_period ....................................... [PASS in 1.34s]
01:54:30  17 of 88 START test accepted_values_country_reference_partner_type__country__world__aggregate__special__unknown  [RUN]
01:54:30  14 of 88 PASS unique_dim_months_month_start_date ............................... [PASS in 1.37s]
01:54:30  18 of 88 START test accepted_values_country_reference_reconciliation_role__detail__overlap__world__unresolved  [RUN]
01:54:31  15 of 88 PASS unique_dim_months_period ......................................... [PASS in 1.24s]
01:54:31  19 of 88 START test not_null_country_reference_classification_note ............. [RUN]
01:54:32  16 of 88 PASS accepted_values_country_reference_classification_status__verified__needs_review  [PASS in 1.37s]
01:54:32  20 of 88 START test not_null_country_reference_classification_status ........... [RUN]
01:54:32  17 of 88 PASS accepted_values_country_reference_partner_type__country__world__aggregate__special__unknown  [PASS in 1.38s]
01:54:32  21 of 88 START test not_null_country_reference_partner_code .................... [RUN]
01:54:32  18 of 88 PASS accepted_values_country_reference_reconciliation_role__detail__overlap__world__unresolved  [PASS in 1.37s]
01:54:32  22 of 88 START test not_null_country_reference_partner_type .................... [RUN]
01:54:33  19 of 88 PASS not_null_country_reference_classification_note ................... [PASS in 1.37s]
01:54:33  23 of 88 START test not_null_country_reference_reconciliation_role ............. [RUN]
01:54:33  20 of 88 PASS not_null_country_reference_classification_status ................. [PASS in 1.16s]
01:54:33  24 of 88 START test not_null_country_reference_retrieved_at .................... [RUN]
01:54:33  21 of 88 PASS not_null_country_reference_partner_code .......................... [PASS in 1.12s]
01:54:33  25 of 88 START test not_null_country_reference_source_name ..................... [RUN]
01:54:33  22 of 88 PASS not_null_country_reference_partner_type .......................... [PASS in 1.41s]
01:54:33  26 of 88 START test not_null_country_reference_source_url ...................... [RUN]
01:54:34  23 of 88 PASS not_null_country_reference_reconciliation_role ................... [PASS in 1.04s]
01:54:34  27 of 88 START test unique_country_reference_partner_code ...................... [RUN]
01:54:34  24 of 88 PASS not_null_country_reference_retrieved_at .......................... [PASS in 1.18s]
01:54:34  28 of 88 START test compound_unique_hs_code_reference_hs_version__cmd_code ..... [RUN]
01:54:34  25 of 88 PASS not_null_country_reference_source_name ........................... [PASS in 1.16s]
01:54:34  29 of 88 START test not_null_hs_code_reference_cmd_code ........................ [RUN]
01:54:35  26 of 88 PASS not_null_country_reference_source_url ............................ [PASS in 1.42s]
01:54:35  30 of 88 START test not_null_hs_code_reference_code_level ...................... [RUN]
01:54:35  27 of 88 PASS unique_country_reference_partner_code ............................ [PASS in 1.12s]
01:54:35  31 of 88 START test not_null_hs_code_reference_hs_description .................. [RUN]
01:54:35  28 of 88 PASS compound_unique_hs_code_reference_hs_version__cmd_code ........... [PASS in 1.40s]
01:54:35  32 of 88 START test not_null_hs_code_reference_hs_version ...................... [RUN]
01:54:35  29 of 88 PASS not_null_hs_code_reference_cmd_code .............................. [PASS in 1.18s]
01:54:35  33 of 88 START test not_null_hs_code_reference_parent_code ..................... [RUN]
01:54:36  30 of 88 PASS not_null_hs_code_reference_code_level ............................ [PASS in 0.90s]
01:54:36  34 of 88 START test not_null_hs_code_reference_retrieved_at .................... [RUN]
01:54:36  31 of 88 PASS not_null_hs_code_reference_hs_description ........................ [PASS in 0.95s]
01:54:36  35 of 88 START test not_null_hs_code_reference_source_url ...................... [RUN]
01:54:36  33 of 88 PASS not_null_hs_code_reference_parent_code ........................... [PASS in 0.79s]
01:54:36  32 of 88 PASS not_null_hs_code_reference_hs_version ............................ [PASS in 0.86s]
01:54:36  36 of 88 START sql table model trade_analytics_day10_dev.dim_countries ......... [RUN]
01:54:37  34 of 88 PASS not_null_hs_code_reference_retrieved_at .......................... [PASS in 0.86s]
01:54:37  35 of 88 PASS not_null_hs_code_reference_source_url ............................ [PASS in 0.90s]
01:54:37  37 of 88 START sql table model trade_analytics_day10_dev.dim_hs_codes .......... [RUN]
01:54:38  36 of 88 OK created sql table model trade_analytics_day10_dev.dim_countries .... [CREATE TABLE (163.0 rows, 86.5 KiB processed) in 1.83s]
01:54:38  38 of 88 START test accepted_values_dim_countries_classification_status__verified__needs_review  [RUN]
01:54:38  39 of 88 START test accepted_values_dim_countries_partner_type__country__world__aggregate__special__unknown  [RUN]
01:54:38  40 of 88 START test accepted_values_dim_countries_reconciliation_role__detail__overlap__world__unresolved  [RUN]
01:54:38  37 of 88 OK created sql table model trade_analytics_day10_dev.dim_hs_codes ..... [CREATE TABLE (1.0 rows, 154.0 Bytes processed) in 1.66s]
01:54:38  41 of 88 START test assert_special_partner_contract ............................ [RUN]
01:54:39  38 of 88 PASS accepted_values_dim_countries_classification_status__verified__needs_review  [PASS in 0.91s]
01:54:39  42 of 88 START test not_null_dim_countries_classification_status ............... [RUN]
01:54:39  39 of 88 PASS accepted_values_dim_countries_partner_type__country__world__aggregate__special__unknown  [PASS in 1.01s]
01:54:39  43 of 88 START test not_null_dim_countries_partner_code ........................ [RUN]
01:54:39  40 of 88 PASS accepted_values_dim_countries_reconciliation_role__detail__overlap__world__unresolved  [PASS in 1.06s]
01:54:39  44 of 88 START test not_null_dim_countries_partner_type ........................ [RUN]
01:54:39  41 of 88 PASS assert_special_partner_contract .................................. [PASS in 0.94s]
01:54:39  45 of 88 START test not_null_dim_countries_reconciliation_role ................. [RUN]
01:54:40  42 of 88 PASS not_null_dim_countries_classification_status ..................... [PASS in 0.98s]
01:54:40  46 of 88 START test unique_dim_countries_partner_code .......................... [RUN]
01:54:40  45 of 88 PASS not_null_dim_countries_reconciliation_role ....................... [PASS in 0.79s]
01:54:40  43 of 88 PASS not_null_dim_countries_partner_code .............................. [PASS in 0.98s]
01:54:40  47 of 88 START test assert_hs_reference_contract ............................... [RUN]
01:54:40  48 of 88 START test compound_unique_dim_hs_codes_hs_version__cmd_code .......... [RUN]
01:54:40  44 of 88 PASS not_null_dim_countries_partner_type .............................. [PASS in 0.93s]
01:54:40  49 of 88 START test not_null_dim_hs_codes_cmd_code ............................. [RUN]
01:54:41  46 of 88 PASS unique_dim_countries_partner_code ................................ [PASS in 0.84s]
01:54:41  50 of 88 START test not_null_dim_hs_codes_code_level ........................... [RUN]
01:54:41  49 of 88 PASS not_null_dim_hs_codes_cmd_code ................................... [PASS in 0.78s]
01:54:41  51 of 88 START test not_null_dim_hs_codes_hs_version ........................... [RUN]
01:54:41  47 of 88 PASS assert_hs_reference_contract ..................................... [PASS in 0.91s]
01:54:41  52 of 88 START sql table model trade_analytics_day10_dev.audit_partner_mapping_issues  [RUN]
01:54:41  48 of 88 PASS compound_unique_dim_hs_codes_hs_version__cmd_code ................ [PASS in 0.94s]
01:54:42  50 of 88 PASS not_null_dim_hs_codes_code_level ................................. [PASS in 0.78s]
01:54:42  51 of 88 PASS not_null_dim_hs_codes_hs_version ................................. [PASS in 0.80s]
01:54:42  53 of 88 START sql table model trade_analytics_day10_dev.fct_monthly_semiconductor_imports  [RUN]
01:54:43  52 of 88 OK created sql table model trade_analytics_day10_dev.audit_partner_mapping_issues  [CREATE TABLE (41.0 rows, 643.9 KiB processed) in 2.11s]
01:54:43  54 of 88 START test assert_missing_country_audited ............................. [RUN]
01:54:43  55 of 88 START test not_null_audit_partner_mapping_issues_issue_type ........... [RUN]
01:54:43  56 of 88 START test not_null_audit_partner_mapping_issues_observed_at .......... [RUN]
01:54:44  53 of 88 OK created sql table model trade_analytics_day10_dev.fct_monthly_semiconductor_imports  [CREATE TABLE (2.7k rows, 961.4 KiB processed) in 2.17s]
01:54:44  57 of 88 START test not_null_audit_partner_mapping_issues_partner_code ......... [RUN]
01:54:44  55 of 88 PASS not_null_audit_partner_mapping_issues_issue_type ................. [PASS in 1.15s]
01:54:44  58 of 88 START test accepted_values_fct_monthly_semiconductor_imports_classification_status__verified__needs_review  [RUN]
01:54:44  56 of 88 PASS not_null_audit_partner_mapping_issues_observed_at ................ [PASS in 1.20s]
01:54:44  59 of 88 START test accepted_values_fct_monthly_semiconductor_imports_partner_type__country__world__aggregate__special__unknown  [RUN]
01:54:45  57 of 88 PASS not_null_audit_partner_mapping_issues_partner_code ............... [PASS in 0.90s]
01:54:45  60 of 88 START test accepted_values_fct_monthly_semiconductor_imports_reconciliation_role__detail__overlap__world__unresolved  [RUN]
01:54:45  54 of 88 PASS assert_missing_country_audited ................................... [PASS in 1.73s]
01:54:45  61 of 88 START test assert_fact_contract ....................................... [RUN]
01:54:45  58 of 88 PASS accepted_values_fct_monthly_semiconductor_imports_classification_status__verified__needs_review  [PASS in 0.95s]
01:54:45  59 of 88 PASS accepted_values_fct_monthly_semiconductor_imports_partner_type__country__world__aggregate__special__unknown  [PASS in 0.91s]
01:54:45  62 of 88 START test assert_fact_preserves_staging .............................. [RUN]
01:54:45  63 of 88 START test compound_unique_fct_monthly_semiconductor_imports_period_start_date__partner_code__cmd_code__hs_version  [RUN]
01:54:46  61 of 88 PASS assert_fact_contract ............................................. [PASS in 0.86s]
01:54:46  64 of 88 START test not_null_fct_monthly_semiconductor_imports_cmd_code ........ [RUN]
01:54:46  60 of 88 PASS accepted_values_fct_monthly_semiconductor_imports_reconciliation_role__detail__overlap__world__unresolved  [PASS in 0.96s]
01:54:46  65 of 88 START test not_null_fct_monthly_semiconductor_imports_country_mapping_found  [RUN]
01:54:46  63 of 88 PASS compound_unique_fct_monthly_semiconductor_imports_period_start_date__partner_code__cmd_code__hs_version  [PASS in 1.04s]
01:54:46  66 of 88 START test not_null_fct_monthly_semiconductor_imports_hs_mapping_found  [RUN]
01:54:47  64 of 88 PASS not_null_fct_monthly_semiconductor_imports_cmd_code .............. [PASS in 0.88s]
01:54:47  65 of 88 PASS not_null_fct_monthly_semiconductor_imports_country_mapping_found . [PASS in 0.82s]
01:54:47  67 of 88 START test not_null_fct_monthly_semiconductor_imports_hs_version ...... [RUN]
01:54:47  68 of 88 START test not_null_fct_monthly_semiconductor_imports_month_mapping_found  [RUN]
01:54:47  62 of 88 PASS assert_fact_preserves_staging .................................... [PASS in 1.58s]
01:54:47  69 of 88 START test not_null_fct_monthly_semiconductor_imports_partner_code .... [RUN]
01:54:48  66 of 88 PASS not_null_fct_monthly_semiconductor_imports_hs_mapping_found ...... [PASS in 1.01s]
01:54:48  70 of 88 START test not_null_fct_monthly_semiconductor_imports_period_start_date  [RUN]
01:54:48  67 of 88 PASS not_null_fct_monthly_semiconductor_imports_hs_version ............ [PASS in 0.90s]
01:54:48  68 of 88 PASS not_null_fct_monthly_semiconductor_imports_month_mapping_found ... [PASS in 0.93s]
01:54:48  69 of 88 PASS not_null_fct_monthly_semiconductor_imports_partner_code .......... [PASS in 0.84s]
01:54:48  70 of 88 PASS not_null_fct_monthly_semiconductor_imports_period_start_date ..... [PASS in 0.86s]
01:54:48  71 of 88 START unit_test int_partner_market_share::day09_calendar_growth_and_weights  [RUN]
01:54:52  71 of 88 PASS int_partner_market_share::day09_calendar_growth_and_weights ...... [PASS in 3.86s]
01:54:52  72 of 88 START unit_test int_partner_market_share::day09_partner_and_version_isolation  [RUN]
01:54:55  72 of 88 PASS int_partner_market_share::day09_partner_and_version_isolation .... [PASS in 2.78s]
01:54:55  73 of 88 START unit_test int_partner_market_share::day09_invalid_denominators_and_zero_current  [RUN]
01:54:58  73 of 88 PASS int_partner_market_share::day09_invalid_denominators_and_zero_current  [PASS in 3.10s]
01:54:58  74 of 88 START sql view model trade_analytics_day10_dev.int_partner_market_share  [RUN]
01:54:59  74 of 88 OK created sql view model trade_analytics_day10_dev.int_partner_market_share  [CREATE VIEW (0 processed) in 1.11s]
01:54:59  75 of 88 START test accepted_values_int_partner_market_share_market_share_status__ok__missing_world__invalid_world__missing_value  [RUN]
01:54:59  76 of 88 START test compound_unique_int_partner_market_share_period_start_date__partner_code__cmd_code__hs_version  [RUN]
01:54:59  77 of 88 START test not_null_int_partner_market_share_market_share_status ...... [RUN]
01:55:01  77 of 88 PASS not_null_int_partner_market_share_market_share_status ............ [PASS in 1.46s]
01:55:01  76 of 88 PASS compound_unique_int_partner_market_share_period_start_date__partner_code__cmd_code__hs_version  [PASS in 1.61s]
01:55:01  75 of 88 PASS accepted_values_int_partner_market_share_market_share_status__ok__missing_world__invalid_world__missing_value  [PASS in 1.70s]
01:55:01  78 of 88 START unit_test int_market_concentration_hhi::day09_hhi_unreviewed_country  [RUN]
01:55:04  78 of 88 PASS int_market_concentration_hhi::day09_hhi_unreviewed_country ....... [PASS in 2.94s]
01:55:04  79 of 88 START unit_test int_market_concentration_hhi::day09_hhi_hand_calculations_and_coverage  [RUN]
01:55:08  79 of 88 PASS int_market_concentration_hhi::day09_hhi_hand_calculations_and_coverage  [PASS in 3.95s]
01:55:08  80 of 88 START sql view model trade_analytics_day10_dev.int_market_concentration_hhi  [RUN]
01:55:09  80 of 88 OK created sql view model trade_analytics_day10_dev.int_market_concentration_hhi  [CREATE VIEW (0 processed) in 1.21s]
01:55:09  81 of 88 START test accepted_values_int_market_concentration_hhi_hhi_status__ok__missing_world__invalid_world__no_countries__missing_country_value__negative_country_value__unreviewed_country__insufficient_coverage  [RUN]
01:55:09  82 of 88 START test compound_unique_int_market_concentration_hhi_period_start_date__cmd_code__hs_version  [RUN]
01:55:09  83 of 88 START test not_null_int_market_concentration_hhi_hhi_status ........... [RUN]
01:55:11  82 of 88 PASS compound_unique_int_market_concentration_hhi_period_start_date__cmd_code__hs_version  [PASS in 1.81s]
01:55:11  81 of 88 PASS accepted_values_int_market_concentration_hhi_hhi_status__ok__missing_world__invalid_world__no_countries__missing_country_value__negative_country_value__unreviewed_country__insufficient_coverage  [PASS in 1.85s]
01:55:11  83 of 88 PASS not_null_int_market_concentration_hhi_hhi_status ................. [PASS in 1.85s]
01:55:11  84 of 88 START sql table model trade_analytics_day10_dev.mart_us_semiconductor_supply_chain_candidate  [RUN]
01:55:14  84 of 88 OK created sql table model trade_analytics_day10_dev.mart_us_semiconductor_supply_chain_candidate  [CREATE TABLE (2.7k rows, 1.1 MiB processed) in 2.37s]
01:55:14  85 of 88 START test assert_day09_candidate_preserves_fact ...................... [RUN]
01:55:14  86 of 88 START test assert_day09_metric_contract ............................... [RUN]
01:55:14  87 of 88 START test compound_unique_mart_us_semiconductor_supply_chain_candidate_period_start_date__partner_code__cmd_code__hs_version  [RUN]
01:55:14  88 of 88 START test not_null_mart_us_semiconductor_supply_chain_candidate_hhi_status  [RUN]
01:55:15  87 of 88 PASS compound_unique_mart_us_semiconductor_supply_chain_candidate_period_start_date__partner_code__cmd_code__hs_version  [PASS in 0.90s]
01:55:15  88 of 88 PASS not_null_mart_us_semiconductor_supply_chain_candidate_hhi_status . [PASS in 0.91s]
01:55:15  85 of 88 PASS assert_day09_candidate_preserves_fact ............................ [PASS in 0.93s]
01:55:16  86 of 88 PASS assert_day09_metric_contract ..................................... [PASS in 2.20s]
01:55:16
01:55:16  Finished running 2 seeds, 6 table models, 71 data tests, 5 unit tests, 4 view models in 0 hours 0 minutes and 56.16 seconds (56.16s).
01:55:16
01:55:16  Completed successfully
01:55:16
01:55:16  Done. PASS=88 WARN=0 ERROR=0 SKIP=0 NO-OP=0 REUSED=0 TOTAL=88
{"period": "202605", "status": "success", "step": "build", "vars": {"month_spine_end_date": "2026-05-01", "month_spine_start_date": "2023-01-01", "raw_end_date": "2026-06-01", "raw_start_date": "2023-01-01"}}

2026-10-02T01:55:20.003252Z [info     ] Done. Returned value was: {'period': '202605', 'status': 'success', 'step': 'build', 'vars': {'month_spine_end_date': '2026-05-01', 'month_spine_start_date': '2023-01-01', 'raw_end_date': '2026-06-01', 'raw_start_date': '2023-01-01'}} [airflow.task.operators.airflow.providers.standard.decorators.python._PythonDecoratedOperator] loc=python.py:233
2026-10-02T01:55:20.006296Z [info     ] ::group::Post Execute          [task] loc=task_runner.py:1580
2026-10-02T01:55:20.009650Z [info     ] Pushing xcom                   [task] loc=task_runner.py:2280 ti=RuntimeTaskInstance(id=UUID('01a0fa4f-e36f-7455-a986-5fa73fb4a203'), task_id='build', dag_id='trade_backfill_pipeline', run_id='manual__2026-10-02T01:52:13.543138+00:00', try_number=1, dag_version_id=UUID('01a0f340-b3af-72cd-8aa4-d8e453a1915b'), map_index=-1, hostname='afe341678f81', context_carrier=None, queue='default', task=<Task(_PythonDecoratedOperator): build>, max_tries=0, start_date=datetime.datetime(2026, 10, 2, 1, 54, 1, 780442, tzinfo=datetime.timezone.utc), end_date=None, state=<TaskInstanceState.RUNNING: 'running'>, is_mapped=False, rendered_map_index=None, sentry_integration='')
2026-10-02T01:55:20.284255Z [info     ] Task instance state updated    [airflow.api_fastapi.execution_api.routes.task_instances] correlation_id=01a0fa52-b833-7905-b809-5281eb35354c loc=task_instances.py:485 new_state=success rows_affected=1 ti_id=01a0fa4f-e36f-7455-a986-5fa73fb4a203
Task instance in success state
 Previous state of the Task instance: TaskInstanceState.RUNNING
Task operator:<Task(_PythonDecoratedOperator): build>
2026-10-02T01:55:20.300853Z [info     ] ::endgroup::                   [task] loc=task_runner.py:2379
2026-10-02T01:55:20.330562Z [info     ] [DAG TEST] end task task_id=build map_index=-1 [airflow.sdk.definitions.dag] loc=dag.py:1563
2026-10-02T01:55:20.395659Z [info     ] [DAG TEST] starting task_id=audit map_index=-1 [airflow.sdk.definitions.dag] loc=dag.py:1501
2026-10-02T01:55:20.396124Z [info     ] [DAG TEST] running task <TaskInstance: trade_backfill_pipeline.audit manual__2026-10-02T01:52:13.543138+00:00 [TaskInstanceState.SCHEDULED] ti_id=01a0fa4f-e370-7069-af52-170466d37aad> [airflow.sdk.definitions.dag] loc=dag.py:1504
2026-10-02T01:55:20.430824Z [info     ] Task started                   [airflow.api_fastapi.execution_api.routes.task_instances] correlation_id=01a0fa52-b8d3-75a4-bf43-f34c2260b810 hostname=afe341678f81 loc=task_instances.py:226 previous_state=queued ti_id=01a0fa4f-e370-7069-af52-170466d37aad
2026-10-02T01:55:20.435959Z [info     ] Task instance state updated    [airflow.api_fastapi.execution_api.routes.task_instances] correlation_id=01a0fa52-b8d3-75a4-bf43-f34c2260b810 loc=task_instances.py:254 rows_affected=1 ti_id=01a0fa4f-e370-7069-af52-170466d37aad
2026-10-02T01:55:20.524252Z [info     ] Updating RenderedTaskInstanceFields [airflow.api_fastapi.execution_api.routes.task_instances] correlation_id=01a0fa52-b93c-7d76-86a6-6d632cac8ca0 field_count=3 loc=task_instances.py:1017 ti_id=01a0fa4f-e370-7069-af52-170466d37aad
Task instance is in running state
 Previous state of the Task instance: TaskInstanceState.QUEUED
Current task name:audit
Dag name:trade_backfill_pipeline
2026-10-02T01:55:20.558730Z [info     ] ::endgroup::                   [task] loc=task_runner.py:2232
{"step": "audit", "kind": null, "period": "202605", "run_id": "backfill-202605-91ecf35cb23f39e2"}
{"jobs": [{"job_id": "3dd3213a-7d64-45ef-b76d-e640b17d6dbf", "result": "success"}, {"job_id": "14dd381f-10b9-4775-a3de-694367fbb77c", "result": "success"}, {"job_id": "1a298b8f-047f-400c-9b19-13d3973c2764", "result": "success"}], "period": "202605", "reason_codes": [], "run_id": "backfill-202605-91ecf35cb23f39e2", "status": "PASS", "step": "audit"}

2026-10-02T01:55:31.519904Z [info     ] Done. Returned value was: {'jobs': [{'job_id': '3dd3213a-7d64-45ef-b76d-e640b17d6dbf', 'result': 'success'}, {'job_id': '14dd381f-10b9-4775-a3de-694367fbb77c', 'result': 'success'}, {'job_id': '1a298b8f-047f-400c-9b19-13d3973c2764', 'result': 'success'}], 'period': '202605', 'reason_codes': [], 'run_id': 'backfill-202605-91ecf35cb23f39e2', 'status': 'PASS', 'step': 'audit'} [airflow.task.operators.airflow.providers.standard.decorators.python._PythonDecoratedOperator] loc=python.py:233
2026-10-02T01:55:31.523385Z [info     ] ::group::Post Execute          [task] loc=task_runner.py:1580
2026-10-02T01:55:31.526397Z [info     ] Pushing xcom                   [task] loc=task_runner.py:2280 ti=RuntimeTaskInstance(id=UUID('01a0fa4f-e370-7069-af52-170466d37aad'), task_id='audit', dag_id='trade_backfill_pipeline', run_id='manual__2026-10-02T01:52:13.543138+00:00', try_number=1, dag_version_id=UUID('01a0f340-b3af-72cd-8aa4-d8e453a1915b'), map_index=-1, hostname='afe341678f81', context_carrier=None, queue='default', task=<Task(_PythonDecoratedOperator): audit>, max_tries=0, start_date=datetime.datetime(2026, 10, 2, 1, 55, 20, 402885, tzinfo=datetime.timezone.utc), end_date=None, state=<TaskInstanceState.RUNNING: 'running'>, is_mapped=False, rendered_map_index=None, sentry_integration='')
2026-10-02T01:55:31.851586Z [info     ] Task instance state updated    [airflow.api_fastapi.execution_api.routes.task_instances] correlation_id=01a0fa52-e563-7879-a507-c01316716304 loc=task_instances.py:485 new_state=success rows_affected=1 ti_id=01a0fa4f-e370-7069-af52-170466d37aad
Task instance in success state
 Previous state of the Task instance: TaskInstanceState.RUNNING
Task operator:<Task(_PythonDecoratedOperator): audit>
2026-10-02T01:55:31.868059Z [info     ] ::endgroup::                   [task] loc=task_runner.py:2379
2026-10-02T01:55:31.892596Z [info     ] [DAG TEST] end task task_id=audit map_index=-1 [airflow.sdk.definitions.dag] loc=dag.py:1563
2026-10-02T01:55:31.951884Z [info     ] [DAG TEST] starting task_id=gate map_index=-1 [airflow.sdk.definitions.dag] loc=dag.py:1501
2026-10-02T01:55:31.952251Z [info     ] [DAG TEST] running task <TaskInstance: trade_backfill_pipeline.gate manual__2026-10-02T01:52:13.543138+00:00 [TaskInstanceState.SCHEDULED] ti_id=01a0fa4f-e371-7038-9def-8bd07cb407ac> [airflow.sdk.definitions.dag] loc=dag.py:1504
2026-10-02T01:55:31.986888Z [info     ] Task started                   [airflow.api_fastapi.execution_api.routes.task_instances] correlation_id=01a0fa52-e5fa-75b1-aa1d-b04a3f5ab5cf hostname=afe341678f81 loc=task_instances.py:226 previous_state=queued ti_id=01a0fa4f-e371-7038-9def-8bd07cb407ac
2026-10-02T01:55:31.992725Z [info     ] Task instance state updated    [airflow.api_fastapi.execution_api.routes.task_instances] correlation_id=01a0fa52-e5fa-75b1-aa1d-b04a3f5ab5cf loc=task_instances.py:254 rows_affected=1 ti_id=01a0fa4f-e371-7038-9def-8bd07cb407ac
2026-10-02T01:55:32.069776Z [info     ] Updating RenderedTaskInstanceFields [airflow.api_fastapi.execution_api.routes.task_instances] correlation_id=01a0fa52-e65b-75d8-8e54-148af61a269a field_count=3 loc=task_instances.py:1017 ti_id=01a0fa4f-e371-7038-9def-8bd07cb407ac
Task instance is in running state
 Previous state of the Task instance: TaskInstanceState.QUEUED
Current task name:gate
Dag name:trade_backfill_pipeline
2026-10-02T01:55:32.103518Z [info     ] ::endgroup::                   [task] loc=task_runner.py:2232
{"step": "gate", "kind": null, "period": "202605", "run_id": "backfill-202605-91ecf35cb23f39e2"}
{"jobs": [{"job_id": "d824a0d6-998b-47c3-b5cf-92e0502da2ca", "result": "success"}], "period": "202605", "run_id": "backfill-202605-91ecf35cb23f39e2", "status": "PASS", "step": "gate"}

2026-10-02T01:55:36.052313Z [info     ] Done. Returned value was: {'jobs': [{'job_id': 'd824a0d6-998b-47c3-b5cf-92e0502da2ca', 'result': 'success'}], 'period': '202605', 'run_id': 'backfill-202605-91ecf35cb23f39e2', 'status': 'PASS', 'step': 'gate'} [airflow.task.operators.airflow.providers.standard.decorators.python._PythonDecoratedOperator] loc=python.py:233
2026-10-02T01:55:36.053870Z [info     ] ::group::Post Execute          [task] loc=task_runner.py:1580
2026-10-02T01:55:36.055945Z [info     ] Pushing xcom                   [task] loc=task_runner.py:2280 ti=RuntimeTaskInstance(id=UUID('01a0fa4f-e371-7038-9def-8bd07cb407ac'), task_id='gate', dag_id='trade_backfill_pipeline', run_id='manual__2026-10-02T01:52:13.543138+00:00', try_number=1, dag_version_id=UUID('01a0f340-b3af-72cd-8aa4-d8e453a1915b'), map_index=-1, hostname='afe341678f81', context_carrier=None, queue='default', task=<Task(_PythonDecoratedOperator): gate>, max_tries=0, start_date=datetime.datetime(2026, 10, 2, 1, 55, 31, 961136, tzinfo=datetime.timezone.utc), end_date=None, state=<TaskInstanceState.RUNNING: 'running'>, is_mapped=False, rendered_map_index=None, sentry_integration='')
2026-10-02T01:55:36.355061Z [info     ] Task instance state updated    [airflow.api_fastapi.execution_api.routes.task_instances] correlation_id=01a0fa52-f6fd-7956-848e-1b42976d0ec7 loc=task_instances.py:485 new_state=success rows_affected=1 ti_id=01a0fa4f-e371-7038-9def-8bd07cb407ac
Task instance in success state
 Previous state of the Task instance: TaskInstanceState.RUNNING
Task operator:<Task(_PythonDecoratedOperator): gate>
2026-10-02T01:55:36.369386Z [info     ] ::endgroup::                   [task] loc=task_runner.py:2379
2026-10-02T01:55:36.393719Z [info     ] [DAG TEST] end task task_id=gate map_index=-1 [airflow.sdk.definitions.dag] loc=dag.py:1563
2026-10-02T01:55:36.453382Z [info     ] [DAG TEST] starting task_id=publish map_index=-1 [airflow.sdk.definitions.dag] loc=dag.py:1501
2026-10-02T01:55:36.453949Z [info     ] [DAG TEST] running task <TaskInstance: trade_backfill_pipeline.publish manual__2026-10-02T01:52:13.543138+00:00 [TaskInstanceState.SCHEDULED] ti_id=01a0fa4f-e372-7c69-bc0b-43d7dccb299d> [airflow.sdk.definitions.dag] loc=dag.py:1504
2026-10-02T01:55:36.511651Z [info     ] Task started                   [airflow.api_fastapi.execution_api.routes.task_instances] correlation_id=01a0fa52-f791-7837-bc17-3bf93d5c5944 hostname=afe341678f81 loc=task_instances.py:226 previous_state=queued ti_id=01a0fa4f-e372-7c69-bc0b-43d7dccb299d
2026-10-02T01:55:36.518162Z [info     ] Task instance state updated    [airflow.api_fastapi.execution_api.routes.task_instances] correlation_id=01a0fa52-f791-7837-bc17-3bf93d5c5944 loc=task_instances.py:254 rows_affected=1 ti_id=01a0fa4f-e372-7c69-bc0b-43d7dccb299d
2026-10-02T01:55:36.610356Z [info     ] Updating RenderedTaskInstanceFields [airflow.api_fastapi.execution_api.routes.task_instances] correlation_id=01a0fa52-f80f-7052-9b1e-ae0cd3e2563c field_count=3 loc=task_instances.py:1017 ti_id=01a0fa4f-e372-7c69-bc0b-43d7dccb299d
Task instance is in running state
 Previous state of the Task instance: TaskInstanceState.QUEUED
Current task name:publish
Dag name:trade_backfill_pipeline
2026-10-02T01:55:36.638873Z [info     ] ::endgroup::                   [task] loc=task_runner.py:2232
{"step": "publish", "kind": null, "period": "202605", "run_id": "backfill-202605-91ecf35cb23f39e2"}
{"jobs": [{"job_id": "f34fa0ed-6fa5-491b-8ab2-e9582d11210c", "result": "success"}, {"job_id": "c42c6d63-e3b1-46d3-b7bb-0586abc0b7a1", "result": "success"}, {"job_id": "9bd946fb-b4a6-45f6-8e2b-d8925edc060b", "result": "success"}], "period": "202605", "run_id": "backfill-202605-91ecf35cb23f39e2", "status": "published", "step": "publish"}

2026-10-02T01:55:50.006832Z [info     ] Done. Returned value was: {'jobs': [{'job_id': 'f34fa0ed-6fa5-491b-8ab2-e9582d11210c', 'result': 'success'}, {'job_id': 'c42c6d63-e3b1-46d3-b7bb-0586abc0b7a1', 'result': 'success'}, {'job_id': '9bd946fb-b4a6-45f6-8e2b-d8925edc060b', 'result': 'success'}], 'period': '202605', 'run_id': 'backfill-202605-91ecf35cb23f39e2', 'status': 'published', 'step': 'publish'} [airflow.task.operators.airflow.providers.standard.decorators.python._PythonDecoratedOperator] loc=python.py:233
2026-10-02T01:55:50.013452Z [info     ] ::group::Post Execute          [task] loc=task_runner.py:1580
2026-10-02T01:55:50.018091Z [info     ] Pushing xcom                   [task] loc=task_runner.py:2280 ti=RuntimeTaskInstance(id=UUID('01a0fa4f-e372-7c69-bc0b-43d7dccb299d'), task_id='publish', dag_id='trade_backfill_pipeline', run_id='manual__2026-10-02T01:52:13.543138+00:00', try_number=1, dag_version_id=UUID('01a0f340-b3af-72cd-8aa4-d8e453a1915b'), map_index=-1, hostname='afe341678f81', context_carrier=None, queue='default', task=<Task(_PythonDecoratedOperator): publish>, max_tries=0, start_date=datetime.datetime(2026, 10, 2, 1, 55, 36, 464269, tzinfo=datetime.timezone.utc), end_date=None, state=<TaskInstanceState.RUNNING: 'running'>, is_mapped=False, rendered_map_index=None, sentry_integration='')
2026-10-02T01:55:50.749299Z [info     ] Task instance state updated    [airflow.api_fastapi.execution_api.routes.task_instances] correlation_id=01a0fa53-2ecb-76e5-ab7c-53677fab1b4c loc=task_instances.py:485 new_state=success rows_affected=1 ti_id=01a0fa4f-e372-7c69-bc0b-43d7dccb299d
Task instance in success state
 Previous state of the Task instance: TaskInstanceState.RUNNING
Task operator:<Task(_PythonDecoratedOperator): publish>
2026-10-02T01:55:50.830410Z [info     ] ::endgroup::                   [task] loc=task_runner.py:2379
2026-10-02T01:55:50.899620Z [info     ] [DAG TEST] end task task_id=publish map_index=-1 [airflow.sdk.definitions.dag] loc=dag.py:1563
2026-10-02T01:55:51.006321Z [info     ] [DAG TEST] starting task_id=select_month_2 map_index=-1 [airflow.sdk.definitions.dag] loc=dag.py:1501
2026-10-02T01:55:51.006945Z [info     ] [DAG TEST] running task <TaskInstance: trade_backfill_pipeline.select_month_2 manual__2026-10-02T01:52:13.543138+00:00 [TaskInstanceState.SCHEDULED] ti_id=01a0fa4f-e373-7770-b422-05a47a26d94d> [airflow.sdk.definitions.dag] loc=dag.py:1504
2026-10-02T01:55:51.080470Z [info     ] Task started                   [airflow.api_fastapi.execution_api.routes.task_instances] correlation_id=01a0fa53-3075-7afc-a696-12fa41011a84 hostname=afe341678f81 loc=task_instances.py:226 previous_state=queued ti_id=01a0fa4f-e373-7770-b422-05a47a26d94d
2026-10-02T01:55:51.086512Z [info     ] Task instance state updated    [airflow.api_fastapi.execution_api.routes.task_instances] correlation_id=01a0fa53-3075-7afc-a696-12fa41011a84 loc=task_instances.py:254 rows_affected=1 ti_id=01a0fa4f-e373-7770-b422-05a47a26d94d
2026-10-02T01:55:51.319080Z [info     ] Updating RenderedTaskInstanceFields [airflow.api_fastapi.execution_api.routes.task_instances] correlation_id=01a0fa53-3176-7bd2-a209-3f1fbea5768f field_count=3 loc=task_instances.py:1017 ti_id=01a0fa4f-e373-7770-b422-05a47a26d94d
Task instance is in running state
 Previous state of the Task instance: TaskInstanceState.QUEUED
Current task name:select_month_2
Dag name:trade_backfill_pipeline
2026-10-02T01:55:51.417704Z [info     ] ::endgroup::                   [task] loc=task_runner.py:2232
2026-10-02T01:55:51.419441Z [info     ] Done. Returned value was: {'period': '202606', 'run_id': 'backfill-202606-91ecf35cb23f39e2', 'status': 'ready', 'sources': {'world_total': True, 'partner_detail': True}, 'revisions': {'world_total': 1, 'partner_detail': 1}} [airflow.task.operators.airflow.providers.standard.decorators.python._PythonDecoratedOperator] loc=python.py:233
2026-10-02T01:55:51.419930Z [info     ] ::group::Post Execute          [task] loc=task_runner.py:1580
2026-10-02T01:55:51.420947Z [info     ] Pushing xcom                   [task] loc=task_runner.py:2280 ti=RuntimeTaskInstance(id=UUID('01a0fa4f-e373-7770-b422-05a47a26d94d'), task_id='select_month_2', dag_id='trade_backfill_pipeline', run_id='manual__2026-10-02T01:52:13.543138+00:00', try_number=1, dag_version_id=UUID('01a0f340-b3af-72cd-8aa4-d8e453a1915b'), map_index=-1, hostname='afe341678f81', context_carrier=None, queue='default', task=<Task(_PythonDecoratedOperator): select_month_2>, max_tries=0, start_date=datetime.datetime(2026, 10, 2, 1, 55, 51, 27136, tzinfo=datetime.timezone.utc), end_date=None, state=<TaskInstanceState.RUNNING: 'running'>, is_mapped=False, rendered_map_index=None, sentry_integration='')
2026-10-02T01:55:52.101464Z [info     ] Task instance state updated    [airflow.api_fastapi.execution_api.routes.task_instances] correlation_id=01a0fa53-345c-783c-a532-77bc82c42074 loc=task_instances.py:485 new_state=success rows_affected=1 ti_id=01a0fa4f-e373-7770-b422-05a47a26d94d
Task instance in success state
 Previous state of the Task instance: TaskInstanceState.RUNNING
Task operator:<Task(_PythonDecoratedOperator): select_month_2>
2026-10-02T01:55:52.136109Z [info     ] ::endgroup::                   [task] loc=task_runner.py:2379
2026-10-02T01:55:52.168385Z [info     ] [DAG TEST] end task task_id=select_month_2 map_index=-1 [airflow.sdk.definitions.dag] loc=dag.py:1563
2026-10-02T01:55:52.283681Z [info     ] [DAG TEST] starting task_id=ingest_world_2 map_index=-1 [airflow.sdk.definitions.dag] loc=dag.py:1501
2026-10-02T01:55:52.286235Z [info     ] [DAG TEST] running task <TaskInstance: trade_backfill_pipeline.ingest_world_2 manual__2026-10-02T01:52:13.543138+00:00 [TaskInstanceState.SCHEDULED] ti_id=01a0fa4f-e375-7acd-ae70-ae1c9dd776ce> [airflow.sdk.definitions.dag] loc=dag.py:1504
2026-10-02T01:55:52.379452Z [info     ] Task started                   [airflow.api_fastapi.execution_api.routes.task_instances] correlation_id=01a0fa53-3578-7e1f-8236-23bc75671250 hostname=afe341678f81 loc=task_instances.py:226 previous_state=queued ti_id=01a0fa4f-e375-7acd-ae70-ae1c9dd776ce
2026-10-02T01:55:52.389216Z [info     ] Task instance state updated    [airflow.api_fastapi.execution_api.routes.task_instances] correlation_id=01a0fa53-3578-7e1f-8236-23bc75671250 loc=task_instances.py:254 rows_affected=1 ti_id=01a0fa4f-e375-7acd-ae70-ae1c9dd776ce
2026-10-02T01:55:52.562130Z [info     ] Updating RenderedTaskInstanceFields [airflow.api_fastapi.execution_api.routes.task_instances] correlation_id=01a0fa53-3657-7bcd-945f-a953774b79a9 field_count=3 loc=task_instances.py:1017 ti_id=01a0fa4f-e375-7acd-ae70-ae1c9dd776ce
Task instance is in running state
 Previous state of the Task instance: TaskInstanceState.QUEUED
Current task name:ingest_world_2
Dag name:trade_backfill_pipeline
2026-10-02T01:55:52.603674Z [info     ] ::endgroup::                   [task] loc=task_runner.py:2232
{"step": "ingest", "kind": "world_total", "period": "202606", "run_id": "backfill-202606-91ecf35cb23f39e2"}
{"checksum": "sha256:39155d72af4d41fb806484fc28b6318ee5766ea548d21ccf66e8772432d7c58f", "data_uri": "s3://trade-analytics-prod-816079797958-ap-northeast-1-an/un_comtrade/v2/hs_version=H6/cmd_code=8542/period=202606/query_type=world_total/revision=1/data.ndjson", "kind": "world_total", "manifest_uri": "s3://trade-analytics-prod-816079797958-ap-northeast-1-an/un_comtrade/v2/hs_version=H6/cmd_code=8542/period=202606/query_type=world_total/revision=1/manifest.json", "period": "202606", "revision": 1, "row_count": 1, "run_id": "backfill-202606-91ecf35cb23f39e2", "status": "success", "step": "ingest"}

2026-10-02T01:55:57.418920Z [info     ] Done. Returned value was: {'checksum': 'sha256:39155d72af4d41fb806484fc28b6318ee5766ea548d21ccf66e8772432d7c58f', 'data_uri': 's3://trade-analytics-prod-816079797958-ap-northeast-1-an/un_comtrade/v2/hs_version=H6/cmd_code=8542/period=202606/query_type=world_total/revision=1/data.ndjson', 'kind': 'world_total', 'manifest_uri': 's3://trade-analytics-prod-816079797958-ap-northeast-1-an/un_comtrade/v2/hs_version=H6/cmd_code=8542/period=202606/query_type=world_total/revision=1/manifest.json', 'period': '202606', 'revision': 1, 'row_count': 1, 'run_id': 'backfill-202606-91ecf35cb23f39e2', 'status': 'success', 'step': 'ingest'} [airflow.task.operators.airflow.providers.standard.decorators.python._PythonDecoratedOperator] loc=python.py:233
2026-10-02T01:55:57.423523Z [info     ] ::group::Post Execute          [task] loc=task_runner.py:1580
2026-10-02T01:55:57.427778Z [info     ] Pushing xcom                   [task] loc=task_runner.py:2280 ti=RuntimeTaskInstance(id=UUID('01a0fa4f-e375-7acd-ae70-ae1c9dd776ce'), task_id='ingest_world_2', dag_id='trade_backfill_pipeline', run_id='manual__2026-10-02T01:52:13.543138+00:00', try_number=1, dag_version_id=UUID('01a0f340-b3af-72cd-8aa4-d8e453a1915b'), map_index=-1, hostname='afe341678f81', context_carrier=None, queue='default', task=<Task(_PythonDecoratedOperator): ingest_world_2>, max_tries=3, start_date=datetime.datetime(2026, 10, 2, 1, 55, 52, 311254, tzinfo=datetime.timezone.utc), end_date=None, state=<TaskInstanceState.RUNNING: 'running'>, is_mapped=False, rendered_map_index=None, sentry_integration='')
2026-10-02T01:55:58.076558Z [info     ] Task instance state updated    [airflow.api_fastapi.execution_api.routes.task_instances] correlation_id=01a0fa53-4bbc-74ad-9b1c-0538feb96a6d loc=task_instances.py:485 new_state=success rows_affected=1 ti_id=01a0fa4f-e375-7acd-ae70-ae1c9dd776ce
Task instance in success state
 Previous state of the Task instance: TaskInstanceState.RUNNING
Task operator:<Task(_PythonDecoratedOperator): ingest_world_2>
2026-10-02T01:55:58.099667Z [info     ] ::endgroup::                   [task] loc=task_runner.py:2379
2026-10-02T01:55:58.133858Z [info     ] [DAG TEST] end task task_id=ingest_world_2 map_index=-1 [airflow.sdk.definitions.dag] loc=dag.py:1563
2026-10-02T01:55:58.134879Z [info     ] [DAG TEST] starting task_id=ingest_detail_2 map_index=-1 [airflow.sdk.definitions.dag] loc=dag.py:1501
2026-10-02T01:55:58.135147Z [info     ] [DAG TEST] running task <TaskInstance: trade_backfill_pipeline.ingest_detail_2 manual__2026-10-02T01:52:13.543138+00:00 [TaskInstanceState.SCHEDULED] ti_id=01a0fa4f-e374-72e8-b731-813a6faa74b2> [airflow.sdk.definitions.dag] loc=dag.py:1504
2026-10-02T01:55:58.208927Z [info     ] Task started                   [airflow.api_fastapi.execution_api.routes.task_instances] correlation_id=01a0fa53-4c53-73f7-98ce-a325de2d60c0 hostname=afe341678f81 loc=task_instances.py:226 previous_state=queued ti_id=01a0fa4f-e374-72e8-b731-813a6faa74b2
2026-10-02T01:55:58.214579Z [info     ] Task instance state updated    [airflow.api_fastapi.execution_api.routes.task_instances] correlation_id=01a0fa53-4c53-73f7-98ce-a325de2d60c0 loc=task_instances.py:254 rows_affected=1 ti_id=01a0fa4f-e374-72e8-b731-813a6faa74b2
2026-10-02T01:55:58.315591Z [info     ] Updating RenderedTaskInstanceFields [airflow.api_fastapi.execution_api.routes.task_instances] correlation_id=01a0fa53-4cd9-7789-b03c-adcd48d71b03 field_count=3 loc=task_instances.py:1017 ti_id=01a0fa4f-e374-72e8-b731-813a6faa74b2
Task instance is in running state
 Previous state of the Task instance: TaskInstanceState.QUEUED
Current task name:ingest_detail_2
Dag name:trade_backfill_pipeline
2026-10-02T01:55:58.347821Z [info     ] ::endgroup::                   [task] loc=task_runner.py:2232
{"step": "ingest", "kind": "partner_detail", "period": "202606", "run_id": "backfill-202606-91ecf35cb23f39e2"}
{"checksum": "sha256:f4bd8e4aa514a47811cddfe6aea738b556ca2d03072e2ab4d58eccd98dbfd4fa", "data_uri": "s3://trade-analytics-prod-816079797958-ap-northeast-1-an/un_comtrade/v2/hs_version=H6/cmd_code=8542/period=202606/query_type=partner_detail/revision=1/data.ndjson", "kind": "partner_detail", "manifest_uri": "s3://trade-analytics-prod-816079797958-ap-northeast-1-an/un_comtrade/v2/hs_version=H6/cmd_code=8542/period=202606/query_type=partner_detail/revision=1/manifest.json", "period": "202606", "revision": 1, "row_count": 72, "run_id": "backfill-202606-91ecf35cb23f39e2", "status": "success", "step": "ingest"}

2026-10-02T01:56:04.775578Z [info     ] Done. Returned value was: {'checksum': 'sha256:f4bd8e4aa514a47811cddfe6aea738b556ca2d03072e2ab4d58eccd98dbfd4fa', 'data_uri': 's3://trade-analytics-prod-816079797958-ap-northeast-1-an/un_comtrade/v2/hs_version=H6/cmd_code=8542/period=202606/query_type=partner_detail/revision=1/data.ndjson', 'kind': 'partner_detail', 'manifest_uri': 's3://trade-analytics-prod-816079797958-ap-northeast-1-an/un_comtrade/v2/hs_version=H6/cmd_code=8542/period=202606/query_type=partner_detail/revision=1/manifest.json', 'period': '202606', 'revision': 1, 'row_count': 72, 'run_id': 'backfill-202606-91ecf35cb23f39e2', 'status': 'success', 'step': 'ingest'} [airflow.task.operators.airflow.providers.standard.decorators.python._PythonDecoratedOperator] loc=python.py:233
2026-10-02T01:56:04.779196Z [info     ] ::group::Post Execute          [task] loc=task_runner.py:1580
2026-10-02T01:56:04.781387Z [info     ] Pushing xcom                   [task] loc=task_runner.py:2280 ti=RuntimeTaskInstance(id=UUID('01a0fa4f-e374-72e8-b731-813a6faa74b2'), task_id='ingest_detail_2', dag_id='trade_backfill_pipeline', run_id='manual__2026-10-02T01:52:13.543138+00:00', try_number=1, dag_version_id=UUID('01a0f340-b3af-72cd-8aa4-d8e453a1915b'), map_index=-1, hostname='afe341678f81', context_carrier=None, queue='default', task=<Task(_PythonDecoratedOperator): ingest_detail_2>, max_tries=3, start_date=datetime.datetime(2026, 10, 2, 1, 55, 58, 161635, tzinfo=datetime.timezone.utc), end_date=None, state=<TaskInstanceState.RUNNING: 'running'>, is_mapped=False, rendered_map_index=None, sentry_integration='')
2026-10-02T01:56:05.255013Z [info     ] Task instance state updated    [airflow.api_fastapi.execution_api.routes.task_instances] correlation_id=01a0fa53-67d9-73ed-9d42-6e241d28fac7 loc=task_instances.py:485 new_state=success rows_affected=1 ti_id=01a0fa4f-e374-72e8-b731-813a6faa74b2
Task instance in success state
 Previous state of the Task instance: TaskInstanceState.RUNNING
Task operator:<Task(_PythonDecoratedOperator): ingest_detail_2>
2026-10-02T01:56:05.281371Z [info     ] ::endgroup::                   [task] loc=task_runner.py:2379
2026-10-02T01:56:05.314551Z [info     ] [DAG TEST] end task task_id=ingest_detail_2 map_index=-1 [airflow.sdk.definitions.dag] loc=dag.py:1563
2026-10-02T01:56:05.403993Z [info     ] [DAG TEST] starting task_id=load_detail_2 map_index=-1 [airflow.sdk.definitions.dag] loc=dag.py:1501
2026-10-02T01:56:05.404561Z [info     ] [DAG TEST] running task <TaskInstance: trade_backfill_pipeline.load_detail_2 manual__2026-10-02T01:52:13.543138+00:00 [TaskInstanceState.SCHEDULED] ti_id=01a0fa4f-e376-755b-b3b7-8f87208d83e9> [airflow.sdk.definitions.dag] loc=dag.py:1504
2026-10-02T01:56:05.438464Z [info     ] Task started                   [airflow.api_fastapi.execution_api.routes.task_instances] correlation_id=01a0fa53-68a5-7b3c-a2ea-fa3a8b81389d hostname=afe341678f81 loc=task_instances.py:226 previous_state=queued ti_id=01a0fa4f-e376-755b-b3b7-8f87208d83e9
2026-10-02T01:56:05.443528Z [info     ] Task instance state updated    [airflow.api_fastapi.execution_api.routes.task_instances] correlation_id=01a0fa53-68a5-7b3c-a2ea-fa3a8b81389d loc=task_instances.py:254 rows_affected=1 ti_id=01a0fa4f-e376-755b-b3b7-8f87208d83e9
2026-10-02T01:56:05.544527Z [info     ] Updating RenderedTaskInstanceFields [airflow.api_fastapi.execution_api.routes.task_instances] correlation_id=01a0fa53-6918-7a07-9f2a-15d18496b7fb field_count=3 loc=task_instances.py:1017 ti_id=01a0fa4f-e376-755b-b3b7-8f87208d83e9
Task instance is in running state
 Previous state of the Task instance: TaskInstanceState.QUEUED
Current task name:load_detail_2
Dag name:trade_backfill_pipeline
2026-10-02T01:56:05.583371Z [info     ] ::endgroup::                   [task] loc=task_runner.py:2232
{"step": "load", "kind": "partner_detail", "period": "202606", "run_id": "backfill-202606-91ecf35cb23f39e2"}
{"jobs": [{"job_id": "day11_5387d82eed1743118c7e479bdc8d8027", "status": "success"}, {"job_id": "day11_b1f76ea51308444a8748ec236e1fef63", "status": "success"}, {"job_id": "day11_4a36f82fc20b47ca96a45da312ffbb42", "status": "success"}, {"job_id": "day11_400cce91a6514923a104a39e9a116014", "status": "success"}], "kind": "partner_detail", "period": "202606", "revision": 1, "rows": 72, "status": "success", "step": "load"}

2026-10-02T01:56:24.193481Z [info     ] Done. Returned value was: {'jobs': [{'job_id': 'day11_5387d82eed1743118c7e479bdc8d8027', 'status': 'success'}, {'job_id': 'day11_b1f76ea51308444a8748ec236e1fef63', 'status': 'success'}, {'job_id': 'day11_4a36f82fc20b47ca96a45da312ffbb42', 'status': 'success'}, {'job_id': 'day11_400cce91a6514923a104a39e9a116014', 'status': 'success'}], 'kind': 'partner_detail', 'period': '202606', 'revision': 1, 'rows': 72, 'status': 'success', 'step': 'load'} [airflow.task.operators.airflow.providers.standard.decorators.python._PythonDecoratedOperator] loc=python.py:233
2026-10-02T01:56:24.194848Z [info     ] ::group::Post Execute          [task] loc=task_runner.py:1580
2026-10-02T01:56:24.195553Z [info     ] Pushing xcom                   [task] loc=task_runner.py:2280 ti=RuntimeTaskInstance(id=UUID('01a0fa4f-e376-755b-b3b7-8f87208d83e9'), task_id='load_detail_2', dag_id='trade_backfill_pipeline', run_id='manual__2026-10-02T01:52:13.543138+00:00', try_number=1, dag_version_id=UUID('01a0f340-b3af-72cd-8aa4-d8e453a1915b'), map_index=-1, hostname='afe341678f81', context_carrier=None, queue='default', task=<Task(_PythonDecoratedOperator): load_detail_2>, max_tries=3, start_date=datetime.datetime(2026, 10, 2, 1, 56, 5, 412552, tzinfo=datetime.timezone.utc), end_date=None, state=<TaskInstanceState.RUNNING: 'running'>, is_mapped=False, rendered_map_index=None, sentry_integration='')
2026-10-02T01:56:24.335380Z [info     ] Task instance state updated    [airflow.api_fastapi.execution_api.routes.task_instances] correlation_id=01a0fa53-b27e-7db9-a3b2-23c0a205cf10 loc=task_instances.py:485 new_state=success rows_affected=1 ti_id=01a0fa4f-e376-755b-b3b7-8f87208d83e9
Task instance in success state
 Previous state of the Task instance: TaskInstanceState.RUNNING
Task operator:<Task(_PythonDecoratedOperator): load_detail_2>
2026-10-02T01:56:24.346523Z [info     ] ::endgroup::                   [task] loc=task_runner.py:2379
2026-10-02T01:56:24.357970Z [info     ] [DAG TEST] end task task_id=load_detail_2 map_index=-1 [airflow.sdk.definitions.dag] loc=dag.py:1563
2026-10-02T01:56:24.358168Z [info     ] [DAG TEST] starting task_id=load_world_2 map_index=-1 [airflow.sdk.definitions.dag] loc=dag.py:1501
2026-10-02T01:56:24.358225Z [info     ] [DAG TEST] running task <TaskInstance: trade_backfill_pipeline.load_world_2 manual__2026-10-02T01:52:13.543138+00:00 [TaskInstanceState.SCHEDULED] ti_id=01a0fa4f-e377-7bbf-9cd2-ad94d4c72e6d> [airflow.sdk.definitions.dag] loc=dag.py:1504
2026-10-02T01:56:24.375107Z [info     ] Task started                   [airflow.api_fastapi.execution_api.routes.task_instances] correlation_id=01a0fa53-b2ad-75b9-bbb1-019cb8aeffe2 hostname=afe341678f81 loc=task_instances.py:226 previous_state=queued ti_id=01a0fa4f-e377-7bbf-9cd2-ad94d4c72e6d
2026-10-02T01:56:24.376142Z [info     ] Task instance state updated    [airflow.api_fastapi.execution_api.routes.task_instances] correlation_id=01a0fa53-b2ad-75b9-bbb1-019cb8aeffe2 loc=task_instances.py:254 rows_affected=1 ti_id=01a0fa4f-e377-7bbf-9cd2-ad94d4c72e6d
2026-10-02T01:56:24.411712Z [info     ] Updating RenderedTaskInstanceFields [airflow.api_fastapi.execution_api.routes.task_instances] correlation_id=01a0fa53-b2d4-72aa-952b-11d7e20b1b13 field_count=3 loc=task_instances.py:1017 ti_id=01a0fa4f-e377-7bbf-9cd2-ad94d4c72e6d
Task instance is in running state
 Previous state of the Task instance: TaskInstanceState.QUEUED
Current task name:load_world_2
Dag name:trade_backfill_pipeline
2026-10-02T01:56:24.423643Z [info     ] ::endgroup::                   [task] loc=task_runner.py:2232
{"step": "load", "kind": "world_total", "period": "202606", "run_id": "backfill-202606-91ecf35cb23f39e2"}
{"jobs": [{"job_id": "day11_2849799574ad4c79bac1f2ac62f0dbbf", "status": "success"}, {"job_id": "day11_8add2f2db7f64faea05355ca55563af4", "status": "success"}, {"job_id": "day11_e8b5319eb0f447919f7c8c2c4435f8d4", "status": "success"}, {"job_id": "day11_1c95bff35a77486b867542c4ba4971c1", "status": "success"}], "kind": "world_total", "period": "202606", "revision": 1, "rows": 1, "status": "success", "step": "load"}

2026-10-02T01:56:40.445892Z [info     ] Done. Returned value was: {'jobs': [{'job_id': 'day11_2849799574ad4c79bac1f2ac62f0dbbf', 'status': 'success'}, {'job_id': 'day11_8add2f2db7f64faea05355ca55563af4', 'status': 'success'}, {'job_id': 'day11_e8b5319eb0f447919f7c8c2c4435f8d4', 'status': 'success'}, {'job_id': 'day11_1c95bff35a77486b867542c4ba4971c1', 'status': 'success'}], 'kind': 'world_total', 'period': '202606', 'revision': 1, 'rows': 1, 'status': 'success', 'step': 'load'} [airflow.task.operators.airflow.providers.standard.decorators.python._PythonDecoratedOperator] loc=python.py:233
2026-10-02T01:56:40.468111Z [info     ] ::group::Post Execute          [task] loc=task_runner.py:1580
2026-10-02T01:56:40.478012Z [info     ] Pushing xcom                   [task] loc=task_runner.py:2280 ti=RuntimeTaskInstance(id=UUID('01a0fa4f-e377-7bbf-9cd2-ad94d4c72e6d'), task_id='load_world_2', dag_id='trade_backfill_pipeline', run_id='manual__2026-10-02T01:52:13.543138+00:00', try_number=1, dag_version_id=UUID('01a0f340-b3af-72cd-8aa4-d8e453a1915b'), map_index=-1, hostname='afe341678f81', context_carrier=None, queue='default', task=<Task(_PythonDecoratedOperator): load_world_2>, max_tries=3, start_date=datetime.datetime(2026, 10, 2, 1, 56, 24, 365326, tzinfo=datetime.timezone.utc), end_date=None, state=<TaskInstanceState.RUNNING: 'running'>, is_mapped=False, rendered_map_index=None, sentry_integration='')
2026-10-02T01:56:41.264373Z [info     ] Task instance state updated    [airflow.api_fastapi.execution_api.routes.task_instances] correlation_id=01a0fa53-f453-73b5-aa19-ae501c2547ba loc=task_instances.py:485 new_state=success rows_affected=1 ti_id=01a0fa4f-e377-7bbf-9cd2-ad94d4c72e6d
Task instance in success state
 Previous state of the Task instance: TaskInstanceState.RUNNING
Task operator:<Task(_PythonDecoratedOperator): load_world_2>
2026-10-02T01:56:41.297106Z [info     ] ::endgroup::                   [task] loc=task_runner.py:2379
2026-10-02T01:56:41.332814Z [info     ] [DAG TEST] end task task_id=load_world_2 map_index=-1 [airflow.sdk.definitions.dag] loc=dag.py:1563
2026-10-02T01:56:41.389309Z [info     ] [DAG TEST] starting task_id=attest_2 map_index=-1 [airflow.sdk.definitions.dag] loc=dag.py:1501
2026-10-02T01:56:41.389808Z [info     ] [DAG TEST] running task <TaskInstance: trade_backfill_pipeline.attest_2 manual__2026-10-02T01:52:13.543138+00:00 [TaskInstanceState.SCHEDULED] ti_id=01a0fa4f-e378-7a87-b24c-df1b73de2513> [airflow.sdk.definitions.dag] loc=dag.py:1504
2026-10-02T01:56:41.429585Z [info     ] Task started                   [airflow.api_fastapi.execution_api.routes.task_instances] correlation_id=01a0fa53-f538-778b-b163-87cdfc80875e hostname=afe341678f81 loc=task_instances.py:226 previous_state=queued ti_id=01a0fa4f-e378-7a87-b24c-df1b73de2513
2026-10-02T01:56:41.433837Z [info     ] Task instance state updated    [airflow.api_fastapi.execution_api.routes.task_instances] correlation_id=01a0fa53-f538-778b-b163-87cdfc80875e loc=task_instances.py:254 rows_affected=1 ti_id=01a0fa4f-e378-7a87-b24c-df1b73de2513
2026-10-02T01:56:41.538986Z [info     ] Updating RenderedTaskInstanceFields [airflow.api_fastapi.execution_api.routes.task_instances] correlation_id=01a0fa53-f5ad-71f0-9b96-f21fc5114c53 field_count=3 loc=task_instances.py:1017 ti_id=01a0fa4f-e378-7a87-b24c-df1b73de2513
Task instance is in running state
 Previous state of the Task instance: TaskInstanceState.QUEUED
Current task name:attest_2
Dag name:trade_backfill_pipeline
2026-10-02T01:56:41.593287Z [info     ] ::endgroup::                   [task] loc=task_runner.py:2232
{"step": "attest", "kind": null, "period": "202606", "run_id": "backfill-202606-91ecf35cb23f39e2"}
{"jobs": [{"job_id": "3566d088-eb54-4a10-a40d-8d985db84c92", "result": "success"}, {"job_id": "f72a77bd-222a-4bc2-aeb9-2da81180116f", "result": "success"}, {"job_id": "2a291ccf-bd5d-448c-9736-250f164fa0db", "result": "success"}, {"job_id": "a9474c91-7a43-43e6-bc30-3d0334a8dd28", "result": "success"}, {"job_id": "b2300fdd-3ba3-4854-aa61-c6b7b6b3e24d", "result": "success"}, {"job_id": "79a8fe9f-b3ec-46eb-a6d9-dee5dd8a7868", "result": "success"}], "period": "202606", "sources": [{"checksum": "sha256:f4bd8e4aa514a47811cddfe6aea738b556ca2d03072e2ab4d58eccd98dbfd4fa", "query_type": "partner_detail", "revision": 1, "snapshot_hash": "c5f411c01e252bdba80d0e87c7644da5eb10221ed4b428c85510e9ed37dcde9b", "source_file": "s3://trade-analytics-prod-816079797958-ap-northeast-1-an/un_comtrade/v2/hs_version=H6/cmd_code=8542/period=202606/query_type=partner_detail/revision=1/data.ndjson"}, {"checksum": "sha256:39155d72af4d41fb806484fc28b6318ee5766ea548d21ccf66e8772432d7c58f", "query_type": "world_total", "revision": 1, "snapshot_hash": "6b889b5e9721831b54cefe1b282f7d841142ccb359c41233d4aaa5dce54a48ee", "source_file": "s3://trade-analytics-prod-816079797958-ap-northeast-1-an/un_comtrade/v2/hs_version=H6/cmd_code=8542/period=202606/query_type=world_total/revision=1/data.ndjson"}], "status": "verified", "step": "attest"}

2026-10-02T01:56:52.862357Z [info     ] Done. Returned value was: {'jobs': [{'job_id': '3566d088-eb54-4a10-a40d-8d985db84c92', 'result': 'success'}, {'job_id': 'f72a77bd-222a-4bc2-aeb9-2da81180116f', 'result': 'success'}, {'job_id': '2a291ccf-bd5d-448c-9736-250f164fa0db', 'result': 'success'}, {'job_id': 'a9474c91-7a43-43e6-bc30-3d0334a8dd28', 'result': 'success'}, {'job_id': 'b2300fdd-3ba3-4854-aa61-c6b7b6b3e24d', 'result': 'success'}, {'job_id': '79a8fe9f-b3ec-46eb-a6d9-dee5dd8a7868', 'result': 'success'}], 'period': '202606', 'sources': [{'checksum': 'sha256:f4bd8e4aa514a47811cddfe6aea738b556ca2d03072e2ab4d58eccd98dbfd4fa', 'query_type': 'partner_detail', 'revision': 1, 'snapshot_hash': 'c5f411c01e252bdba80d0e87c7644da5eb10221ed4b428c85510e9ed37dcde9b', 'source_file': 's3://trade-analytics-prod-816079797958-ap-northeast-1-an/un_comtrade/v2/hs_version=H6/cmd_code=8542/period=202606/query_type=partner_detail/revision=1/data.ndjson'}, {'checksum': 'sha256:39155d72af4d41fb806484fc28b6318ee5766ea548d21ccf66e8772432d7c58f', 'query_type': 'world_total', 'revision': 1, 'snapshot_hash': '6b889b5e9721831b54cefe1b282f7d841142ccb359c41233d4aaa5dce54a48ee', 'source_file': 's3://trade-analytics-prod-816079797958-ap-northeast-1-an/un_comtrade/v2/hs_version=H6/cmd_code=8542/period=202606/query_type=world_total/revision=1/data.ndjson'}], 'status': 'verified', 'step': 'attest'} [airflow.task.operators.airflow.providers.standard.decorators.python._PythonDecoratedOperator] loc=python.py:233
2026-10-02T01:56:52.870327Z [info     ] ::group::Post Execute          [task] loc=task_runner.py:1580
2026-10-02T01:56:52.874700Z [info     ] Pushing xcom                   [task] loc=task_runner.py:2280 ti=RuntimeTaskInstance(id=UUID('01a0fa4f-e378-7a87-b24c-df1b73de2513'), task_id='attest_2', dag_id='trade_backfill_pipeline', run_id='manual__2026-10-02T01:52:13.543138+00:00', try_number=1, dag_version_id=UUID('01a0f340-b3af-72cd-8aa4-d8e453a1915b'), map_index=-1, hostname='afe341678f81', context_carrier=None, queue='default', task=<Task(_PythonDecoratedOperator): attest_2>, max_tries=0, start_date=datetime.datetime(2026, 10, 2, 1, 56, 41, 399392, tzinfo=datetime.timezone.utc), end_date=None, state=<TaskInstanceState.RUNNING: 'running'>, is_mapped=False, rendered_map_index=None, sentry_integration='')
2026-10-02T01:56:53.543478Z [info     ] Task instance state updated    [airflow.api_fastapi.execution_api.routes.task_instances] correlation_id=01a0fa54-246c-7759-b995-4d495cce2031 loc=task_instances.py:485 new_state=success rows_affected=1 ti_id=01a0fa4f-e378-7a87-b24c-df1b73de2513
Task instance in success state
 Previous state of the Task instance: TaskInstanceState.RUNNING
Task operator:<Task(_PythonDecoratedOperator): attest_2>
2026-10-02T01:56:53.611467Z [info     ] ::endgroup::                   [task] loc=task_runner.py:2379
2026-10-02T01:56:53.646827Z [info     ] [DAG TEST] end task task_id=attest_2 map_index=-1 [airflow.sdk.definitions.dag] loc=dag.py:1563
2026-10-02T01:56:53.729682Z [info     ] [DAG TEST] starting task_id=build_2 map_index=-1 [airflow.sdk.definitions.dag] loc=dag.py:1501
2026-10-02T01:56:53.730648Z [info     ] [DAG TEST] running task <TaskInstance: trade_backfill_pipeline.build_2 manual__2026-10-02T01:52:13.543138+00:00 [TaskInstanceState.SCHEDULED] ti_id=01a0fa4f-e379-795e-8501-75e364ce82f5> [airflow.sdk.definitions.dag] loc=dag.py:1504
2026-10-02T01:56:53.784505Z [info     ] Task started                   [airflow.api_fastapi.execution_api.routes.task_instances] correlation_id=01a0fa54-256e-7d63-9614-039bc4be8959 hostname=afe341678f81 loc=task_instances.py:226 previous_state=queued ti_id=01a0fa4f-e379-795e-8501-75e364ce82f5
2026-10-02T01:56:53.795628Z [info     ] Task instance state updated    [airflow.api_fastapi.execution_api.routes.task_instances] correlation_id=01a0fa54-256e-7d63-9614-039bc4be8959 loc=task_instances.py:254 rows_affected=1 ti_id=01a0fa4f-e379-795e-8501-75e364ce82f5
2026-10-02T01:56:54.019298Z [info     ] Updating RenderedTaskInstanceFields [airflow.api_fastapi.execution_api.routes.task_instances] correlation_id=01a0fa54-2661-7836-901c-e8f4b47bc00a field_count=3 loc=task_instances.py:1017 ti_id=01a0fa4f-e379-795e-8501-75e364ce82f5
Task instance is in running state
 Previous state of the Task instance: TaskInstanceState.QUEUED
Current task name:build_2
Dag name:trade_backfill_pipeline
2026-10-02T01:56:54.120567Z [info     ] ::endgroup::                   [task] loc=task_runner.py:2232
{"step": "build", "kind": null, "period": "202606", "run_id": "backfill-202606-91ecf35cb23f39e2"}
01:57:09  Running with dbt=1.12.5
01:57:18  Registered adapter: bigquery=1.12.1
01:57:19  Unable to do partial parsing because config vars, config profile, or config target have changed
01:57:28  Found 10 models, 71 data tests, 2 seeds, 3 sources, 563 macros, 5 unit tests
01:57:28
01:57:28  Concurrency: 4 threads (target='day11')
01:57:28
01:57:30  1 of 88 START sql table model trade_analytics_day10_dev.dim_months ............. [RUN]
01:57:30  2 of 88 START sql view model trade_analytics_day10_dev.stg_un_comtrade__partner_trades  [RUN]
01:57:30  3 of 88 START sql view model trade_analytics_day10_dev.stg_un_comtrade__world_totals  [RUN]
01:57:30  4 of 88 START seed file trade_analytics_day10_dev.country_reference ............ [RUN]
01:57:31  3 of 88 OK created sql view model trade_analytics_day10_dev.stg_un_comtrade__world_totals  [CREATE VIEW (0 processed) in 1.28s]
01:57:31  2 of 88 OK created sql view model trade_analytics_day10_dev.stg_un_comtrade__partner_trades  [CREATE VIEW (0 processed) in 1.23s]
01:57:31  5 of 88 START seed file trade_analytics_day10_dev.hs_code_reference ............ [RUN]
01:57:31  6 of 88 START test assert_world_grain_unique ................................... [RUN]
01:57:32  1 of 88 OK created sql table model trade_analytics_day10_dev.dim_months ........ [CREATE TABLE (42.0 rows, 0 processed) in 1.97s]
01:57:32  7 of 88 START test assert_january_2023_exists .................................. [RUN]
01:57:32  6 of 88 PASS assert_world_grain_unique ......................................... [PASS in 1.35s]
01:57:32  8 of 88 START test assert_partner_grain_unique ................................. [RUN]
01:57:33  7 of 88 PASS assert_january_2023_exists ........................................ [PASS in 1.10s]
01:57:33  9 of 88 START test assert_staging_contract ..................................... [RUN]
01:57:33  4 of 88 OK loaded seed file trade_analytics_day10_dev.country_reference ........ [INSERT 163 in 3.42s]
01:57:33  10 of 88 START test assert_staging_matches_raw ................................. [RUN]
01:57:34  8 of 88 PASS assert_partner_grain_unique ....................................... [PASS in 1.28s]
01:57:34  11 of 88 START test assert_month_spine_complete ................................ [RUN]
01:57:34  9 of 88 PASS assert_staging_contract ........................................... [PASS in 1.39s]
01:57:34  12 of 88 START test not_null_dim_months_month_start_date ....................... [RUN]
01:57:34  5 of 88 OK loaded seed file trade_analytics_day10_dev.hs_code_reference ........ [INSERT 1 in 3.04s]
01:57:34  13 of 88 START test not_null_dim_months_period ................................. [RUN]
01:57:34  10 of 88 PASS assert_staging_matches_raw ....................................... [PASS in 1.27s]
01:57:34  14 of 88 START test unique_dim_months_month_start_date ......................... [RUN]
01:57:35  11 of 88 PASS assert_month_spine_complete ...................................... [PASS in 1.02s]
01:57:35  15 of 88 START test unique_dim_months_period ................................... [RUN]
01:57:35  12 of 88 PASS not_null_dim_months_month_start_date ............................. [PASS in 0.99s]
01:57:35  16 of 88 START test accepted_values_country_reference_classification_status__verified__needs_review  [RUN]
01:57:35  13 of 88 PASS not_null_dim_months_period ....................................... [PASS in 0.97s]
01:57:35  17 of 88 START test accepted_values_country_reference_partner_type__country__world__aggregate__special__unknown  [RUN]
01:57:35  14 of 88 PASS unique_dim_months_month_start_date ............................... [PASS in 0.95s]
01:57:35  18 of 88 START test accepted_values_country_reference_reconciliation_role__detail__overlap__world__unresolved  [RUN]
01:57:36  15 of 88 PASS unique_dim_months_period ......................................... [PASS in 0.86s]
01:57:36  19 of 88 START test not_null_country_reference_classification_note ............. [RUN]
01:57:36  16 of 88 PASS accepted_values_country_reference_classification_status__verified__needs_review  [PASS in 0.93s]
01:57:36  20 of 88 START test not_null_country_reference_classification_status ........... [RUN]
01:57:36  18 of 88 PASS accepted_values_country_reference_reconciliation_role__detail__overlap__world__unresolved  [PASS in 1.13s]
01:57:36  17 of 88 PASS accepted_values_country_reference_partner_type__country__world__aggregate__special__unknown  [PASS in 1.22s]
01:57:37  21 of 88 START test not_null_country_reference_partner_code .................... [RUN]
01:57:37  22 of 88 START test not_null_country_reference_partner_type .................... [RUN]
01:57:37  19 of 88 PASS not_null_country_reference_classification_note ................... [PASS in 1.53s]
01:57:38  23 of 88 START test not_null_country_reference_reconciliation_role ............. [RUN]
01:57:39  20 of 88 PASS not_null_country_reference_classification_status ................. [PASS in 3.02s]
01:57:39  24 of 88 START test not_null_country_reference_retrieved_at .................... [RUN]
01:57:40  21 of 88 PASS not_null_country_reference_partner_code .......................... [PASS in 2.75s]
01:57:40  25 of 88 START test not_null_country_reference_source_name ..................... [RUN]
01:57:40  22 of 88 PASS not_null_country_reference_partner_type .......................... [PASS in 3.01s]
01:57:40  23 of 88 PASS not_null_country_reference_reconciliation_role ................... [PASS in 2.17s]
01:57:40  26 of 88 START test not_null_country_reference_source_url ...................... [RUN]
01:57:40  27 of 88 START test unique_country_reference_partner_code ...................... [RUN]
01:57:40  24 of 88 PASS not_null_country_reference_retrieved_at .......................... [PASS in 1.17s]
01:57:40  28 of 88 START test compound_unique_hs_code_reference_hs_version__cmd_code ..... [RUN]
01:57:41  25 of 88 PASS not_null_country_reference_source_name ........................... [PASS in 1.23s]
01:57:41  29 of 88 START test not_null_hs_code_reference_cmd_code ........................ [RUN]
01:57:41  26 of 88 PASS not_null_country_reference_source_url ............................ [PASS in 1.21s]
01:57:41  30 of 88 START test not_null_hs_code_reference_code_level ...................... [RUN]
01:57:41  27 of 88 PASS unique_country_reference_partner_code ............................ [PASS in 1.28s]
01:57:41  31 of 88 START test not_null_hs_code_reference_hs_description .................. [RUN]
01:57:42  28 of 88 PASS compound_unique_hs_code_reference_hs_version__cmd_code ........... [PASS in 1.20s]
01:57:42  32 of 88 START test not_null_hs_code_reference_hs_version ...................... [RUN]
01:57:42  29 of 88 PASS not_null_hs_code_reference_cmd_code .............................. [PASS in 1.11s]
01:57:42  33 of 88 START test not_null_hs_code_reference_parent_code ..................... [RUN]
01:57:42  30 of 88 PASS not_null_hs_code_reference_code_level ............................ [PASS in 1.28s]
01:57:42  34 of 88 START test not_null_hs_code_reference_retrieved_at .................... [RUN]
01:57:43  31 of 88 PASS not_null_hs_code_reference_hs_description ........................ [PASS in 1.34s]
01:57:43  35 of 88 START test not_null_hs_code_reference_source_url ...................... [RUN]
01:57:43  32 of 88 PASS not_null_hs_code_reference_hs_version ............................ [PASS in 1.74s]
01:57:44  36 of 88 START sql table model trade_analytics_day10_dev.dim_countries ......... [RUN]
01:57:44  33 of 88 PASS not_null_hs_code_reference_parent_code ........................... [PASS in 1.95s]
01:57:45  34 of 88 PASS not_null_hs_code_reference_retrieved_at .......................... [PASS in 2.05s]
01:57:45  35 of 88 PASS not_null_hs_code_reference_source_url ............................ [PASS in 1.87s]
01:57:45  37 of 88 START sql table model trade_analytics_day10_dev.dim_hs_codes .......... [RUN]
01:57:46  36 of 88 OK created sql table model trade_analytics_day10_dev.dim_countries .... [CREATE TABLE (163.0 rows, 86.5 KiB processed) in 2.02s]
01:57:46  38 of 88 START test accepted_values_dim_countries_classification_status__verified__needs_review  [RUN]
01:57:46  39 of 88 START test accepted_values_dim_countries_partner_type__country__world__aggregate__special__unknown  [RUN]
01:57:46  40 of 88 START test accepted_values_dim_countries_reconciliation_role__detail__overlap__world__unresolved  [RUN]
01:57:46  37 of 88 OK created sql table model trade_analytics_day10_dev.dim_hs_codes ..... [CREATE TABLE (1.0 rows, 154.0 Bytes processed) in 1.76s]
01:57:46  41 of 88 START test assert_special_partner_contract ............................ [RUN]
01:57:47  40 of 88 PASS accepted_values_dim_countries_reconciliation_role__detail__overlap__world__unresolved  [PASS in 1.36s]
01:57:47  38 of 88 PASS accepted_values_dim_countries_classification_status__verified__needs_review  [PASS in 1.40s]
01:57:47  39 of 88 PASS accepted_values_dim_countries_partner_type__country__world__aggregate__special__unknown  [PASS in 1.40s]
01:57:47  42 of 88 START test not_null_dim_countries_classification_status ............... [RUN]
01:57:47  43 of 88 START test not_null_dim_countries_partner_code ........................ [RUN]
01:57:47  44 of 88 START test not_null_dim_countries_partner_type ........................ [RUN]
01:57:48  41 of 88 PASS assert_special_partner_contract .................................. [PASS in 1.11s]
01:57:48  45 of 88 START test not_null_dim_countries_reconciliation_role ................. [RUN]
01:57:48  42 of 88 PASS not_null_dim_countries_classification_status ..................... [PASS in 1.17s]
01:57:48  46 of 88 START test unique_dim_countries_partner_code .......................... [RUN]
01:57:48  43 of 88 PASS not_null_dim_countries_partner_code .............................. [PASS in 1.19s]
01:57:48  44 of 88 PASS not_null_dim_countries_partner_type .............................. [PASS in 1.27s]
01:57:48  47 of 88 START test assert_hs_reference_contract ............................... [RUN]
01:57:49  48 of 88 START test compound_unique_dim_hs_codes_hs_version__cmd_code .......... [RUN]
01:57:49  45 of 88 PASS not_null_dim_countries_reconciliation_role ....................... [PASS in 1.04s]
01:57:49  49 of 88 START test not_null_dim_hs_codes_cmd_code ............................. [RUN]
01:57:50  48 of 88 PASS compound_unique_dim_hs_codes_hs_version__cmd_code ................ [PASS in 1.05s]
01:57:50  47 of 88 PASS assert_hs_reference_contract ..................................... [PASS in 1.14s]
01:57:50  46 of 88 PASS unique_dim_countries_partner_code ................................ [PASS in 1.29s]
01:57:50  50 of 88 START test not_null_dim_hs_codes_code_level ........................... [RUN]
01:57:50  51 of 88 START test not_null_dim_hs_codes_hs_version ........................... [RUN]
01:57:50  52 of 88 START sql table model trade_analytics_day10_dev.audit_partner_mapping_issues  [RUN]
01:57:50  49 of 88 PASS not_null_dim_hs_codes_cmd_code ................................... [PASS in 1.28s]
01:57:51  50 of 88 PASS not_null_dim_hs_codes_code_level ................................. [PASS in 1.26s]
01:57:51  51 of 88 PASS not_null_dim_hs_codes_hs_version ................................. [PASS in 1.23s]
01:57:51  53 of 88 START sql table model trade_analytics_day10_dev.fct_monthly_semiconductor_imports  [RUN]
01:57:52  52 of 88 OK created sql table model trade_analytics_day10_dev.audit_partner_mapping_issues  [CREATE TABLE (42.0 rows, 660.4 KiB processed) in 2.65s]
01:57:53  54 of 88 START test assert_missing_country_audited ............................. [RUN]
01:57:53  56 of 88 START test not_null_audit_partner_mapping_issues_observed_at .......... [RUN]
01:57:53  55 of 88 START test not_null_audit_partner_mapping_issues_issue_type ........... [RUN]
01:57:53  53 of 88 OK created sql table model trade_analytics_day10_dev.fct_monthly_semiconductor_imports  [CREATE TABLE (2.7k rows, 987.0 KiB processed) in 2.30s]
01:57:53  57 of 88 START test not_null_audit_partner_mapping_issues_partner_code ......... [RUN]
01:57:54  56 of 88 PASS not_null_audit_partner_mapping_issues_observed_at ................ [PASS in 1.62s]
01:57:54  55 of 88 PASS not_null_audit_partner_mapping_issues_issue_type ................. [PASS in 1.62s]
01:57:54  58 of 88 START test accepted_values_fct_monthly_semiconductor_imports_classification_status__verified__needs_review  [RUN]
01:57:54  59 of 88 START test accepted_values_fct_monthly_semiconductor_imports_partner_type__country__world__aggregate__special__unknown  [RUN]
01:57:55  54 of 88 PASS assert_missing_country_audited ................................... [PASS in 2.10s]
01:57:55  60 of 88 START test accepted_values_fct_monthly_semiconductor_imports_reconciliation_role__detail__overlap__world__unresolved  [RUN]
01:57:55  57 of 88 PASS not_null_audit_partner_mapping_issues_partner_code ............... [PASS in 1.27s]
01:57:55  61 of 88 START test assert_fact_contract ....................................... [RUN]
01:57:56  59 of 88 PASS accepted_values_fct_monthly_semiconductor_imports_partner_type__country__world__aggregate__special__unknown  [PASS in 1.25s]
01:57:56  58 of 88 PASS accepted_values_fct_monthly_semiconductor_imports_classification_status__verified__needs_review  [PASS in 1.29s]
01:57:56  62 of 88 START test assert_fact_preserves_staging .............................. [RUN]
01:57:56  63 of 88 START test compound_unique_fct_monthly_semiconductor_imports_period_start_date__partner_code__cmd_code__hs_version  [RUN]
01:57:56  60 of 88 PASS accepted_values_fct_monthly_semiconductor_imports_reconciliation_role__detail__overlap__world__unresolved  [PASS in 1.07s]
01:57:56  64 of 88 START test not_null_fct_monthly_semiconductor_imports_cmd_code ........ [RUN]
01:57:57  63 of 88 PASS compound_unique_fct_monthly_semiconductor_imports_period_start_date__partner_code__cmd_code__hs_version  [PASS in 0.97s]
01:57:57  65 of 88 START test not_null_fct_monthly_semiconductor_imports_country_mapping_found  [RUN]
01:57:57  64 of 88 PASS not_null_fct_monthly_semiconductor_imports_cmd_code .............. [PASS in 0.90s]
01:57:57  66 of 88 START test not_null_fct_monthly_semiconductor_imports_hs_mapping_found  [RUN]
01:57:57  62 of 88 PASS assert_fact_preserves_staging .................................... [PASS in 1.44s]
01:57:57  67 of 88 START test not_null_fct_monthly_semiconductor_imports_hs_version ...... [RUN]
01:57:58  65 of 88 PASS not_null_fct_monthly_semiconductor_imports_country_mapping_found . [PASS in 1.03s]
01:57:58  66 of 88 PASS not_null_fct_monthly_semiconductor_imports_hs_mapping_found ...... [PASS in 0.89s]
01:57:58  61 of 88 PASS assert_fact_contract ............................................. [PASS in 2.78s]
01:57:58  68 of 88 START test not_null_fct_monthly_semiconductor_imports_month_mapping_found  [RUN]
01:57:58  69 of 88 START test not_null_fct_monthly_semiconductor_imports_partner_code .... [RUN]
01:57:58  70 of 88 START test not_null_fct_monthly_semiconductor_imports_period_start_date  [RUN]
01:57:58  67 of 88 PASS not_null_fct_monthly_semiconductor_imports_hs_version ............ [PASS in 0.91s]
01:57:59  68 of 88 PASS not_null_fct_monthly_semiconductor_imports_month_mapping_found ... [PASS in 0.90s]
01:57:59  70 of 88 PASS not_null_fct_monthly_semiconductor_imports_period_start_date ..... [PASS in 0.91s]
01:57:59  69 of 88 PASS not_null_fct_monthly_semiconductor_imports_partner_code .......... [PASS in 0.94s]
01:57:59  71 of 88 START unit_test int_partner_market_share::day09_partner_and_version_isolation  [RUN]
01:58:02  71 of 88 PASS int_partner_market_share::day09_partner_and_version_isolation .... [PASS in 3.16s]
01:58:02  72 of 88 START unit_test int_partner_market_share::day09_invalid_denominators_and_zero_current  [RUN]
01:58:05  72 of 88 PASS int_partner_market_share::day09_invalid_denominators_and_zero_current  [PASS in 2.89s]
01:58:05  73 of 88 START unit_test int_partner_market_share::day09_calendar_growth_and_weights  [RUN]
01:58:08  73 of 88 PASS int_partner_market_share::day09_calendar_growth_and_weights ...... [PASS in 2.95s]
01:58:08  74 of 88 START sql view model trade_analytics_day10_dev.int_partner_market_share  [RUN]
01:58:09  74 of 88 OK created sql view model trade_analytics_day10_dev.int_partner_market_share  [CREATE VIEW (0 processed) in 1.07s]
01:58:09  75 of 88 START test accepted_values_int_partner_market_share_market_share_status__ok__missing_world__invalid_world__missing_value  [RUN]
01:58:09  76 of 88 START test compound_unique_int_partner_market_share_period_start_date__partner_code__cmd_code__hs_version  [RUN]
01:58:09  77 of 88 START test not_null_int_partner_market_share_market_share_status ...... [RUN]
01:58:10  76 of 88 PASS compound_unique_int_partner_market_share_period_start_date__partner_code__cmd_code__hs_version  [PASS in 1.39s]
01:58:10  77 of 88 PASS not_null_int_partner_market_share_market_share_status ............ [PASS in 1.41s]
01:58:10  75 of 88 PASS accepted_values_int_partner_market_share_market_share_status__ok__missing_world__invalid_world__missing_value  [PASS in 1.58s]
01:58:10  78 of 88 START unit_test int_market_concentration_hhi::day09_hhi_hand_calculations_and_coverage  [RUN]
01:58:14  78 of 88 PASS int_market_concentration_hhi::day09_hhi_hand_calculations_and_coverage  [PASS in 3.26s]
01:58:14  79 of 88 START unit_test int_market_concentration_hhi::day09_hhi_unreviewed_country  [RUN]
01:58:16  79 of 88 PASS int_market_concentration_hhi::day09_hhi_unreviewed_country ....... [PASS in 2.59s]
01:58:16  80 of 88 START sql view model trade_analytics_day10_dev.int_market_concentration_hhi  [RUN]
01:58:17  80 of 88 OK created sql view model trade_analytics_day10_dev.int_market_concentration_hhi  [CREATE VIEW (0 processed) in 1.05s]
01:58:17  81 of 88 START test accepted_values_int_market_concentration_hhi_hhi_status__ok__missing_world__invalid_world__no_countries__missing_country_value__negative_country_value__unreviewed_country__insufficient_coverage  [RUN]
01:58:17  82 of 88 START test compound_unique_int_market_concentration_hhi_period_start_date__cmd_code__hs_version  [RUN]
01:58:17  83 of 88 START test not_null_int_market_concentration_hhi_hhi_status ........... [RUN]
01:58:19  81 of 88 PASS accepted_values_int_market_concentration_hhi_hhi_status__ok__missing_world__invalid_world__no_countries__missing_country_value__negative_country_value__unreviewed_country__insufficient_coverage  [PASS in 1.37s]
01:58:19  82 of 88 PASS compound_unique_int_market_concentration_hhi_period_start_date__cmd_code__hs_version  [PASS in 1.47s]
01:58:19  83 of 88 PASS not_null_int_market_concentration_hhi_hhi_status ................. [PASS in 1.48s]
01:58:19  84 of 88 START sql table model trade_analytics_day10_dev.mart_us_semiconductor_supply_chain_candidate  [RUN]
01:58:22  84 of 88 OK created sql table model trade_analytics_day10_dev.mart_us_semiconductor_supply_chain_candidate  [CREATE TABLE (2.7k rows, 1.2 MiB processed) in 2.72s]
01:58:22  85 of 88 START test assert_day09_candidate_preserves_fact ...................... [RUN]
01:58:22  87 of 88 START test compound_unique_mart_us_semiconductor_supply_chain_candidate_period_start_date__partner_code__cmd_code__hs_version  [RUN]
01:58:22  88 of 88 START test not_null_mart_us_semiconductor_supply_chain_candidate_hhi_status  [RUN]
01:58:22  86 of 88 START test assert_day09_metric_contract ............................... [RUN]
01:58:23  87 of 88 PASS compound_unique_mart_us_semiconductor_supply_chain_candidate_period_start_date__partner_code__cmd_code__hs_version  [PASS in 1.40s]
01:58:23  85 of 88 PASS assert_day09_candidate_preserves_fact ............................ [PASS in 1.47s]
01:58:23  88 of 88 PASS not_null_mart_us_semiconductor_supply_chain_candidate_hhi_status . [PASS in 1.43s]
01:58:23  86 of 88 PASS assert_day09_metric_contract ..................................... [PASS in 1.43s]
01:58:23
01:58:23  Finished running 2 seeds, 6 table models, 71 data tests, 5 unit tests, 4 view models in 0 hours 0 minutes and 54.87 seconds (54.87s).
01:58:24
01:58:24  Completed successfully
01:58:24
01:58:24  Done. PASS=88 WARN=0 ERROR=0 SKIP=0 NO-OP=0 REUSED=0 TOTAL=88
{"period": "202606", "status": "success", "step": "build", "vars": {"month_spine_end_date": "2026-06-01", "month_spine_start_date": "2023-01-01", "raw_end_date": "2026-07-01", "raw_start_date": "2023-01-01"}}

2026-10-02T01:58:31.371762Z [info     ] Done. Returned value was: {'period': '202606', 'status': 'success', 'step': 'build', 'vars': {'month_spine_end_date': '2026-06-01', 'month_spine_start_date': '2023-01-01', 'raw_end_date': '2026-07-01', 'raw_start_date': '2023-01-01'}} [airflow.task.operators.airflow.providers.standard.decorators.python._PythonDecoratedOperator] loc=python.py:233
2026-10-02T01:58:31.377653Z [info     ] ::group::Post Execute          [task] loc=task_runner.py:1580
2026-10-02T01:58:31.381400Z [info     ] Pushing xcom                   [task] loc=task_runner.py:2280 ti=RuntimeTaskInstance(id=UUID('01a0fa4f-e379-795e-8501-75e364ce82f5'), task_id='build_2', dag_id='trade_backfill_pipeline', run_id='manual__2026-10-02T01:52:13.543138+00:00', try_number=1, dag_version_id=UUID('01a0f340-b3af-72cd-8aa4-d8e453a1915b'), map_index=-1, hostname='afe341678f81', context_carrier=None, queue='default', task=<Task(_PythonDecoratedOperator): build_2>, max_tries=0, start_date=datetime.datetime(2026, 10, 2, 1, 56, 53, 737964, tzinfo=datetime.timezone.utc), end_date=None, state=<TaskInstanceState.RUNNING: 'running'>, is_mapped=False, rendered_map_index=None, sentry_integration='')
2026-10-02T01:58:32.034904Z [info     ] Task instance state updated    [airflow.api_fastapi.execution_api.routes.task_instances] correlation_id=01a0fa55-a50a-7357-b475-fc31b2403ec2 loc=task_instances.py:485 new_state=success rows_affected=1 ti_id=01a0fa4f-e379-795e-8501-75e364ce82f5
Task instance in success state
 Previous state of the Task instance: TaskInstanceState.RUNNING
Task operator:<Task(_PythonDecoratedOperator): build_2>
2026-10-02T01:58:32.077476Z [info     ] ::endgroup::                   [task] loc=task_runner.py:2379
2026-10-02T01:58:32.127625Z [info     ] [DAG TEST] end task task_id=build_2 map_index=-1 [airflow.sdk.definitions.dag] loc=dag.py:1563
2026-10-02T01:58:32.234301Z [info     ] [DAG TEST] starting task_id=audit_2 map_index=-1 [airflow.sdk.definitions.dag] loc=dag.py:1501
2026-10-02T01:58:32.235126Z [info     ] [DAG TEST] running task <TaskInstance: trade_backfill_pipeline.audit_2 manual__2026-10-02T01:52:13.543138+00:00 [TaskInstanceState.SCHEDULED] ti_id=01a0fa4f-e37a-75b6-a869-e2a0a87ad673> [airflow.sdk.definitions.dag] loc=dag.py:1504
2026-10-02T01:58:32.308536Z [info     ] Task started                   [airflow.api_fastapi.execution_api.routes.task_instances] correlation_id=01a0fa55-a63c-7eb0-8b4d-4d304f885c9b hostname=afe341678f81 loc=task_instances.py:226 previous_state=queued ti_id=01a0fa4f-e37a-75b6-a869-e2a0a87ad673
2026-10-02T01:58:32.316003Z [info     ] Task instance state updated    [airflow.api_fastapi.execution_api.routes.task_instances] correlation_id=01a0fa55-a63c-7eb0-8b4d-4d304f885c9b loc=task_instances.py:254 rows_affected=1 ti_id=01a0fa4f-e37a-75b6-a869-e2a0a87ad673
2026-10-02T01:58:32.466579Z [info     ] Updating RenderedTaskInstanceFields [airflow.api_fastapi.execution_api.routes.task_instances] correlation_id=01a0fa55-a6ff-731f-8595-7c7226b2b3bb field_count=3 loc=task_instances.py:1017 ti_id=01a0fa4f-e37a-75b6-a869-e2a0a87ad673
Task instance is in running state
 Previous state of the Task instance: TaskInstanceState.QUEUED
Current task name:audit_2
Dag name:trade_backfill_pipeline
2026-10-02T01:58:32.513644Z [info     ] ::endgroup::                   [task] loc=task_runner.py:2232
{"step": "audit", "kind": null, "period": "202606", "run_id": "backfill-202606-91ecf35cb23f39e2"}
{"jobs": [{"job_id": "5f2b2514-d294-4b16-b36c-e19d76ccb9a3", "result": "success"}, {"job_id": "ec6c5c25-4563-435e-b3b0-fedec87b5c15", "result": "success"}, {"job_id": "ed115f24-f325-4aa9-910b-598dbd44f8b0", "result": "success"}], "period": "202606", "reason_codes": [], "run_id": "backfill-202606-91ecf35cb23f39e2", "status": "PASS", "step": "audit"}

2026-10-02T01:58:43.593883Z [info     ] Done. Returned value was: {'jobs': [{'job_id': '5f2b2514-d294-4b16-b36c-e19d76ccb9a3', 'result': 'success'}, {'job_id': 'ec6c5c25-4563-435e-b3b0-fedec87b5c15', 'result': 'success'}, {'job_id': 'ed115f24-f325-4aa9-910b-598dbd44f8b0', 'result': 'success'}], 'period': '202606', 'reason_codes': [], 'run_id': 'backfill-202606-91ecf35cb23f39e2', 'status': 'PASS', 'step': 'audit'} [airflow.task.operators.airflow.providers.standard.decorators.python._PythonDecoratedOperator] loc=python.py:233
2026-10-02T01:58:43.596215Z [info     ] ::group::Post Execute          [task] loc=task_runner.py:1580
2026-10-02T01:58:43.598179Z [info     ] Pushing xcom                   [task] loc=task_runner.py:2280 ti=RuntimeTaskInstance(id=UUID('01a0fa4f-e37a-75b6-a869-e2a0a87ad673'), task_id='audit_2', dag_id='trade_backfill_pipeline', run_id='manual__2026-10-02T01:52:13.543138+00:00', try_number=1, dag_version_id=UUID('01a0f340-b3af-72cd-8aa4-d8e453a1915b'), map_index=-1, hostname='afe341678f81', context_carrier=None, queue='default', task=<Task(_PythonDecoratedOperator): audit_2>, max_tries=0, start_date=datetime.datetime(2026, 10, 2, 1, 58, 32, 249958, tzinfo=datetime.timezone.utc), end_date=None, state=<TaskInstanceState.RUNNING: 'running'>, is_mapped=False, rendered_map_index=None, sentry_integration='')
2026-10-02T01:58:43.961411Z [info     ] Task instance state updated    [airflow.api_fastapi.execution_api.routes.task_instances] correlation_id=01a0fa55-d3c8-7cc5-a180-b687c3f1a7e7 loc=task_instances.py:485 new_state=success rows_affected=1 ti_id=01a0fa4f-e37a-75b6-a869-e2a0a87ad673
Task instance in success state
 Previous state of the Task instance: TaskInstanceState.RUNNING
Task operator:<Task(_PythonDecoratedOperator): audit_2>
2026-10-02T01:58:43.980922Z [info     ] ::endgroup::                   [task] loc=task_runner.py:2379
2026-10-02T01:58:44.039533Z [info     ] [DAG TEST] end task task_id=audit_2 map_index=-1 [airflow.sdk.definitions.dag] loc=dag.py:1563
2026-10-02T01:58:44.132166Z [info     ] [DAG TEST] starting task_id=gate_2 map_index=-1 [airflow.sdk.definitions.dag] loc=dag.py:1501
2026-10-02T01:58:44.132535Z [info     ] [DAG TEST] running task <TaskInstance: trade_backfill_pipeline.gate_2 manual__2026-10-02T01:52:13.543138+00:00 [TaskInstanceState.SCHEDULED] ti_id=01a0fa4f-e37b-79bc-b9d6-a7e1df4160fa> [airflow.sdk.definitions.dag] loc=dag.py:1504
2026-10-02T01:58:44.192103Z [info     ] Task started                   [airflow.api_fastapi.execution_api.routes.task_instances] correlation_id=01a0fa55-d4b2-7797-a1d5-dd4b6b3a0de8 hostname=afe341678f81 loc=task_instances.py:226 previous_state=queued ti_id=01a0fa4f-e37b-79bc-b9d6-a7e1df4160fa
2026-10-02T01:58:44.195992Z [info     ] Task instance state updated    [airflow.api_fastapi.execution_api.routes.task_instances] correlation_id=01a0fa55-d4b2-7797-a1d5-dd4b6b3a0de8 loc=task_instances.py:254 rows_affected=1 ti_id=01a0fa4f-e37b-79bc-b9d6-a7e1df4160fa
2026-10-02T01:58:44.279963Z [info     ] Updating RenderedTaskInstanceFields [airflow.api_fastapi.execution_api.routes.task_instances] correlation_id=01a0fa55-d528-7d1f-ac15-32f9a84fdf32 field_count=3 loc=task_instances.py:1017 ti_id=01a0fa4f-e37b-79bc-b9d6-a7e1df4160fa
Task instance is in running state
 Previous state of the Task instance: TaskInstanceState.QUEUED
Current task name:gate_2
Dag name:trade_backfill_pipeline
2026-10-02T01:58:44.308371Z [info     ] ::endgroup::                   [task] loc=task_runner.py:2232
{"step": "gate", "kind": null, "period": "202606", "run_id": "backfill-202606-91ecf35cb23f39e2"}
{"jobs": [{"job_id": "2afb9d98-2e53-4f9b-81eb-5a55d5722122", "result": "success"}], "period": "202606", "run_id": "backfill-202606-91ecf35cb23f39e2", "status": "PASS", "step": "gate"}

2026-10-02T01:58:48.815481Z [info     ] Done. Returned value was: {'jobs': [{'job_id': '2afb9d98-2e53-4f9b-81eb-5a55d5722122', 'result': 'success'}], 'period': '202606', 'run_id': 'backfill-202606-91ecf35cb23f39e2', 'status': 'PASS', 'step': 'gate'} [airflow.task.operators.airflow.providers.standard.decorators.python._PythonDecoratedOperator] loc=python.py:233
2026-10-02T01:58:48.845001Z [info     ] ::group::Post Execute          [task] loc=task_runner.py:1580
2026-10-02T01:58:48.848037Z [info     ] Pushing xcom                   [task] loc=task_runner.py:2280 ti=RuntimeTaskInstance(id=UUID('01a0fa4f-e37b-79bc-b9d6-a7e1df4160fa'), task_id='gate_2', dag_id='trade_backfill_pipeline', run_id='manual__2026-10-02T01:52:13.543138+00:00', try_number=1, dag_version_id=UUID('01a0f340-b3af-72cd-8aa4-d8e453a1915b'), map_index=-1, hostname='afe341678f81', context_carrier=None, queue='default', task=<Task(_PythonDecoratedOperator): gate_2>, max_tries=0, start_date=datetime.datetime(2026, 10, 2, 1, 58, 44, 144594, tzinfo=datetime.timezone.utc), end_date=None, state=<TaskInstanceState.RUNNING: 'running'>, is_mapped=False, rendered_map_index=None, sentry_integration='')
2026-10-02T01:58:49.170780Z [info     ] Task instance state updated    [airflow.api_fastapi.execution_api.routes.task_instances] correlation_id=01a0fa55-e823-7c6f-a4c2-5bf152eea422 loc=task_instances.py:485 new_state=success rows_affected=1 ti_id=01a0fa4f-e37b-79bc-b9d6-a7e1df4160fa
Task instance in success state
 Previous state of the Task instance: TaskInstanceState.RUNNING
Task operator:<Task(_PythonDecoratedOperator): gate_2>
2026-10-02T01:58:49.191277Z [info     ] ::endgroup::                   [task] loc=task_runner.py:2379
2026-10-02T01:58:49.228666Z [info     ] [DAG TEST] end task task_id=gate_2 map_index=-1 [airflow.sdk.definitions.dag] loc=dag.py:1563
2026-10-02T01:58:49.309276Z [info     ] [DAG TEST] starting task_id=publish_2 map_index=-1 [airflow.sdk.definitions.dag] loc=dag.py:1501
2026-10-02T01:58:49.309650Z [info     ] [DAG TEST] running task <TaskInstance: trade_backfill_pipeline.publish_2 manual__2026-10-02T01:52:13.543138+00:00 [TaskInstanceState.SCHEDULED] ti_id=01a0fa4f-e37c-7993-af20-70c117196c09> [airflow.sdk.definitions.dag] loc=dag.py:1504
2026-10-02T01:58:49.346723Z [info     ] Task started                   [airflow.api_fastapi.execution_api.routes.task_instances] correlation_id=01a0fa55-e8e7-76e6-98b9-a145ab2d51f7 hostname=afe341678f81 loc=task_instances.py:226 previous_state=queued ti_id=01a0fa4f-e37c-7993-af20-70c117196c09
2026-10-02T01:58:49.351666Z [info     ] Task instance state updated    [airflow.api_fastapi.execution_api.routes.task_instances] correlation_id=01a0fa55-e8e7-76e6-98b9-a145ab2d51f7 loc=task_instances.py:254 rows_affected=1 ti_id=01a0fa4f-e37c-7993-af20-70c117196c09
2026-10-02T01:58:49.445242Z [info     ] Updating RenderedTaskInstanceFields [airflow.api_fastapi.execution_api.routes.task_instances] correlation_id=01a0fa55-e953-7287-8e28-cfc000178615 field_count=3 loc=task_instances.py:1017 ti_id=01a0fa4f-e37c-7993-af20-70c117196c09
Task instance is in running state
 Previous state of the Task instance: TaskInstanceState.QUEUED
Current task name:publish_2
Dag name:trade_backfill_pipeline
2026-10-02T01:58:49.481159Z [info     ] ::endgroup::                   [task] loc=task_runner.py:2232
{"step": "publish", "kind": null, "period": "202606", "run_id": "backfill-202606-91ecf35cb23f39e2"}
{"jobs": [{"job_id": "b726cbb5-fc13-4f24-a525-eb8135073ae8", "result": "success"}, {"job_id": "d388fc28-3153-4d50-bf01-d7e038df7fc1", "result": "success"}, {"job_id": "8bea1d0b-fe2e-4c79-872f-a4bb0360ff07", "result": "success"}], "period": "202606", "run_id": "backfill-202606-91ecf35cb23f39e2", "status": "published", "step": "publish"}

2026-10-02T01:59:01.822946Z [info     ] Done. Returned value was: {'jobs': [{'job_id': 'b726cbb5-fc13-4f24-a525-eb8135073ae8', 'result': 'success'}, {'job_id': 'd388fc28-3153-4d50-bf01-d7e038df7fc1', 'result': 'success'}, {'job_id': '8bea1d0b-fe2e-4c79-872f-a4bb0360ff07', 'result': 'success'}], 'period': '202606', 'run_id': 'backfill-202606-91ecf35cb23f39e2', 'status': 'published', 'step': 'publish'} [airflow.task.operators.airflow.providers.standard.decorators.python._PythonDecoratedOperator] loc=python.py:233
2026-10-02T01:59:01.844298Z [info     ] ::group::Post Execute          [task] loc=task_runner.py:1580
2026-10-02T01:59:01.855074Z [info     ] Pushing xcom                   [task] loc=task_runner.py:2280 ti=RuntimeTaskInstance(id=UUID('01a0fa4f-e37c-7993-af20-70c117196c09'), task_id='publish_2', dag_id='trade_backfill_pipeline', run_id='manual__2026-10-02T01:52:13.543138+00:00', try_number=1, dag_version_id=UUID('01a0f340-b3af-72cd-8aa4-d8e453a1915b'), map_index=-1, hostname='afe341678f81', context_carrier=None, queue='default', task=<Task(_PythonDecoratedOperator): publish_2>, max_tries=0, start_date=datetime.datetime(2026, 10, 2, 1, 58, 49, 316984, tzinfo=datetime.timezone.utc), end_date=None, state=<TaskInstanceState.RUNNING: 'running'>, is_mapped=False, rendered_map_index=None, sentry_integration='')
2026-10-02T01:59:02.614269Z [info     ] Task instance state updated    [airflow.api_fastapi.execution_api.routes.task_instances] correlation_id=01a0fa56-1c87-7145-85c5-c4d34032ced1 loc=task_instances.py:485 new_state=success rows_affected=1 ti_id=01a0fa4f-e37c-7993-af20-70c117196c09
Task instance in success state
 Previous state of the Task instance: TaskInstanceState.RUNNING
Task operator:<Task(_PythonDecoratedOperator): publish_2>
2026-10-02T01:59:02.654247Z [info     ] ::endgroup::                   [task] loc=task_runner.py:2379
2026-10-02T01:59:02.724151Z [info     ] [DAG TEST] end task task_id=publish_2 map_index=-1 [airflow.sdk.definitions.dag] loc=dag.py:1563
2026-10-02T01:59:02.894223Z [info     ] [DAG TEST] starting task_id=select_month_3 map_index=-1 [airflow.sdk.definitions.dag] loc=dag.py:1501
2026-10-02T01:59:02.894499Z [info     ] [DAG TEST] running task <TaskInstance: trade_backfill_pipeline.select_month_3 manual__2026-10-02T01:52:13.543138+00:00 [TaskInstanceState.SCHEDULED] ti_id=01a0fa4f-e37d-7194-b9b9-b8f921380119> [airflow.sdk.definitions.dag] loc=dag.py:1504
2026-10-02T01:59:02.990623Z [info     ] Task started                   [airflow.api_fastapi.execution_api.routes.task_instances] correlation_id=01a0fa56-1e07-7411-b86f-3905b7ca2a25 hostname=afe341678f81 loc=task_instances.py:226 previous_state=queued ti_id=01a0fa4f-e37d-7194-b9b9-b8f921380119
2026-10-02T01:59:02.998073Z [info     ] Task instance state updated    [airflow.api_fastapi.execution_api.routes.task_instances] correlation_id=01a0fa56-1e07-7411-b86f-3905b7ca2a25 loc=task_instances.py:254 rows_affected=1 ti_id=01a0fa4f-e37d-7194-b9b9-b8f921380119
2026-10-02T01:59:03.178664Z [info     ] Updating RenderedTaskInstanceFields [airflow.api_fastapi.execution_api.routes.task_instances] correlation_id=01a0fa56-1ee7-7949-a2f3-e9474ae6f142 field_count=3 loc=task_instances.py:1017 ti_id=01a0fa4f-e37d-7194-b9b9-b8f921380119
Task instance is in running state
 Previous state of the Task instance: TaskInstanceState.QUEUED
Current task name:select_month_3
Dag name:trade_backfill_pipeline
2026-10-02T01:59:03.237768Z [info     ] ::endgroup::                   [task] loc=task_runner.py:2232
2026-10-02T01:59:03.242016Z [info     ] Done. Returned value was: {'status': 'unused'} [airflow.task.operators.airflow.providers.standard.decorators.python._PythonDecoratedOperator] loc=python.py:233
2026-10-02T01:59:03.242467Z [info     ] ::group::Post Execute          [task] loc=task_runner.py:1580
2026-10-02T01:59:03.246289Z [info     ] Pushing xcom                   [task] loc=task_runner.py:2280 ti=RuntimeTaskInstance(id=UUID('01a0fa4f-e37d-7194-b9b9-b8f921380119'), task_id='select_month_3', dag_id='trade_backfill_pipeline', run_id='manual__2026-10-02T01:52:13.543138+00:00', try_number=1, dag_version_id=UUID('01a0f340-b3af-72cd-8aa4-d8e453a1915b'), map_index=-1, hostname='afe341678f81', context_carrier=None, queue='default', task=<Task(_PythonDecoratedOperator): select_month_3>, max_tries=0, start_date=datetime.datetime(2026, 10, 2, 1, 59, 2, 917112, tzinfo=datetime.timezone.utc), end_date=None, state=<TaskInstanceState.RUNNING: 'running'>, is_mapped=False, rendered_map_index=None, sentry_integration='')
2026-10-02T01:59:03.474024Z [info     ] Task instance state updated    [airflow.api_fastapi.execution_api.routes.task_instances] correlation_id=01a0fa56-1fee-7b25-9309-3151112521da loc=task_instances.py:485 new_state=success rows_affected=1 ti_id=01a0fa4f-e37d-7194-b9b9-b8f921380119
Task instance in success state
 Previous state of the Task instance: TaskInstanceState.RUNNING
Task operator:<Task(_PythonDecoratedOperator): select_month_3>
2026-10-02T01:59:03.515466Z [info     ] ::endgroup::                   [task] loc=task_runner.py:2379
2026-10-02T01:59:03.551635Z [info     ] [DAG TEST] end task task_id=select_month_3 map_index=-1 [airflow.sdk.definitions.dag] loc=dag.py:1563
2026-10-02T01:59:03.644298Z [info     ] [DAG TEST] starting task_id=ingest_detail_3 map_index=-1 [airflow.sdk.definitions.dag] loc=dag.py:1501
2026-10-02T01:59:03.644583Z [info     ] [DAG TEST] running task <TaskInstance: trade_backfill_pipeline.ingest_detail_3 manual__2026-10-02T01:52:13.543138+00:00 [TaskInstanceState.SCHEDULED] ti_id=01a0fa4f-e37e-7fda-9b82-f6a87542a7fb> [airflow.sdk.definitions.dag] loc=dag.py:1504
2026-10-02T01:59:03.746110Z [info     ] Task started                   [airflow.api_fastapi.execution_api.routes.task_instances] correlation_id=01a0fa56-20f7-7b39-bf5d-c5b2be13bada hostname=afe341678f81 loc=task_instances.py:226 previous_state=queued ti_id=01a0fa4f-e37e-7fda-9b82-f6a87542a7fb
2026-10-02T01:59:03.755810Z [info     ] Task instance state updated    [airflow.api_fastapi.execution_api.routes.task_instances] correlation_id=01a0fa56-20f7-7b39-bf5d-c5b2be13bada loc=task_instances.py:254 rows_affected=1 ti_id=01a0fa4f-e37e-7fda-9b82-f6a87542a7fb
2026-10-02T01:59:03.846697Z [info     ] Updating RenderedTaskInstanceFields [airflow.api_fastapi.execution_api.routes.task_instances] correlation_id=01a0fa56-2197-7e4f-9af4-ed1a77adae8e field_count=3 loc=task_instances.py:1017 ti_id=01a0fa4f-e37e-7fda-9b82-f6a87542a7fb
Task instance is in running state
 Previous state of the Task instance: TaskInstanceState.QUEUED
Current task name:ingest_detail_3
Dag name:trade_backfill_pipeline
2026-10-02T01:59:03.879979Z [info     ] ::endgroup::                   [task] loc=task_runner.py:2232
2026-10-02T01:59:03.883307Z [info     ] Done. Returned value was: {'step': 'ingest', 'period': None, 'status': 'unused'} [airflow.task.operators.airflow.providers.standard.decorators.python._PythonDecoratedOperator] loc=python.py:233
2026-10-02T01:59:03.883844Z [info     ] ::group::Post Execute          [task] loc=task_runner.py:1580
2026-10-02T01:59:03.884108Z [info     ] Pushing xcom                   [task] loc=task_runner.py:2280 ti=RuntimeTaskInstance(id=UUID('01a0fa4f-e37e-7fda-9b82-f6a87542a7fb'), task_id='ingest_detail_3', dag_id='trade_backfill_pipeline', run_id='manual__2026-10-02T01:52:13.543138+00:00', try_number=1, dag_version_id=UUID('01a0f340-b3af-72cd-8aa4-d8e453a1915b'), map_index=-1, hostname='afe341678f81', context_carrier=None, queue='default', task=<Task(_PythonDecoratedOperator): ingest_detail_3>, max_tries=3, start_date=datetime.datetime(2026, 10, 2, 1, 59, 3, 669691, tzinfo=datetime.timezone.utc), end_date=None, state=<TaskInstanceState.RUNNING: 'running'>, is_mapped=False, rendered_map_index=None, sentry_integration='')
2026-10-02T01:59:04.633851Z [info     ] Task instance state updated    [airflow.api_fastapi.execution_api.routes.task_instances] correlation_id=01a0fa56-246b-7685-b781-1c067e078845 loc=task_instances.py:485 new_state=success rows_affected=1 ti_id=01a0fa4f-e37e-7fda-9b82-f6a87542a7fb
Task instance in success state
 Previous state of the Task instance: TaskInstanceState.RUNNING
Task operator:<Task(_PythonDecoratedOperator): ingest_detail_3>
2026-10-02T01:59:04.708745Z [info     ] ::endgroup::                   [task] loc=task_runner.py:2379
2026-10-02T01:59:04.851656Z [info     ] [DAG TEST] end task task_id=ingest_detail_3 map_index=-1 [airflow.sdk.definitions.dag] loc=dag.py:1563
2026-10-02T01:59:04.852250Z [info     ] [DAG TEST] starting task_id=ingest_world_3 map_index=-1 [airflow.sdk.definitions.dag] loc=dag.py:1501
2026-10-02T01:59:04.852467Z [info     ] [DAG TEST] running task <TaskInstance: trade_backfill_pipeline.ingest_world_3 manual__2026-10-02T01:52:13.543138+00:00 [TaskInstanceState.SCHEDULED] ti_id=01a0fa4f-e37f-7f45-8a8f-8f2b6016e300> [airflow.sdk.definitions.dag] loc=dag.py:1504
2026-10-02T01:59:04.964885Z [info     ] Task started                   [airflow.api_fastapi.execution_api.routes.task_instances] correlation_id=01a0fa56-25ba-7a9a-b0a6-6ef92b65214b hostname=afe341678f81 loc=task_instances.py:226 previous_state=queued ti_id=01a0fa4f-e37f-7f45-8a8f-8f2b6016e300
2026-10-02T01:59:04.975324Z [info     ] Task instance state updated    [airflow.api_fastapi.execution_api.routes.task_instances] correlation_id=01a0fa56-25ba-7a9a-b0a6-6ef92b65214b loc=task_instances.py:254 rows_affected=1 ti_id=01a0fa4f-e37f-7f45-8a8f-8f2b6016e300
2026-10-02T01:59:05.197405Z [info     ] Updating RenderedTaskInstanceFields [airflow.api_fastapi.execution_api.routes.task_instances] correlation_id=01a0fa56-26a8-7091-a727-899c4245f727 field_count=3 loc=task_instances.py:1017 ti_id=01a0fa4f-e37f-7f45-8a8f-8f2b6016e300
Task instance is in running state
 Previous state of the Task instance: TaskInstanceState.QUEUED
Current task name:ingest_world_3
Dag name:trade_backfill_pipeline
2026-10-02T01:59:05.264768Z [info     ] ::endgroup::                   [task] loc=task_runner.py:2232
2026-10-02T01:59:05.267488Z [info     ] Done. Returned value was: {'step': 'ingest', 'period': None, 'status': 'unused'} [airflow.task.operators.airflow.providers.standard.decorators.python._PythonDecoratedOperator] loc=python.py:233
2026-10-02T01:59:05.271434Z [info     ] ::group::Post Execute          [task] loc=task_runner.py:1580
2026-10-02T01:59:05.273218Z [info     ] Pushing xcom                   [task] loc=task_runner.py:2280 ti=RuntimeTaskInstance(id=UUID('01a0fa4f-e37f-7f45-8a8f-8f2b6016e300'), task_id='ingest_world_3', dag_id='trade_backfill_pipeline', run_id='manual__2026-10-02T01:52:13.543138+00:00', try_number=1, dag_version_id=UUID('01a0f340-b3af-72cd-8aa4-d8e453a1915b'), map_index=-1, hostname='afe341678f81', context_carrier=None, queue='default', task=<Task(_PythonDecoratedOperator): ingest_world_3>, max_tries=3, start_date=datetime.datetime(2026, 10, 2, 1, 59, 4, 888303, tzinfo=datetime.timezone.utc), end_date=None, state=<TaskInstanceState.RUNNING: 'running'>, is_mapped=False, rendered_map_index=None, sentry_integration='')
2026-10-02T01:59:05.727160Z [info     ] Task instance state updated    [airflow.api_fastapi.execution_api.routes.task_instances] correlation_id=01a0fa56-28a9-790e-a3d7-6508226f1754 loc=task_instances.py:485 new_state=success rows_affected=1 ti_id=01a0fa4f-e37f-7f45-8a8f-8f2b6016e300
Task instance in success state
 Previous state of the Task instance: TaskInstanceState.RUNNING
Task operator:<Task(_PythonDecoratedOperator): ingest_world_3>
2026-10-02T01:59:05.797530Z [info     ] ::endgroup::                   [task] loc=task_runner.py:2379
2026-10-02T01:59:06.003269Z [info     ] [DAG TEST] end task task_id=ingest_world_3 map_index=-1 [airflow.sdk.definitions.dag] loc=dag.py:1563
2026-10-02T01:59:06.254921Z [info     ] [DAG TEST] starting task_id=load_world_3 map_index=-1 [airflow.sdk.definitions.dag] loc=dag.py:1501
2026-10-02T01:59:06.257467Z [info     ] [DAG TEST] running task <TaskInstance: trade_backfill_pipeline.load_world_3 manual__2026-10-02T01:52:13.543138+00:00 [TaskInstanceState.SCHEDULED] ti_id=01a0fa4f-e381-76d5-9ac1-ebf5be5f0fc3> [airflow.sdk.definitions.dag] loc=dag.py:1504
2026-10-02T01:59:06.490748Z [info     ] Task started                   [airflow.api_fastapi.execution_api.routes.task_instances] correlation_id=01a0fa56-2b4b-7c95-a384-230926f33179 hostname=afe341678f81 loc=task_instances.py:226 previous_state=queued ti_id=01a0fa4f-e381-76d5-9ac1-ebf5be5f0fc3
2026-10-02T01:59:06.510787Z [info     ] Task instance state updated    [airflow.api_fastapi.execution_api.routes.task_instances] correlation_id=01a0fa56-2b4b-7c95-a384-230926f33179 loc=task_instances.py:254 rows_affected=1 ti_id=01a0fa4f-e381-76d5-9ac1-ebf5be5f0fc3
2026-10-02T01:59:06.802698Z [info     ] Updating RenderedTaskInstanceFields [airflow.api_fastapi.execution_api.routes.task_instances] correlation_id=01a0fa56-2d0d-7fc6-8184-14342fdc44db field_count=3 loc=task_instances.py:1017 ti_id=01a0fa4f-e381-76d5-9ac1-ebf5be5f0fc3
Task instance is in running state
 Previous state of the Task instance: TaskInstanceState.QUEUED
Current task name:load_world_3
Dag name:trade_backfill_pipeline
2026-10-02T01:59:06.893737Z [info     ] ::endgroup::                   [task] loc=task_runner.py:2232
2026-10-02T01:59:06.898260Z [info     ] Done. Returned value was: {'step': 'load', 'period': None, 'status': 'unused'} [airflow.task.operators.airflow.providers.standard.decorators.python._PythonDecoratedOperator] loc=python.py:233
2026-10-02T01:59:06.898810Z [info     ] ::group::Post Execute          [task] loc=task_runner.py:1580
2026-10-02T01:59:06.902522Z [info     ] Pushing xcom                   [task] loc=task_runner.py:2280 ti=RuntimeTaskInstance(id=UUID('01a0fa4f-e381-76d5-9ac1-ebf5be5f0fc3'), task_id='load_world_3', dag_id='trade_backfill_pipeline', run_id='manual__2026-10-02T01:52:13.543138+00:00', try_number=1, dag_version_id=UUID('01a0f340-b3af-72cd-8aa4-d8e453a1915b'), map_index=-1, hostname='afe341678f81', context_carrier=None, queue='default', task=<Task(_PythonDecoratedOperator): load_world_3>, max_tries=3, start_date=datetime.datetime(2026, 10, 2, 1, 59, 6, 310271, tzinfo=datetime.timezone.utc), end_date=None, state=<TaskInstanceState.RUNNING: 'running'>, is_mapped=False, rendered_map_index=None, sentry_integration='')
2026-10-02T01:59:07.400574Z [info     ] Task instance state updated    [airflow.api_fastapi.execution_api.routes.task_instances] correlation_id=01a0fa56-2f10-79ef-9fe7-1acf7a49c326 loc=task_instances.py:485 new_state=success rows_affected=1 ti_id=01a0fa4f-e381-76d5-9ac1-ebf5be5f0fc3
Task instance in success state
 Previous state of the Task instance: TaskInstanceState.RUNNING
Task operator:<Task(_PythonDecoratedOperator): load_world_3>
2026-10-02T01:59:07.442693Z [info     ] ::endgroup::                   [task] loc=task_runner.py:2379
2026-10-02T01:59:07.491317Z [info     ] [DAG TEST] end task task_id=load_world_3 map_index=-1 [airflow.sdk.definitions.dag] loc=dag.py:1563
2026-10-02T01:59:07.491850Z [info     ] [DAG TEST] starting task_id=load_detail_3 map_index=-1 [airflow.sdk.definitions.dag] loc=dag.py:1501
2026-10-02T01:59:07.491995Z [info     ] [DAG TEST] running task <TaskInstance: trade_backfill_pipeline.load_detail_3 manual__2026-10-02T01:52:13.543138+00:00 [TaskInstanceState.SCHEDULED] ti_id=01a0fa4f-e380-7fb2-916b-7ffc8f1c817c> [airflow.sdk.definitions.dag] loc=dag.py:1504
2026-10-02T01:59:07.617303Z [info     ] Task started                   [airflow.api_fastapi.execution_api.routes.task_instances] correlation_id=01a0fa56-3018-73a9-afe0-54cf9162483e hostname=afe341678f81 loc=task_instances.py:226 previous_state=queued ti_id=01a0fa4f-e380-7fb2-916b-7ffc8f1c817c
2026-10-02T01:59:07.627791Z [info     ] Task instance state updated    [airflow.api_fastapi.execution_api.routes.task_instances] correlation_id=01a0fa56-3018-73a9-afe0-54cf9162483e loc=task_instances.py:254 rows_affected=1 ti_id=01a0fa4f-e380-7fb2-916b-7ffc8f1c817c
2026-10-02T01:59:07.847050Z [info     ] Updating RenderedTaskInstanceFields [airflow.api_fastapi.execution_api.routes.task_instances] correlation_id=01a0fa56-3111-7ffd-95c6-572259eb6dc1 field_count=3 loc=task_instances.py:1017 ti_id=01a0fa4f-e380-7fb2-916b-7ffc8f1c817c
Task instance is in running state
 Previous state of the Task instance: TaskInstanceState.QUEUED
Current task name:load_detail_3
Dag name:trade_backfill_pipeline
2026-10-02T01:59:07.927591Z [info     ] ::endgroup::                   [task] loc=task_runner.py:2232
2026-10-02T01:59:07.929203Z [info     ] Done. Returned value was: {'step': 'load', 'period': None, 'status': 'unused'} [airflow.task.operators.airflow.providers.standard.decorators.python._PythonDecoratedOperator] loc=python.py:233
2026-10-02T01:59:07.929765Z [info     ] ::group::Post Execute          [task] loc=task_runner.py:1580
2026-10-02T01:59:07.930307Z [info     ] Pushing xcom                   [task] loc=task_runner.py:2280 ti=RuntimeTaskInstance(id=UUID('01a0fa4f-e380-7fb2-916b-7ffc8f1c817c'), task_id='load_detail_3', dag_id='trade_backfill_pipeline', run_id='manual__2026-10-02T01:52:13.543138+00:00', try_number=1, dag_version_id=UUID('01a0f340-b3af-72cd-8aa4-d8e453a1915b'), map_index=-1, hostname='afe341678f81', context_carrier=None, queue='default', task=<Task(_PythonDecoratedOperator): load_detail_3>, max_tries=3, start_date=datetime.datetime(2026, 10, 2, 1, 59, 7, 543670, tzinfo=datetime.timezone.utc), end_date=None, state=<TaskInstanceState.RUNNING: 'running'>, is_mapped=False, rendered_map_index=None, sentry_integration='')
2026-10-02T01:59:08.319769Z [info     ] Task instance state updated    [airflow.api_fastapi.execution_api.routes.task_instances] correlation_id=01a0fa56-32df-754f-8c32-7a543f3b67ec loc=task_instances.py:485 new_state=success rows_affected=1 ti_id=01a0fa4f-e380-7fb2-916b-7ffc8f1c817c
Task instance in success state
 Previous state of the Task instance: TaskInstanceState.RUNNING
Task operator:<Task(_PythonDecoratedOperator): load_detail_3>
2026-10-02T01:59:08.353007Z [info     ] ::endgroup::                   [task] loc=task_runner.py:2379
2026-10-02T01:59:08.419699Z [info     ] [DAG TEST] end task task_id=load_detail_3 map_index=-1 [airflow.sdk.definitions.dag] loc=dag.py:1563
2026-10-02T01:59:08.521397Z [info     ] [DAG TEST] starting task_id=attest_3 map_index=-1 [airflow.sdk.definitions.dag] loc=dag.py:1501
2026-10-02T01:59:08.521829Z [info     ] [DAG TEST] running task <TaskInstance: trade_backfill_pipeline.attest_3 manual__2026-10-02T01:52:13.543138+00:00 [TaskInstanceState.SCHEDULED] ti_id=01a0fa4f-e382-78ce-b196-7d73ab66247e> [airflow.sdk.definitions.dag] loc=dag.py:1504
2026-10-02T01:59:08.604721Z [info     ] Task started                   [airflow.api_fastapi.execution_api.routes.task_instances] correlation_id=01a0fa56-33fa-7b06-8f59-7534dc6ba264 hostname=afe341678f81 loc=task_instances.py:226 previous_state=queued ti_id=01a0fa4f-e382-78ce-b196-7d73ab66247e
2026-10-02T01:59:08.613160Z [info     ] Task instance state updated    [airflow.api_fastapi.execution_api.routes.task_instances] correlation_id=01a0fa56-33fa-7b06-8f59-7534dc6ba264 loc=task_instances.py:254 rows_affected=1 ti_id=01a0fa4f-e382-78ce-b196-7d73ab66247e
2026-10-02T01:59:08.698520Z [info     ] Updating RenderedTaskInstanceFields [airflow.api_fastapi.execution_api.routes.task_instances] correlation_id=01a0fa56-348e-745c-a94d-0a7d01090db9 field_count=3 loc=task_instances.py:1017 ti_id=01a0fa4f-e382-78ce-b196-7d73ab66247e
Task instance is in running state
 Previous state of the Task instance: TaskInstanceState.QUEUED
Current task name:attest_3
Dag name:trade_backfill_pipeline
2026-10-02T01:59:08.850890Z [info     ] ::endgroup::                   [task] loc=task_runner.py:2232
2026-10-02T01:59:08.858884Z [info     ] Done. Returned value was: {'step': 'attest', 'period': None, 'status': 'unused'} [airflow.task.operators.airflow.providers.standard.decorators.python._PythonDecoratedOperator] loc=python.py:233
2026-10-02T01:59:08.859491Z [info     ] ::group::Post Execute          [task] loc=task_runner.py:1580
2026-10-02T01:59:08.860191Z [info     ] Pushing xcom                   [task] loc=task_runner.py:2280 ti=RuntimeTaskInstance(id=UUID('01a0fa4f-e382-78ce-b196-7d73ab66247e'), task_id='attest_3', dag_id='trade_backfill_pipeline', run_id='manual__2026-10-02T01:52:13.543138+00:00', try_number=1, dag_version_id=UUID('01a0f340-b3af-72cd-8aa4-d8e453a1915b'), map_index=-1, hostname='afe341678f81', context_carrier=None, queue='default', task=<Task(_PythonDecoratedOperator): attest_3>, max_tries=0, start_date=datetime.datetime(2026, 10, 2, 1, 59, 8, 537087, tzinfo=datetime.timezone.utc), end_date=None, state=<TaskInstanceState.RUNNING: 'running'>, is_mapped=False, rendered_map_index=None, sentry_integration='')
2026-10-02T01:59:09.477757Z [info     ] Task instance state updated    [airflow.api_fastapi.execution_api.routes.task_instances] correlation_id=01a0fa56-3725-7457-8b2d-b3176269572a loc=task_instances.py:485 new_state=success rows_affected=1 ti_id=01a0fa4f-e382-78ce-b196-7d73ab66247e
Task instance in success state
 Previous state of the Task instance: TaskInstanceState.RUNNING
Task operator:<Task(_PythonDecoratedOperator): attest_3>
2026-10-02T01:59:09.511814Z [info     ] ::endgroup::                   [task] loc=task_runner.py:2379
2026-10-02T01:59:09.568218Z [info     ] [DAG TEST] end task task_id=attest_3 map_index=-1 [airflow.sdk.definitions.dag] loc=dag.py:1563
2026-10-02T01:59:09.677948Z [info     ] [DAG TEST] starting task_id=build_3 map_index=-1 [airflow.sdk.definitions.dag] loc=dag.py:1501
2026-10-02T01:59:09.678323Z [info     ] [DAG TEST] running task <TaskInstance: trade_backfill_pipeline.build_3 manual__2026-10-02T01:52:13.543138+00:00 [TaskInstanceState.SCHEDULED] ti_id=01a0fa4f-e383-7b29-bd7d-57dd38109ba9> [airflow.sdk.definitions.dag] loc=dag.py:1504
2026-10-02T01:59:09.780321Z [info     ] Task started                   [airflow.api_fastapi.execution_api.routes.task_instances] correlation_id=01a0fa56-388d-7ae4-af2d-e80710f54b30 hostname=afe341678f81 loc=task_instances.py:226 previous_state=queued ti_id=01a0fa4f-e383-7b29-bd7d-57dd38109ba9
2026-10-02T01:59:09.788550Z [info     ] Task instance state updated    [airflow.api_fastapi.execution_api.routes.task_instances] correlation_id=01a0fa56-388d-7ae4-af2d-e80710f54b30 loc=task_instances.py:254 rows_affected=1 ti_id=01a0fa4f-e383-7b29-bd7d-57dd38109ba9
2026-10-02T01:59:09.969938Z [info     ] Updating RenderedTaskInstanceFields [airflow.api_fastapi.execution_api.routes.task_instances] correlation_id=01a0fa56-3977-70c9-87d0-d02de3e3143e field_count=3 loc=task_instances.py:1017 ti_id=01a0fa4f-e383-7b29-bd7d-57dd38109ba9
Task instance is in running state
 Previous state of the Task instance: TaskInstanceState.QUEUED
Current task name:build_3
Dag name:trade_backfill_pipeline
2026-10-02T01:59:10.019693Z [info     ] ::endgroup::                   [task] loc=task_runner.py:2232
2026-10-02T01:59:10.021791Z [info     ] Done. Returned value was: {'step': 'build', 'period': None, 'status': 'unused'} [airflow.task.operators.airflow.providers.standard.decorators.python._PythonDecoratedOperator] loc=python.py:233
2026-10-02T01:59:10.022163Z [info     ] ::group::Post Execute          [task] loc=task_runner.py:1580
2026-10-02T01:59:10.022543Z [info     ] Pushing xcom                   [task] loc=task_runner.py:2280 ti=RuntimeTaskInstance(id=UUID('01a0fa4f-e383-7b29-bd7d-57dd38109ba9'), task_id='build_3', dag_id='trade_backfill_pipeline', run_id='manual__2026-10-02T01:52:13.543138+00:00', try_number=1, dag_version_id=UUID('01a0f340-b3af-72cd-8aa4-d8e453a1915b'), map_index=-1, hostname='afe341678f81', context_carrier=None, queue='default', task=<Task(_PythonDecoratedOperator): build_3>, max_tries=0, start_date=datetime.datetime(2026, 10, 2, 1, 59, 9, 707113, tzinfo=datetime.timezone.utc), end_date=None, state=<TaskInstanceState.RUNNING: 'running'>, is_mapped=False, rendered_map_index=None, sentry_integration='')
2026-10-02T01:59:10.430632Z [info     ] Task instance state updated    [airflow.api_fastapi.execution_api.routes.task_instances] correlation_id=01a0fa56-3b3d-7f3f-ba85-66b612a8721e loc=task_instances.py:485 new_state=success rows_affected=1 ti_id=01a0fa4f-e383-7b29-bd7d-57dd38109ba9
Task instance in success state
 Previous state of the Task instance: TaskInstanceState.RUNNING
Task operator:<Task(_PythonDecoratedOperator): build_3>
2026-10-02T01:59:10.442213Z [info     ] ::endgroup::                   [task] loc=task_runner.py:2379
2026-10-02T01:59:10.455461Z [info     ] [DAG TEST] end task task_id=build_3 map_index=-1 [airflow.sdk.definitions.dag] loc=dag.py:1563
2026-10-02T01:59:10.482026Z [info     ] [DAG TEST] starting task_id=audit_3 map_index=-1 [airflow.sdk.definitions.dag] loc=dag.py:1501
2026-10-02T01:59:10.482216Z [info     ] [DAG TEST] running task <TaskInstance: trade_backfill_pipeline.audit_3 manual__2026-10-02T01:52:13.543138+00:00 [TaskInstanceState.SCHEDULED] ti_id=01a0fa4f-e384-7bbb-9f3b-9c13ab9f12f5> [airflow.sdk.definitions.dag] loc=dag.py:1504
2026-10-02T01:59:10.503063Z [info     ] Task started                   [airflow.api_fastapi.execution_api.routes.task_instances] correlation_id=01a0fa56-3b96-7b55-8b51-574f828430e6 hostname=afe341678f81 loc=task_instances.py:226 previous_state=queued ti_id=01a0fa4f-e384-7bbb-9f3b-9c13ab9f12f5
2026-10-02T01:59:10.505727Z [info     ] Task instance state updated    [airflow.api_fastapi.execution_api.routes.task_instances] correlation_id=01a0fa56-3b96-7b55-8b51-574f828430e6 loc=task_instances.py:254 rows_affected=1 ti_id=01a0fa4f-e384-7bbb-9f3b-9c13ab9f12f5
2026-10-02T01:59:10.543541Z [info     ] Updating RenderedTaskInstanceFields [airflow.api_fastapi.execution_api.routes.task_instances] correlation_id=01a0fa56-3bc8-7abe-9e2a-e15d63d09d41 field_count=3 loc=task_instances.py:1017 ti_id=01a0fa4f-e384-7bbb-9f3b-9c13ab9f12f5
Task instance is in running state
 Previous state of the Task instance: TaskInstanceState.QUEUED
Current task name:audit_3
Dag name:trade_backfill_pipeline
2026-10-02T01:59:10.561168Z [info     ] ::endgroup::                   [task] loc=task_runner.py:2232
2026-10-02T01:59:10.561693Z [info     ] Done. Returned value was: {'step': 'audit', 'period': None, 'status': 'unused'} [airflow.task.operators.airflow.providers.standard.decorators.python._PythonDecoratedOperator] loc=python.py:233
2026-10-02T01:59:10.561792Z [info     ] ::group::Post Execute          [task] loc=task_runner.py:1580
2026-10-02T01:59:10.561936Z [info     ] Pushing xcom                   [task] loc=task_runner.py:2280 ti=RuntimeTaskInstance(id=UUID('01a0fa4f-e384-7bbb-9f3b-9c13ab9f12f5'), task_id='audit_3', dag_id='trade_backfill_pipeline', run_id='manual__2026-10-02T01:52:13.543138+00:00', try_number=1, dag_version_id=UUID('01a0f340-b3af-72cd-8aa4-d8e453a1915b'), map_index=-1, hostname='afe341678f81', context_carrier=None, queue='default', task=<Task(_PythonDecoratedOperator): audit_3>, max_tries=0, start_date=datetime.datetime(2026, 10, 2, 1, 59, 10, 485748, tzinfo=datetime.timezone.utc), end_date=None, state=<TaskInstanceState.RUNNING: 'running'>, is_mapped=False, rendered_map_index=None, sentry_integration='')
2026-10-02T01:59:10.632512Z [info     ] Task instance state updated    [airflow.api_fastapi.execution_api.routes.task_instances] correlation_id=01a0fa56-3c1e-7299-92c4-97a930764b30 loc=task_instances.py:485 new_state=success rows_affected=1 ti_id=01a0fa4f-e384-7bbb-9f3b-9c13ab9f12f5
Task instance in success state
 Previous state of the Task instance: TaskInstanceState.RUNNING
Task operator:<Task(_PythonDecoratedOperator): audit_3>
2026-10-02T01:59:10.639482Z [info     ] ::endgroup::                   [task] loc=task_runner.py:2379
2026-10-02T01:59:10.647217Z [info     ] [DAG TEST] end task task_id=audit_3 map_index=-1 [airflow.sdk.definitions.dag] loc=dag.py:1563
2026-10-02T01:59:10.675255Z [info     ] [DAG TEST] starting task_id=gate_3 map_index=-1 [airflow.sdk.definitions.dag] loc=dag.py:1501
2026-10-02T01:59:10.675481Z [info     ] [DAG TEST] running task <TaskInstance: trade_backfill_pipeline.gate_3 manual__2026-10-02T01:52:13.543138+00:00 [TaskInstanceState.SCHEDULED] ti_id=01a0fa4f-e385-7b11-a16d-bae3aaad8e21> [airflow.sdk.definitions.dag] loc=dag.py:1504
2026-10-02T01:59:10.690855Z [info     ] Task started                   [airflow.api_fastapi.execution_api.routes.task_instances] correlation_id=01a0fa56-3c57-7684-b02f-757638bbad24 hostname=afe341678f81 loc=task_instances.py:226 previous_state=queued ti_id=01a0fa4f-e385-7b11-a16d-bae3aaad8e21
2026-10-02T01:59:10.693232Z [info     ] Task instance state updated    [airflow.api_fastapi.execution_api.routes.task_instances] correlation_id=01a0fa56-3c57-7684-b02f-757638bbad24 loc=task_instances.py:254 rows_affected=1 ti_id=01a0fa4f-e385-7b11-a16d-bae3aaad8e21
2026-10-02T01:59:10.732341Z [info     ] Updating RenderedTaskInstanceFields [airflow.api_fastapi.execution_api.routes.task_instances] correlation_id=01a0fa56-3c85-735d-bbbd-ef10f84b566b field_count=3 loc=task_instances.py:1017 ti_id=01a0fa4f-e385-7b11-a16d-bae3aaad8e21
Task instance is in running state
 Previous state of the Task instance: TaskInstanceState.QUEUED
Current task name:gate_3
Dag name:trade_backfill_pipeline
2026-10-02T01:59:10.745023Z [info     ] ::endgroup::                   [task] loc=task_runner.py:2232
2026-10-02T01:59:10.745561Z [info     ] Done. Returned value was: {'step': 'gate', 'period': None, 'status': 'unused'} [airflow.task.operators.airflow.providers.standard.decorators.python._PythonDecoratedOperator] loc=python.py:233
2026-10-02T01:59:10.745920Z [info     ] ::group::Post Execute          [task] loc=task_runner.py:1580
2026-10-02T01:59:10.746175Z [info     ] Pushing xcom                   [task] loc=task_runner.py:2280 ti=RuntimeTaskInstance(id=UUID('01a0fa4f-e385-7b11-a16d-bae3aaad8e21'), task_id='gate_3', dag_id='trade_backfill_pipeline', run_id='manual__2026-10-02T01:52:13.543138+00:00', try_number=1, dag_version_id=UUID('01a0f340-b3af-72cd-8aa4-d8e453a1915b'), map_index=-1, hostname='afe341678f81', context_carrier=None, queue='default', task=<Task(_PythonDecoratedOperator): gate_3>, max_tries=0, start_date=datetime.datetime(2026, 10, 2, 1, 59, 10, 678743, tzinfo=datetime.timezone.utc), end_date=None, state=<TaskInstanceState.RUNNING: 'running'>, is_mapped=False, rendered_map_index=None, sentry_integration='')
2026-10-02T01:59:10.891981Z [info     ] Task instance state updated    [airflow.api_fastapi.execution_api.routes.task_instances] correlation_id=01a0fa56-3d0f-70a9-b010-4ffc9c8659c6 loc=task_instances.py:485 new_state=success rows_affected=1 ti_id=01a0fa4f-e385-7b11-a16d-bae3aaad8e21
Task instance in success state
 Previous state of the Task instance: TaskInstanceState.RUNNING
Task operator:<Task(_PythonDecoratedOperator): gate_3>
2026-10-02T01:59:10.992983Z [info     ] ::endgroup::                   [task] loc=task_runner.py:2379
2026-10-02T01:59:11.030921Z [info     ] [DAG TEST] end task task_id=gate_3 map_index=-1 [airflow.sdk.definitions.dag] loc=dag.py:1563
2026-10-02T01:59:11.053638Z [info     ] [DAG TEST] starting task_id=publish_3 map_index=-1 [airflow.sdk.definitions.dag] loc=dag.py:1501
2026-10-02T01:59:11.053756Z [info     ] [DAG TEST] running task <TaskInstance: trade_backfill_pipeline.publish_3 manual__2026-10-02T01:52:13.543138+00:00 [TaskInstanceState.SCHEDULED] ti_id=01a0fa4f-e386-7c78-93c5-1bf4280ee869> [airflow.sdk.definitions.dag] loc=dag.py:1504
2026-10-02T01:59:11.063241Z [info     ] Task started                   [airflow.api_fastapi.execution_api.routes.task_instances] correlation_id=01a0fa56-3dd0-7f6f-a8a4-81e530c39ba5 hostname=afe341678f81 loc=task_instances.py:226 previous_state=queued ti_id=01a0fa4f-e386-7c78-93c5-1bf4280ee869
2026-10-02T01:59:11.064131Z [info     ] Task instance state updated    [airflow.api_fastapi.execution_api.routes.task_instances] correlation_id=01a0fa56-3dd0-7f6f-a8a4-81e530c39ba5 loc=task_instances.py:254 rows_affected=1 ti_id=01a0fa4f-e386-7c78-93c5-1bf4280ee869
2026-10-02T01:59:11.096342Z [info     ] Updating RenderedTaskInstanceFields [airflow.api_fastapi.execution_api.routes.task_instances] correlation_id=01a0fa56-3df5-7c67-b86f-b03d07f4dd15 field_count=3 loc=task_instances.py:1017 ti_id=01a0fa4f-e386-7c78-93c5-1bf4280ee869
Task instance is in running state
 Previous state of the Task instance: TaskInstanceState.QUEUED
Current task name:publish_3
Dag name:trade_backfill_pipeline
2026-10-02T01:59:11.107198Z [info     ] ::endgroup::                   [task] loc=task_runner.py:2232
2026-10-02T01:59:11.109342Z [info     ] Done. Returned value was: {'step': 'publish', 'period': None, 'status': 'unused'} [airflow.task.operators.airflow.providers.standard.decorators.python._PythonDecoratedOperator] loc=python.py:233
2026-10-02T01:59:11.109439Z [info     ] ::group::Post Execute          [task] loc=task_runner.py:1580
2026-10-02T01:59:11.109523Z [info     ] Pushing xcom                   [task] loc=task_runner.py:2280 ti=RuntimeTaskInstance(id=UUID('01a0fa4f-e386-7c78-93c5-1bf4280ee869'), task_id='publish_3', dag_id='trade_backfill_pipeline', run_id='manual__2026-10-02T01:52:13.543138+00:00', try_number=1, dag_version_id=UUID('01a0f340-b3af-72cd-8aa4-d8e453a1915b'), map_index=-1, hostname='afe341678f81', context_carrier=None, queue='default', task=<Task(_PythonDecoratedOperator): publish_3>, max_tries=0, start_date=datetime.datetime(2026, 10, 2, 1, 59, 11, 56045, tzinfo=datetime.timezone.utc), end_date=None, state=<TaskInstanceState.RUNNING: 'running'>, is_mapped=False, rendered_map_index=None, sentry_integration='')
2026-10-02T01:59:11.201673Z [info     ] Task instance state updated    [airflow.api_fastapi.execution_api.routes.task_instances] correlation_id=01a0fa56-3e59-7683-bc2a-ae894c4474ce loc=task_instances.py:485 new_state=success rows_affected=1 ti_id=01a0fa4f-e386-7c78-93c5-1bf4280ee869
Task instance in success state
 Previous state of the Task instance: TaskInstanceState.RUNNING
Task operator:<Task(_PythonDecoratedOperator): publish_3>
2026-10-02T01:59:11.204631Z [info     ] ::endgroup::                   [task] loc=task_runner.py:2379
2026-10-02T01:59:11.208546Z [info     ] [DAG TEST] end task task_id=publish_3 map_index=-1 [airflow.sdk.definitions.dag] loc=dag.py:1563
2026-10-02T01:59:11.211137Z [info     ] Marking run <DagRun trade_backfill_pipeline @ 2026-10-02 01:52:10.756847+00:00: manual__2026-10-02T01:52:13.543138+00:00, state:running, queued_at: None. run_type: manual> successful [airflow.models.dagrun.DagRun] loc=dagrun.py:1249
Dag run in success state
Dag run start:2026-10-02 01:52:10.756847+00:00 end:2026-10-02 01:59:11.211225+00:00
2026-10-02T01:59:11.212058Z [info     ] DagRun Finished: dag_id=trade_backfill_pipeline, logical_date=2026-10-02 01:52:10.756847+00:00, run_id=manual__2026-10-02T01:52:13.543138+00:00, run_start_date=2026-10-02 01:52:10.756847+00:00, run_end_date=2026-10-02 01:59:11.211225+00:00, run_duration=420.454378, state=success, run_type=manual, data_interval_start=2026-10-02 01:52:10.756847+00:00, data_interval_end=2026-10-02 01:52:10.756847+00:00, [airflow.models.dagrun.DagRun] loc=dagrun.py:1315
