2026-10-02T01:32:30.802920Z [info     ] DAG bundles loaded: dags-folder, example_dags, apache-airflow-providers-common-sql-example-dags, apache-airflow-providers-standard-example-dags [airflow.dag_processing.bundles.manager.DagBundlesManager] loc=manager.py:304
2026-10-02T01:32:30.806321Z [info     ] Filling up the DagBag from /opt/airflow/dags [airflow.dag_processing.dagbag.BundleDagBag] loc=dagbag.py:460
2026-10-02T01:32:30.839288Z [info     ] Bulk-writing dags to db        [airflow.serialization.definitions.dag] count=3 loc=dag.py:218
2026-10-02T01:32:30.847180Z [info     ] get next_dagrun_info_v2        [airflow.serialization.definitions.dag] last_automated_run_info=None loc=dag.py:453 next_info=None
2026-10-02T01:32:30.847275Z [info     ] setting next dagrun info       [airflow.models.dag] loc=dag.py:848 next_dagrun=None next_dagrun_create_after=None next_dagrun_data_interval_end=None next_dagrun_data_interval_start=None next_dagrun_partition_date=None next_dagrun_partition_key=None
2026-10-02T01:32:30.848289Z [info     ] get next_dagrun_info_v2        [airflow.serialization.definitions.dag] last_automated_run_info=None loc=dag.py:453 next_info=None
2026-10-02T01:32:30.848325Z [info     ] setting next dagrun info       [airflow.models.dag] loc=dag.py:848 next_dagrun=None next_dagrun_create_after=None next_dagrun_data_interval_end=None next_dagrun_data_interval_start=None next_dagrun_partition_date=None next_dagrun_partition_key=None
2026-10-02T01:32:30.853626Z [info     ] get next_dagrun_info_v2        [airflow.serialization.definitions.dag] last_automated_run_info=None loc=dag.py:453 next_info=DagRunInfo(run_after=DateTime(2026, 9, 30, 16, 0, 0, tzinfo=Timezone('UTC')), data_interval=DataInterval(start=DateTime(2026, 8, 31, 16, 0, 0, tzinfo=Timezone('UTC')), end=DateTime(2026, 9, 30, 16, 0, 0, tzinfo=Timezone('UTC'))), partition_date=None, partition_key=None)
2026-10-02T01:32:30.853699Z [info     ] setting next dagrun info       [airflow.models.dag] loc=dag.py:848 next_dagrun='2026-08-31 16:00:00+00:00' next_dagrun_create_after='2026-09-30 16:00:00+00:00' next_dagrun_data_interval_end='2026-09-30 16:00:00+00:00' next_dagrun_data_interval_start='2026-08-31 16:00:00+00:00' next_dagrun_partition_date=None next_dagrun_partition_key=None
2026-10-02T01:32:31.250100Z [info     ] DAG bundles loaded: dags-folder, example_dags, apache-airflow-providers-common-sql-example-dags, apache-airflow-providers-standard-example-dags [airflow.dag_processing.bundles.manager.DagBundlesManager] loc=manager.py:304
2026-10-02T01:32:31.252854Z [info     ] Filling up the DagBag from /opt/airflow/dags [airflow.dag_processing.dagbag.BundleDagBag] loc=dagbag.py:460
2026-10-02T01:32:31.275750Z [info     ] Bulk-writing dags to db        [airflow.serialization.definitions.dag] count=3 loc=dag.py:218
2026-10-02T01:32:31.277800Z [info     ] get next_dagrun_info_v2        [airflow.serialization.definitions.dag] last_automated_run_info=None loc=dag.py:453 next_info=None
2026-10-02T01:32:31.277854Z [info     ] setting next dagrun info       [airflow.models.dag] loc=dag.py:848 next_dagrun=None next_dagrun_create_after=None next_dagrun_data_interval_end=None next_dagrun_data_interval_start=None next_dagrun_partition_date=None next_dagrun_partition_key=None
2026-10-02T01:32:31.280145Z [info     ] get next_dagrun_info_v2        [airflow.serialization.definitions.dag] last_automated_run_info=None loc=dag.py:453 next_info=None
2026-10-02T01:32:31.280241Z [info     ] setting next dagrun info       [airflow.models.dag] loc=dag.py:848 next_dagrun=None next_dagrun_create_after=None next_dagrun_data_interval_end=None next_dagrun_data_interval_start=None next_dagrun_partition_date=None next_dagrun_partition_key=None
2026-10-02T01:32:31.285956Z [info     ] get next_dagrun_info_v2        [airflow.serialization.definitions.dag] last_automated_run_info=None loc=dag.py:453 next_info=DagRunInfo(run_after=DateTime(2026, 9, 30, 16, 0, 0, tzinfo=Timezone('UTC')), data_interval=DataInterval(start=DateTime(2026, 8, 31, 16, 0, 0, tzinfo=Timezone('UTC')), end=DateTime(2026, 9, 30, 16, 0, 0, tzinfo=Timezone('UTC'))), partition_date=None, partition_key=None)
2026-10-02T01:32:31.286036Z [info     ] setting next dagrun info       [airflow.models.dag] loc=dag.py:848 next_dagrun='2026-08-31 16:00:00+00:00' next_dagrun_create_after='2026-09-30 16:00:00+00:00' next_dagrun_data_interval_end='2026-09-30 16:00:00+00:00' next_dagrun_data_interval_start='2026-08-31 16:00:00+00:00' next_dagrun_partition_date=None next_dagrun_partition_key=None
2026-10-02T01:32:31.308922Z [info     ] creating dag run               [airflow.serialization.definitions.dag] loc=dag.py:615 logical_date=DateTime(2026, 10, 2, 1, 32, 30, 802448, tzinfo=Timezone('UTC')) partition_key=None run_after=DateTime(2026, 10, 2, 1, 32, 31, 249756, tzinfo=Timezone('UTC')) run_id=manual__2026-10-02T01:32:31.249756+00:00
2026-10-02T01:32:31.338951Z [info     ] Created dag run.               [airflow.models.dagrun] dagrun=<DagRun trade_backfill_pipeline @ 2026-10-02 01:32:30.802448+00:00: manual__2026-10-02T01:32:31.249756+00:00, state:running, queued_at: None. run_type: manual> loc=dagrun.py:2464
2026-10-02T01:32:31.353164Z [info     ] [DAG TEST] starting task_id=preflight map_index=-1 [airflow.sdk.definitions.dag] loc=dag.py:1501
2026-10-02T01:32:31.353500Z [info     ] [DAG TEST] running task <TaskInstance: trade_backfill_pipeline.preflight manual__2026-10-02T01:32:31.249756+00:00 [TaskInstanceState.SCHEDULED] ti_id=01a0fa3d-d4f1-7869-bd37-799f601a012c> [airflow.sdk.definitions.dag] loc=dag.py:1504
2026-10-02T01:32:33.214574Z [info     ] Task started                   [airflow.api_fastapi.execution_api.routes.task_instances] correlation_id=01a0fa3d-d603-7fd7-b0d7-6ed14ff3c6b3 hostname=afe341678f81 loc=task_instances.py:226 previous_state=queued ti_id=01a0fa3d-d4f1-7869-bd37-799f601a012c
2026-10-02T01:32:33.217920Z [info     ] Task instance state updated    [airflow.api_fastapi.execution_api.routes.task_instances] correlation_id=01a0fa3d-d603-7fd7-b0d7-6ed14ff3c6b3 loc=task_instances.py:254 rows_affected=1 ti_id=01a0fa3d-d4f1-7869-bd37-799f601a012c
2026-10-02T01:32:33.252972Z [info     ] Updating RenderedTaskInstanceFields [airflow.api_fastapi.execution_api.routes.task_instances] correlation_id=01a0fa3d-dc5f-757e-8197-e543e7ac1a1f field_count=3 loc=task_instances.py:1017 ti_id=01a0fa3d-d4f1-7869-bd37-799f601a012c
Task instance is in running state
 Previous state of the Task instance: TaskInstanceState.QUEUED
Current task name:preflight
Dag name:trade_backfill_pipeline
2026-10-02T01:32:33.268864Z [info     ] ::endgroup::                   [task] loc=task_runner.py:2232
{"dag_run_id": "manual__2026-10-02T01:32:31.249756+00:00", "items": [{"period": "202508", "revisions": {"partner_detail": 1, "world_total": 1}, "run_id": "backfill-202508-d11457a125285818", "sources": {"partner_detail": true, "world_total": true}, "status": "ready"}, {"period": "202509", "revisions": {"partner_detail": 1, "world_total": 1}, "run_id": "backfill-202509-d11457a125285818", "sources": {"partner_detail": true, "world_total": true}, "status": "ready"}, {"period": "202510", "revisions": {"partner_detail": 1, "world_total": 1}, "run_id": "backfill-202510-d11457a125285818", "sources": {"partner_detail": true, "world_total": true}, "status": "ready"}]}

2026-10-02T01:32:48.523747Z [info     ] Done. Returned value was: {'dag_run_id': 'manual__2026-10-02T01:32:31.249756+00:00', 'items': [{'period': '202508', 'revisions': {'partner_detail': 1, 'world_total': 1}, 'run_id': 'backfill-202508-d11457a125285818', 'sources': {'partner_detail': True, 'world_total': True}, 'status': 'ready'}, {'period': '202509', 'revisions': {'partner_detail': 1, 'world_total': 1}, 'run_id': 'backfill-202509-d11457a125285818', 'sources': {'partner_detail': True, 'world_total': True}, 'status': 'ready'}, {'period': '202510', 'revisions': {'partner_detail': 1, 'world_total': 1}, 'run_id': 'backfill-202510-d11457a125285818', 'sources': {'partner_detail': True, 'world_total': True}, 'status': 'ready'}]} [airflow.task.operators.airflow.providers.standard.decorators.python._PythonDecoratedOperator] loc=python.py:233
2026-10-02T01:32:48.525123Z [info     ] ::group::Post Execute          [task] loc=task_runner.py:1580
2026-10-02T01:32:48.526179Z [info     ] Pushing xcom                   [task] loc=task_runner.py:2280 ti=RuntimeTaskInstance(id=UUID('01a0fa3d-d4f1-7869-bd37-799f601a012c'), task_id='preflight', dag_id='trade_backfill_pipeline', run_id='manual__2026-10-02T01:32:31.249756+00:00', try_number=1, dag_version_id=UUID('01a0f340-b3af-72cd-8aa4-d8e453a1915b'), map_index=-1, hostname='afe341678f81', context_carrier=None, queue='default', task=<Task(_PythonDecoratedOperator): preflight>, max_tries=3, start_date=datetime.datetime(2026, 10, 2, 1, 32, 31, 618936, tzinfo=datetime.timezone.utc), end_date=None, state=<TaskInstanceState.RUNNING: 'running'>, is_mapped=False, rendered_map_index=None, sentry_integration='')
2026-10-02T01:32:48.862677Z [info     ] Task instance state updated    [airflow.api_fastapi.execution_api.routes.task_instances] correlation_id=01a0fa3e-1847-705c-a115-a8ea6eae620d loc=task_instances.py:485 new_state=success rows_affected=1 ti_id=01a0fa3d-d4f1-7869-bd37-799f601a012c
Task instance in success state
 Previous state of the Task instance: TaskInstanceState.RUNNING
Task operator:<Task(_PythonDecoratedOperator): preflight>
2026-10-02T01:32:48.865465Z [info     ] ::endgroup::                   [task] loc=task_runner.py:2379
2026-10-02T01:32:48.870762Z [info     ] [DAG TEST] end task task_id=preflight map_index=-1 [airflow.sdk.definitions.dag] loc=dag.py:1563
2026-10-02T01:32:48.878810Z [info     ] [DAG TEST] starting task_id=select_month map_index=-1 [airflow.sdk.definitions.dag] loc=dag.py:1501
2026-10-02T01:32:48.878870Z [info     ] [DAG TEST] running task <TaskInstance: trade_backfill_pipeline.select_month manual__2026-10-02T01:32:31.249756+00:00 [TaskInstanceState.SCHEDULED] ti_id=01a0fa3d-d4f2-7389-8904-8e5ea11b8276> [airflow.sdk.definitions.dag] loc=dag.py:1504
2026-10-02T01:32:48.884173Z [info     ] Task started                   [airflow.api_fastapi.execution_api.routes.task_instances] correlation_id=01a0fa3e-1970-7776-a2ca-86abb8f6d851 hostname=afe341678f81 loc=task_instances.py:226 previous_state=queued ti_id=01a0fa3d-d4f2-7389-8904-8e5ea11b8276
2026-10-02T01:32:48.884777Z [info     ] Task instance state updated    [airflow.api_fastapi.execution_api.routes.task_instances] correlation_id=01a0fa3e-1970-7776-a2ca-86abb8f6d851 loc=task_instances.py:254 rows_affected=1 ti_id=01a0fa3d-d4f2-7389-8904-8e5ea11b8276
2026-10-02T01:32:48.899478Z [info     ] Updating RenderedTaskInstanceFields [airflow.api_fastapi.execution_api.routes.task_instances] correlation_id=01a0fa3e-1980-7221-b469-38b13b3500c0 field_count=3 loc=task_instances.py:1017 ti_id=01a0fa3d-d4f2-7389-8904-8e5ea11b8276
Task instance is in running state
 Previous state of the Task instance: TaskInstanceState.QUEUED
Current task name:select_month
Dag name:trade_backfill_pipeline
2026-10-02T01:32:48.903626Z [info     ] ::endgroup::                   [task] loc=task_runner.py:2232
2026-10-02T01:32:48.903796Z [info     ] Done. Returned value was: {'period': '202508', 'run_id': 'backfill-202508-d11457a125285818', 'status': 'ready', 'sources': {'world_total': True, 'partner_detail': True}, 'revisions': {'world_total': 1, 'partner_detail': 1}} [airflow.task.operators.airflow.providers.standard.decorators.python._PythonDecoratedOperator] loc=python.py:233
2026-10-02T01:32:48.903839Z [info     ] ::group::Post Execute          [task] loc=task_runner.py:1580
2026-10-02T01:32:48.903897Z [info     ] Pushing xcom                   [task] loc=task_runner.py:2280 ti=RuntimeTaskInstance(id=UUID('01a0fa3d-d4f2-7389-8904-8e5ea11b8276'), task_id='select_month', dag_id='trade_backfill_pipeline', run_id='manual__2026-10-02T01:32:31.249756+00:00', try_number=1, dag_version_id=UUID('01a0f340-b3af-72cd-8aa4-d8e453a1915b'), map_index=-1, hostname='afe341678f81', context_carrier=None, queue='default', task=<Task(_PythonDecoratedOperator): select_month>, max_tries=0, start_date=datetime.datetime(2026, 10, 2, 1, 32, 48, 879904, tzinfo=datetime.timezone.utc), end_date=None, state=<TaskInstanceState.RUNNING: 'running'>, is_mapped=False, rendered_map_index=None, sentry_integration='')
2026-10-02T01:32:48.931268Z [info     ] Task instance state updated    [airflow.api_fastapi.execution_api.routes.task_instances] correlation_id=01a0fa3e-199f-7364-8f42-2751dc06a478 loc=task_instances.py:485 new_state=success rows_affected=1 ti_id=01a0fa3d-d4f2-7389-8904-8e5ea11b8276
Task instance in success state
 Previous state of the Task instance: TaskInstanceState.RUNNING
Task operator:<Task(_PythonDecoratedOperator): select_month>
2026-10-02T01:32:48.932954Z [info     ] ::endgroup::                   [task] loc=task_runner.py:2379
2026-10-02T01:32:48.934866Z [info     ] [DAG TEST] end task task_id=select_month map_index=-1 [airflow.sdk.definitions.dag] loc=dag.py:1563
2026-10-02T01:32:48.942966Z [info     ] [DAG TEST] starting task_id=ingest_world map_index=-1 [airflow.sdk.definitions.dag] loc=dag.py:1501
2026-10-02T01:32:48.943038Z [info     ] [DAG TEST] running task <TaskInstance: trade_backfill_pipeline.ingest_world manual__2026-10-02T01:32:31.249756+00:00 [TaskInstanceState.SCHEDULED] ti_id=01a0fa3d-d4f4-7ac8-9e0e-bea655391126> [airflow.sdk.definitions.dag] loc=dag.py:1504
2026-10-02T01:32:48.947945Z [info     ] Task started                   [airflow.api_fastapi.execution_api.routes.task_instances] correlation_id=01a0fa3e-19b0-7536-bb90-c959b6bef662 hostname=afe341678f81 loc=task_instances.py:226 previous_state=queued ti_id=01a0fa3d-d4f4-7ac8-9e0e-bea655391126
2026-10-02T01:32:48.948598Z [info     ] Task instance state updated    [airflow.api_fastapi.execution_api.routes.task_instances] correlation_id=01a0fa3e-19b0-7536-bb90-c959b6bef662 loc=task_instances.py:254 rows_affected=1 ti_id=01a0fa3d-d4f4-7ac8-9e0e-bea655391126
2026-10-02T01:32:48.959601Z [info     ] Updating RenderedTaskInstanceFields [airflow.api_fastapi.execution_api.routes.task_instances] correlation_id=01a0fa3e-19bd-787a-9fa3-494f1eaab0a0 field_count=3 loc=task_instances.py:1017 ti_id=01a0fa3d-d4f4-7ac8-9e0e-bea655391126
Task instance is in running state
 Previous state of the Task instance: TaskInstanceState.QUEUED
Current task name:ingest_world
Dag name:trade_backfill_pipeline
2026-10-02T01:32:48.963172Z [info     ] ::endgroup::                   [task] loc=task_runner.py:2232
{"step": "ingest", "kind": "world_total", "period": "202508", "run_id": "backfill-202508-d11457a125285818"}
{"checksum": "sha256:907080e9e758b3c9b7b220a01b1bc5d33f9aa233d3db3bf03d7683526744f5c3", "data_uri": "s3://trade-analytics-prod-816079797958-ap-northeast-1-an/un_comtrade/v2/hs_version=H6/cmd_code=8542/period=202508/query_type=world_total/revision=1/data.ndjson", "kind": "world_total", "manifest_uri": "s3://trade-analytics-prod-816079797958-ap-northeast-1-an/un_comtrade/v2/hs_version=H6/cmd_code=8542/period=202508/query_type=world_total/revision=1/manifest.json", "period": "202508", "revision": 1, "row_count": 1, "run_id": "backfill-202508-d11457a125285818", "status": "success", "step": "ingest"}

2026-10-02T01:32:52.264380Z [info     ] Done. Returned value was: {'checksum': 'sha256:907080e9e758b3c9b7b220a01b1bc5d33f9aa233d3db3bf03d7683526744f5c3', 'data_uri': 's3://trade-analytics-prod-816079797958-ap-northeast-1-an/un_comtrade/v2/hs_version=H6/cmd_code=8542/period=202508/query_type=world_total/revision=1/data.ndjson', 'kind': 'world_total', 'manifest_uri': 's3://trade-analytics-prod-816079797958-ap-northeast-1-an/un_comtrade/v2/hs_version=H6/cmd_code=8542/period=202508/query_type=world_total/revision=1/manifest.json', 'period': '202508', 'revision': 1, 'row_count': 1, 'run_id': 'backfill-202508-d11457a125285818', 'status': 'success', 'step': 'ingest'} [airflow.task.operators.airflow.providers.standard.decorators.python._PythonDecoratedOperator] loc=python.py:233
2026-10-02T01:32:52.264556Z [info     ] ::group::Post Execute          [task] loc=task_runner.py:1580
2026-10-02T01:32:52.264688Z [info     ] Pushing xcom                   [task] loc=task_runner.py:2280 ti=RuntimeTaskInstance(id=UUID('01a0fa3d-d4f4-7ac8-9e0e-bea655391126'), task_id='ingest_world', dag_id='trade_backfill_pipeline', run_id='manual__2026-10-02T01:32:31.249756+00:00', try_number=1, dag_version_id=UUID('01a0f340-b3af-72cd-8aa4-d8e453a1915b'), map_index=-1, hostname='afe341678f81', context_carrier=None, queue='default', task=<Task(_PythonDecoratedOperator): ingest_world>, max_tries=3, start_date=datetime.datetime(2026, 10, 2, 1, 32, 48, 943986, tzinfo=datetime.timezone.utc), end_date=None, state=<TaskInstanceState.RUNNING: 'running'>, is_mapped=False, rendered_map_index=None, sentry_integration='')
2026-10-02T01:32:52.313087Z [info     ] Task instance state updated    [airflow.api_fastapi.execution_api.routes.task_instances] correlation_id=01a0fa3e-26d4-753f-9cf9-8d865cf1f2b3 loc=task_instances.py:485 new_state=success rows_affected=1 ti_id=01a0fa3d-d4f4-7ac8-9e0e-bea655391126
Task instance in success state
 Previous state of the Task instance: TaskInstanceState.RUNNING
Task operator:<Task(_PythonDecoratedOperator): ingest_world>
2026-10-02T01:32:52.315133Z [info     ] ::endgroup::                   [task] loc=task_runner.py:2379
2026-10-02T01:32:52.317634Z [info     ] [DAG TEST] end task task_id=ingest_world map_index=-1 [airflow.sdk.definitions.dag] loc=dag.py:1563
2026-10-02T01:32:52.317703Z [info     ] [DAG TEST] starting task_id=ingest_detail map_index=-1 [airflow.sdk.definitions.dag] loc=dag.py:1501
2026-10-02T01:32:52.317738Z [info     ] [DAG TEST] running task <TaskInstance: trade_backfill_pipeline.ingest_detail manual__2026-10-02T01:32:31.249756+00:00 [TaskInstanceState.SCHEDULED] ti_id=01a0fa3d-d4f3-71d8-a60a-bd0710624ff5> [airflow.sdk.definitions.dag] loc=dag.py:1504
2026-10-02T01:32:52.323615Z [info     ] Task started                   [airflow.api_fastapi.execution_api.routes.task_instances] correlation_id=01a0fa3e-26df-7948-adfd-9ae7e2028d69 hostname=afe341678f81 loc=task_instances.py:226 previous_state=queued ti_id=01a0fa3d-d4f3-71d8-a60a-bd0710624ff5
2026-10-02T01:32:52.324159Z [info     ] Task instance state updated    [airflow.api_fastapi.execution_api.routes.task_instances] correlation_id=01a0fa3e-26df-7948-adfd-9ae7e2028d69 loc=task_instances.py:254 rows_affected=1 ti_id=01a0fa3d-d4f3-71d8-a60a-bd0710624ff5
2026-10-02T01:32:52.334426Z [info     ] Updating RenderedTaskInstanceFields [airflow.api_fastapi.execution_api.routes.task_instances] correlation_id=01a0fa3e-26ec-799d-bfbd-7def7a6f7a36 field_count=3 loc=task_instances.py:1017 ti_id=01a0fa3d-d4f3-71d8-a60a-bd0710624ff5
Task instance is in running state
 Previous state of the Task instance: TaskInstanceState.QUEUED
Current task name:ingest_detail
Dag name:trade_backfill_pipeline
2026-10-02T01:32:52.337620Z [info     ] ::endgroup::                   [task] loc=task_runner.py:2232
{"step": "ingest", "kind": "partner_detail", "period": "202508", "run_id": "backfill-202508-d11457a125285818"}
{"checksum": "sha256:f812e065cef22777d97a278483dfa0404c5b2707df5eabc3a3163717aa6890ed", "data_uri": "s3://trade-analytics-prod-816079797958-ap-northeast-1-an/un_comtrade/v2/hs_version=H6/cmd_code=8542/period=202508/query_type=partner_detail/revision=1/data.ndjson", "kind": "partner_detail", "manifest_uri": "s3://trade-analytics-prod-816079797958-ap-northeast-1-an/un_comtrade/v2/hs_version=H6/cmd_code=8542/period=202508/query_type=partner_detail/revision=1/manifest.json", "period": "202508", "revision": 1, "row_count": 65, "run_id": "backfill-202508-d11457a125285818", "status": "success", "step": "ingest"}

2026-10-02T01:32:56.003181Z [info     ] Done. Returned value was: {'checksum': 'sha256:f812e065cef22777d97a278483dfa0404c5b2707df5eabc3a3163717aa6890ed', 'data_uri': 's3://trade-analytics-prod-816079797958-ap-northeast-1-an/un_comtrade/v2/hs_version=H6/cmd_code=8542/period=202508/query_type=partner_detail/revision=1/data.ndjson', 'kind': 'partner_detail', 'manifest_uri': 's3://trade-analytics-prod-816079797958-ap-northeast-1-an/un_comtrade/v2/hs_version=H6/cmd_code=8542/period=202508/query_type=partner_detail/revision=1/manifest.json', 'period': '202508', 'revision': 1, 'row_count': 65, 'run_id': 'backfill-202508-d11457a125285818', 'status': 'success', 'step': 'ingest'} [airflow.task.operators.airflow.providers.standard.decorators.python._PythonDecoratedOperator] loc=python.py:233
2026-10-02T01:32:56.003709Z [info     ] ::group::Post Execute          [task] loc=task_runner.py:1580
2026-10-02T01:32:56.004039Z [info     ] Pushing xcom                   [task] loc=task_runner.py:2280 ti=RuntimeTaskInstance(id=UUID('01a0fa3d-d4f3-71d8-a60a-bd0710624ff5'), task_id='ingest_detail', dag_id='trade_backfill_pipeline', run_id='manual__2026-10-02T01:32:31.249756+00:00', try_number=1, dag_version_id=UUID('01a0f340-b3af-72cd-8aa4-d8e453a1915b'), map_index=-1, hostname='afe341678f81', context_carrier=None, queue='default', task=<Task(_PythonDecoratedOperator): ingest_detail>, max_tries=3, start_date=datetime.datetime(2026, 10, 2, 1, 32, 52, 319761, tzinfo=datetime.timezone.utc), end_date=None, state=<TaskInstanceState.RUNNING: 'running'>, is_mapped=False, rendered_map_index=None, sentry_integration='')
2026-10-02T01:32:56.121401Z [info     ] Task instance state updated    [airflow.api_fastapi.execution_api.routes.task_instances] correlation_id=01a0fa3e-35b1-766b-9fdb-31f2ca5fda26 loc=task_instances.py:485 new_state=success rows_affected=1 ti_id=01a0fa3d-d4f3-71d8-a60a-bd0710624ff5
Task instance in success state
 Previous state of the Task instance: TaskInstanceState.RUNNING
Task operator:<Task(_PythonDecoratedOperator): ingest_detail>
2026-10-02T01:32:56.124727Z [info     ] ::endgroup::                   [task] loc=task_runner.py:2379
2026-10-02T01:32:56.128899Z [info     ] [DAG TEST] end task task_id=ingest_detail map_index=-1 [airflow.sdk.definitions.dag] loc=dag.py:1563
2026-10-02T01:32:56.140174Z [info     ] [DAG TEST] starting task_id=load_detail map_index=-1 [airflow.sdk.definitions.dag] loc=dag.py:1501
2026-10-02T01:32:56.140254Z [info     ] [DAG TEST] running task <TaskInstance: trade_backfill_pipeline.load_detail manual__2026-10-02T01:32:31.249756+00:00 [TaskInstanceState.SCHEDULED] ti_id=01a0fa3d-d4f5-716b-a8fd-5514827f17bb> [airflow.sdk.definitions.dag] loc=dag.py:1504
2026-10-02T01:32:56.148247Z [info     ] Task started                   [airflow.api_fastapi.execution_api.routes.task_instances] correlation_id=01a0fa3e-35ce-7a98-8ba3-4da9c4109d20 hostname=afe341678f81 loc=task_instances.py:226 previous_state=queued ti_id=01a0fa3d-d4f5-716b-a8fd-5514827f17bb
2026-10-02T01:32:56.148948Z [info     ] Task instance state updated    [airflow.api_fastapi.execution_api.routes.task_instances] correlation_id=01a0fa3e-35ce-7a98-8ba3-4da9c4109d20 loc=task_instances.py:254 rows_affected=1 ti_id=01a0fa3d-d4f5-716b-a8fd-5514827f17bb
2026-10-02T01:32:56.162047Z [info     ] Updating RenderedTaskInstanceFields [airflow.api_fastapi.execution_api.routes.task_instances] correlation_id=01a0fa3e-35df-7692-96e1-e04b768eacf8 field_count=3 loc=task_instances.py:1017 ti_id=01a0fa3d-d4f5-716b-a8fd-5514827f17bb
Task instance is in running state
 Previous state of the Task instance: TaskInstanceState.QUEUED
Current task name:load_detail
Dag name:trade_backfill_pipeline
2026-10-02T01:32:56.166681Z [info     ] ::endgroup::                   [task] loc=task_runner.py:2232
{"step": "load", "kind": "partner_detail", "period": "202508", "run_id": "backfill-202508-d11457a125285818"}
{"jobs": [{"job_id": "day11_eaffd12ece3340d1a71dd0affc6cc21f", "status": "success"}, {"job_id": "day11_1cd5ce49b6c34bd98cdc991866c87d78", "status": "success"}, {"job_id": "day11_d4ac437b015e4c34a71cbb9de5c50caf", "status": "success"}, {"job_id": "day11_fc9cdd2104e64612b814619f4464d450", "status": "success"}], "kind": "partner_detail", "period": "202508", "revision": 1, "rows": 65, "status": "success", "step": "load"}

2026-10-02T01:33:10.675281Z [info     ] Done. Returned value was: {'jobs': [{'job_id': 'day11_eaffd12ece3340d1a71dd0affc6cc21f', 'status': 'success'}, {'job_id': 'day11_1cd5ce49b6c34bd98cdc991866c87d78', 'status': 'success'}, {'job_id': 'day11_d4ac437b015e4c34a71cbb9de5c50caf', 'status': 'success'}, {'job_id': 'day11_fc9cdd2104e64612b814619f4464d450', 'status': 'success'}], 'kind': 'partner_detail', 'period': '202508', 'revision': 1, 'rows': 65, 'status': 'success', 'step': 'load'} [airflow.task.operators.airflow.providers.standard.decorators.python._PythonDecoratedOperator] loc=python.py:233
2026-10-02T01:33:10.675924Z [info     ] ::group::Post Execute          [task] loc=task_runner.py:1580
2026-10-02T01:33:10.676325Z [info     ] Pushing xcom                   [task] loc=task_runner.py:2280 ti=RuntimeTaskInstance(id=UUID('01a0fa3d-d4f5-716b-a8fd-5514827f17bb'), task_id='load_detail', dag_id='trade_backfill_pipeline', run_id='manual__2026-10-02T01:32:31.249756+00:00', try_number=1, dag_version_id=UUID('01a0f340-b3af-72cd-8aa4-d8e453a1915b'), map_index=-1, hostname='afe341678f81', context_carrier=None, queue='default', task=<Task(_PythonDecoratedOperator): load_detail>, max_tries=3, start_date=datetime.datetime(2026, 10, 2, 1, 32, 56, 142170, tzinfo=datetime.timezone.utc), end_date=None, state=<TaskInstanceState.RUNNING: 'running'>, is_mapped=False, rendered_map_index=None, sentry_integration='')
2026-10-02T01:33:10.721657Z [info     ] Task instance state updated    [airflow.api_fastapi.execution_api.routes.task_instances] correlation_id=01a0fa3e-6ebb-7966-ac78-5d6a9db52824 loc=task_instances.py:485 new_state=success rows_affected=1 ti_id=01a0fa3d-d4f5-716b-a8fd-5514827f17bb
Task instance in success state
 Previous state of the Task instance: TaskInstanceState.RUNNING
Task operator:<Task(_PythonDecoratedOperator): load_detail>
2026-10-02T01:33:10.724302Z [info     ] ::endgroup::                   [task] loc=task_runner.py:2379
2026-10-02T01:33:10.728098Z [info     ] [DAG TEST] end task task_id=load_detail map_index=-1 [airflow.sdk.definitions.dag] loc=dag.py:1563
2026-10-02T01:33:10.728216Z [info     ] [DAG TEST] starting task_id=load_world map_index=-1 [airflow.sdk.definitions.dag] loc=dag.py:1501
2026-10-02T01:33:10.728253Z [info     ] [DAG TEST] running task <TaskInstance: trade_backfill_pipeline.load_world manual__2026-10-02T01:32:31.249756+00:00 [TaskInstanceState.SCHEDULED] ti_id=01a0fa3d-d4f6-7316-9f0a-cdb62141a883> [airflow.sdk.definitions.dag] loc=dag.py:1504
2026-10-02T01:33:10.735366Z [info     ] Task started                   [airflow.api_fastapi.execution_api.routes.task_instances] correlation_id=01a0fa3e-6eca-7eae-bc8f-f409330b9542 hostname=afe341678f81 loc=task_instances.py:226 previous_state=queued ti_id=01a0fa3d-d4f6-7316-9f0a-cdb62141a883
2026-10-02T01:33:10.735996Z [info     ] Task instance state updated    [airflow.api_fastapi.execution_api.routes.task_instances] correlation_id=01a0fa3e-6eca-7eae-bc8f-f409330b9542 loc=task_instances.py:254 rows_affected=1 ti_id=01a0fa3d-d4f6-7316-9f0a-cdb62141a883
2026-10-02T01:33:10.747883Z [info     ] Updating RenderedTaskInstanceFields [airflow.api_fastapi.execution_api.routes.task_instances] correlation_id=01a0fa3e-6eda-74ee-869c-eebd6b6c2a11 field_count=3 loc=task_instances.py:1017 ti_id=01a0fa3d-d4f6-7316-9f0a-cdb62141a883
Task instance is in running state
 Previous state of the Task instance: TaskInstanceState.QUEUED
Current task name:load_world
Dag name:trade_backfill_pipeline
2026-10-02T01:33:10.751543Z [info     ] ::endgroup::                   [task] loc=task_runner.py:2232
{"step": "load", "kind": "world_total", "period": "202508", "run_id": "backfill-202508-d11457a125285818"}
{"jobs": [{"job_id": "day11_9cf3976421bc425890b9a9525fb6580d", "status": "success"}, {"job_id": "day11_b21d6dfe62394e91895a2ee28423c64c", "status": "success"}, {"job_id": "day11_4824da9b696340a886bc3471dd47bd0e", "status": "success"}, {"job_id": "day11_414177b949a74daaaf79061728957410", "status": "success"}], "kind": "world_total", "period": "202508", "revision": 1, "rows": 1, "status": "success", "step": "load"}

2026-10-02T01:33:24.495828Z [info     ] Done. Returned value was: {'jobs': [{'job_id': 'day11_9cf3976421bc425890b9a9525fb6580d', 'status': 'success'}, {'job_id': 'day11_b21d6dfe62394e91895a2ee28423c64c', 'status': 'success'}, {'job_id': 'day11_4824da9b696340a886bc3471dd47bd0e', 'status': 'success'}, {'job_id': 'day11_414177b949a74daaaf79061728957410', 'status': 'success'}], 'kind': 'world_total', 'period': '202508', 'revision': 1, 'rows': 1, 'status': 'success', 'step': 'load'} [airflow.task.operators.airflow.providers.standard.decorators.python._PythonDecoratedOperator] loc=python.py:233
2026-10-02T01:33:24.498478Z [info     ] ::group::Post Execute          [task] loc=task_runner.py:1580
2026-10-02T01:33:24.500447Z [info     ] Pushing xcom                   [task] loc=task_runner.py:2280 ti=RuntimeTaskInstance(id=UUID('01a0fa3d-d4f6-7316-9f0a-cdb62141a883'), task_id='load_world', dag_id='trade_backfill_pipeline', run_id='manual__2026-10-02T01:32:31.249756+00:00', try_number=1, dag_version_id=UUID('01a0f340-b3af-72cd-8aa4-d8e453a1915b'), map_index=-1, hostname='afe341678f81', context_carrier=None, queue='default', task=<Task(_PythonDecoratedOperator): load_world>, max_tries=3, start_date=datetime.datetime(2026, 10, 2, 1, 33, 10, 730631, tzinfo=datetime.timezone.utc), end_date=None, state=<TaskInstanceState.RUNNING: 'running'>, is_mapped=False, rendered_map_index=None, sentry_integration='')
2026-10-02T01:33:24.764040Z [info     ] Task instance state updated    [airflow.api_fastapi.execution_api.routes.task_instances] correlation_id=01a0fa3e-a55b-715f-96ee-745f40ba0c07 loc=task_instances.py:485 new_state=success rows_affected=1 ti_id=01a0fa3d-d4f6-7316-9f0a-cdb62141a883
Task instance in success state
 Previous state of the Task instance: TaskInstanceState.RUNNING
Task operator:<Task(_PythonDecoratedOperator): load_world>
2026-10-02T01:33:24.806263Z [info     ] ::endgroup::                   [task] loc=task_runner.py:2379
2026-10-02T01:33:24.833318Z [info     ] [DAG TEST] end task task_id=load_world map_index=-1 [airflow.sdk.definitions.dag] loc=dag.py:1563
2026-10-02T01:33:24.866665Z [info     ] [DAG TEST] starting task_id=attest map_index=-1 [airflow.sdk.definitions.dag] loc=dag.py:1501
2026-10-02T01:33:24.866768Z [info     ] [DAG TEST] running task <TaskInstance: trade_backfill_pipeline.attest manual__2026-10-02T01:32:31.249756+00:00 [TaskInstanceState.SCHEDULED] ti_id=01a0fa3d-d4f7-7fb6-9fe0-6fd90917916f> [airflow.sdk.definitions.dag] loc=dag.py:1504
2026-10-02T01:33:24.878581Z [info     ] Task started                   [airflow.api_fastapi.execution_api.routes.task_instances] correlation_id=01a0fa3e-a605-753b-8da3-3ed2ff36a163 hostname=afe341678f81 loc=task_instances.py:226 previous_state=queued ti_id=01a0fa3d-d4f7-7fb6-9fe0-6fd90917916f
2026-10-02T01:33:24.881194Z [info     ] Task instance state updated    [airflow.api_fastapi.execution_api.routes.task_instances] correlation_id=01a0fa3e-a605-753b-8da3-3ed2ff36a163 loc=task_instances.py:254 rows_affected=1 ti_id=01a0fa3d-d4f7-7fb6-9fe0-6fd90917916f
2026-10-02T01:33:24.917315Z [info     ] Updating RenderedTaskInstanceFields [airflow.api_fastapi.execution_api.routes.task_instances] correlation_id=01a0fa3e-a632-75d2-b310-a7cca4b978b1 field_count=3 loc=task_instances.py:1017 ti_id=01a0fa3d-d4f7-7fb6-9fe0-6fd90917916f
Task instance is in running state
 Previous state of the Task instance: TaskInstanceState.QUEUED
Current task name:attest
Dag name:trade_backfill_pipeline
2026-10-02T01:33:24.925913Z [info     ] ::endgroup::                   [task] loc=task_runner.py:2232
{"step": "attest", "kind": null, "period": "202508", "run_id": "backfill-202508-d11457a125285818"}
{"jobs": [{"job_id": "423dbd28-a2d4-4cc8-9466-ab00245fc7f2", "result": "success"}, {"job_id": "c8a16eca-2993-4773-932a-31466f8613c0", "result": "success"}, {"job_id": "d14a4482-5960-4a52-9cec-391bea2e12ac", "result": "success"}, {"job_id": "2709b007-5f91-44c4-b010-784f6fc53895", "result": "success"}, {"job_id": "5300c6f3-54e1-4942-99e0-b93a2be96a05", "result": "success"}, {"job_id": "2cd0270f-ed1c-42ff-95a6-4af2ddd1b209", "result": "success"}], "period": "202508", "sources": [{"checksum": "sha256:f812e065cef22777d97a278483dfa0404c5b2707df5eabc3a3163717aa6890ed", "query_type": "partner_detail", "revision": 1, "snapshot_hash": "d81f743ba12b7ad53d8f2618e398bc2041e31e8dd8ce1165de4f83bf5240aa6a", "source_file": "s3://trade-analytics-prod-816079797958-ap-northeast-1-an/un_comtrade/v2/hs_version=H6/cmd_code=8542/period=202508/query_type=partner_detail/revision=1/data.ndjson"}, {"checksum": "sha256:907080e9e758b3c9b7b220a01b1bc5d33f9aa233d3db3bf03d7683526744f5c3", "query_type": "world_total", "revision": 1, "snapshot_hash": "94f6ab0e8c3221f23d59e617d4055d8e328be2680c6cb07ddbc7e5ea30c1cd9a", "source_file": "s3://trade-analytics-prod-816079797958-ap-northeast-1-an/un_comtrade/v2/hs_version=H6/cmd_code=8542/period=202508/query_type=world_total/revision=1/data.ndjson"}], "status": "verified", "step": "attest"}

2026-10-02T01:33:31.226077Z [info     ] Done. Returned value was: {'jobs': [{'job_id': '423dbd28-a2d4-4cc8-9466-ab00245fc7f2', 'result': 'success'}, {'job_id': 'c8a16eca-2993-4773-932a-31466f8613c0', 'result': 'success'}, {'job_id': 'd14a4482-5960-4a52-9cec-391bea2e12ac', 'result': 'success'}, {'job_id': '2709b007-5f91-44c4-b010-784f6fc53895', 'result': 'success'}, {'job_id': '5300c6f3-54e1-4942-99e0-b93a2be96a05', 'result': 'success'}, {'job_id': '2cd0270f-ed1c-42ff-95a6-4af2ddd1b209', 'result': 'success'}], 'period': '202508', 'sources': [{'checksum': 'sha256:f812e065cef22777d97a278483dfa0404c5b2707df5eabc3a3163717aa6890ed', 'query_type': 'partner_detail', 'revision': 1, 'snapshot_hash': 'd81f743ba12b7ad53d8f2618e398bc2041e31e8dd8ce1165de4f83bf5240aa6a', 'source_file': 's3://trade-analytics-prod-816079797958-ap-northeast-1-an/un_comtrade/v2/hs_version=H6/cmd_code=8542/period=202508/query_type=partner_detail/revision=1/data.ndjson'}, {'checksum': 'sha256:907080e9e758b3c9b7b220a01b1bc5d33f9aa233d3db3bf03d7683526744f5c3', 'query_type': 'world_total', 'revision': 1, 'snapshot_hash': '94f6ab0e8c3221f23d59e617d4055d8e328be2680c6cb07ddbc7e5ea30c1cd9a', 'source_file': 's3://trade-analytics-prod-816079797958-ap-northeast-1-an/un_comtrade/v2/hs_version=H6/cmd_code=8542/period=202508/query_type=world_total/revision=1/data.ndjson'}], 'status': 'verified', 'step': 'attest'} [airflow.task.operators.airflow.providers.standard.decorators.python._PythonDecoratedOperator] loc=python.py:233
2026-10-02T01:33:31.227497Z [info     ] ::group::Post Execute          [task] loc=task_runner.py:1580
2026-10-02T01:33:31.228492Z [info     ] Pushing xcom                   [task] loc=task_runner.py:2280 ti=RuntimeTaskInstance(id=UUID('01a0fa3d-d4f7-7fb6-9fe0-6fd90917916f'), task_id='attest', dag_id='trade_backfill_pipeline', run_id='manual__2026-10-02T01:32:31.249756+00:00', try_number=1, dag_version_id=UUID('01a0f340-b3af-72cd-8aa4-d8e453a1915b'), map_index=-1, hostname='afe341678f81', context_carrier=None, queue='default', task=<Task(_PythonDecoratedOperator): attest>, max_tries=0, start_date=datetime.datetime(2026, 10, 2, 1, 33, 24, 868654, tzinfo=datetime.timezone.utc), end_date=None, state=<TaskInstanceState.RUNNING: 'running'>, is_mapped=False, rendered_map_index=None, sentry_integration='')
2026-10-02T01:33:31.283840Z [info     ] Task instance state updated    [airflow.api_fastapi.execution_api.routes.task_instances] correlation_id=01a0fa3e-bf0b-75e5-bdaa-c8da671b7629 loc=task_instances.py:485 new_state=success rows_affected=1 ti_id=01a0fa3d-d4f7-7fb6-9fe0-6fd90917916f
Task instance in success state
 Previous state of the Task instance: TaskInstanceState.RUNNING
Task operator:<Task(_PythonDecoratedOperator): attest>
2026-10-02T01:33:31.287899Z [info     ] ::endgroup::                   [task] loc=task_runner.py:2379
2026-10-02T01:33:31.293359Z [info     ] [DAG TEST] end task task_id=attest map_index=-1 [airflow.sdk.definitions.dag] loc=dag.py:1563
2026-10-02T01:33:31.303555Z [info     ] [DAG TEST] starting task_id=build map_index=-1 [airflow.sdk.definitions.dag] loc=dag.py:1501
2026-10-02T01:33:31.303639Z [info     ] [DAG TEST] running task <TaskInstance: trade_backfill_pipeline.build manual__2026-10-02T01:32:31.249756+00:00 [TaskInstanceState.SCHEDULED] ti_id=01a0fa3d-d4f8-7143-a869-4417b50e6085> [airflow.sdk.definitions.dag] loc=dag.py:1504
2026-10-02T01:33:31.310243Z [info     ] Task started                   [airflow.api_fastapi.execution_api.routes.task_instances] correlation_id=01a0fa3e-bf29-7fc9-98e6-210c38ec806d hostname=afe341678f81 loc=task_instances.py:226 previous_state=queued ti_id=01a0fa3d-d4f8-7143-a869-4417b50e6085
2026-10-02T01:33:31.310939Z [info     ] Task instance state updated    [airflow.api_fastapi.execution_api.routes.task_instances] correlation_id=01a0fa3e-bf29-7fc9-98e6-210c38ec806d loc=task_instances.py:254 rows_affected=1 ti_id=01a0fa3d-d4f8-7143-a869-4417b50e6085
2026-10-02T01:33:31.325672Z [info     ] Updating RenderedTaskInstanceFields [airflow.api_fastapi.execution_api.routes.task_instances] correlation_id=01a0fa3e-bf3b-763c-a4f8-81de4cfa0294 field_count=3 loc=task_instances.py:1017 ti_id=01a0fa3d-d4f8-7143-a869-4417b50e6085
Task instance is in running state
 Previous state of the Task instance: TaskInstanceState.QUEUED
Current task name:build
Dag name:trade_backfill_pipeline
2026-10-02T01:33:31.330477Z [info     ] ::endgroup::                   [task] loc=task_runner.py:2232
{"step": "build", "kind": null, "period": "202508", "run_id": "backfill-202508-d11457a125285818"}
01:33:32  Running with dbt=1.12.5
01:33:32  Registered adapter: bigquery=1.12.1
01:33:32  Unable to do partial parsing because config vars, config profile, or config target have changed
01:33:33  Found 10 models, 71 data tests, 2 seeds, 3 sources, 563 macros, 5 unit tests
01:33:33
01:33:33  Concurrency: 4 threads (target='day11')
01:33:33
01:33:34  1 of 88 START sql table model trade_analytics_day10_dev.dim_months ............. [RUN]
01:33:34  2 of 88 START sql view model trade_analytics_day10_dev.stg_un_comtrade__partner_trades  [RUN]
01:33:34  3 of 88 START sql view model trade_analytics_day10_dev.stg_un_comtrade__world_totals  [RUN]
01:33:34  4 of 88 START seed file trade_analytics_day10_dev.country_reference ............ [RUN]
01:33:35  2 of 88 OK created sql view model trade_analytics_day10_dev.stg_un_comtrade__partner_trades  [CREATE VIEW (0 processed) in 0.67s]
01:33:35  3 of 88 OK created sql view model trade_analytics_day10_dev.stg_un_comtrade__world_totals  [CREATE VIEW (0 processed) in 0.67s]
01:33:35  5 of 88 START seed file trade_analytics_day10_dev.hs_code_reference ............ [RUN]
01:33:35  6 of 88 START test assert_partner_grain_unique ................................. [RUN]
01:33:36  1 of 88 OK created sql table model trade_analytics_day10_dev.dim_months ........ [CREATE TABLE (32.0 rows, 0 processed) in 1.82s]
01:33:36  6 of 88 PASS assert_partner_grain_unique ....................................... [PASS in 1.14s]
01:33:36  8 of 88 START test assert_staging_contract ..................................... [RUN]
01:33:36  7 of 88 START test assert_january_2023_exists .................................. [RUN]
01:33:37  7 of 88 PASS assert_january_2023_exists ........................................ [PASS in 1.09s]
01:33:37  9 of 88 START test assert_staging_matches_raw .................................. [RUN]
01:33:37  8 of 88 PASS assert_staging_contract ........................................... [PASS in 1.18s]
01:33:37  10 of 88 START test assert_world_grain_unique .................................. [RUN]
01:33:38  4 of 88 OK loaded seed file trade_analytics_day10_dev.country_reference ........ [INSERT 163 in 3.59s]
01:33:38  11 of 88 START test assert_month_spine_complete ................................ [RUN]
01:33:38  9 of 88 PASS assert_staging_matches_raw ........................................ [PASS in 1.10s]
01:33:38  10 of 88 PASS assert_world_grain_unique ........................................ [PASS in 1.02s]
01:33:38  12 of 88 START test not_null_dim_months_month_start_date ....................... [RUN]
01:33:38  13 of 88 START test not_null_dim_months_period ................................. [RUN]
01:33:39  5 of 88 OK loaded seed file trade_analytics_day10_dev.hs_code_reference ........ [INSERT 1 in 3.78s]
01:33:39  14 of 88 START test unique_dim_months_month_start_date ......................... [RUN]
01:33:39  11 of 88 PASS assert_month_spine_complete ...................................... [PASS in 0.95s]
01:33:39  15 of 88 START test unique_dim_months_period ................................... [RUN]
01:33:39  13 of 88 PASS not_null_dim_months_period ....................................... [PASS in 0.74s]
01:33:39  12 of 88 PASS not_null_dim_months_month_start_date ............................. [PASS in 0.75s]
01:33:39  16 of 88 START test accepted_values_country_reference_classification_status__verified__needs_review  [RUN]
01:33:39  17 of 88 START test accepted_values_country_reference_partner_type__country__world__aggregate__special__unknown  [RUN]
01:33:39  14 of 88 PASS unique_dim_months_month_start_date ............................... [PASS in 0.68s]
01:33:39  18 of 88 START test accepted_values_country_reference_reconciliation_role__detail__overlap__world__unresolved  [RUN]
01:33:40  15 of 88 PASS unique_dim_months_period ......................................... [PASS in 0.73s]
01:33:40  19 of 88 START test not_null_country_reference_classification_note ............. [RUN]
01:33:40  17 of 88 PASS accepted_values_country_reference_partner_type__country__world__aggregate__special__unknown  [PASS in 0.71s]
01:33:40  20 of 88 START test not_null_country_reference_classification_status ........... [RUN]
01:33:40  16 of 88 PASS accepted_values_country_reference_classification_status__verified__needs_review  [PASS in 0.72s]
01:33:40  21 of 88 START test not_null_country_reference_partner_code .................... [RUN]
01:33:40  18 of 88 PASS accepted_values_country_reference_reconciliation_role__detail__overlap__world__unresolved  [PASS in 0.67s]
01:33:40  22 of 88 START test not_null_country_reference_partner_type .................... [RUN]
01:33:40  19 of 88 PASS not_null_country_reference_classification_note ................... [PASS in 0.69s]
01:33:40  23 of 88 START test not_null_country_reference_reconciliation_role ............. [RUN]
01:33:40  20 of 88 PASS not_null_country_reference_classification_status ................. [PASS in 0.68s]
01:33:40  24 of 88 START test not_null_country_reference_retrieved_at .................... [RUN]
01:33:41  21 of 88 PASS not_null_country_reference_partner_code .......................... [PASS in 0.69s]
01:33:41  25 of 88 START test not_null_country_reference_source_name ..................... [RUN]
01:33:41  22 of 88 PASS not_null_country_reference_partner_type .......................... [PASS in 0.67s]
01:33:41  26 of 88 START test not_null_country_reference_source_url ...................... [RUN]
01:33:41  23 of 88 PASS not_null_country_reference_reconciliation_role ................... [PASS in 0.72s]
01:33:41  27 of 88 START test unique_country_reference_partner_code ...................... [RUN]
01:33:41  24 of 88 PASS not_null_country_reference_retrieved_at .......................... [PASS in 0.72s]
01:33:41  28 of 88 START test compound_unique_hs_code_reference_hs_version__cmd_code ..... [RUN]
01:33:41  25 of 88 PASS not_null_country_reference_source_name ........................... [PASS in 0.71s]
01:33:41  29 of 88 START test not_null_hs_code_reference_cmd_code ........................ [RUN]
01:33:42  26 of 88 PASS not_null_country_reference_source_url ............................ [PASS in 0.69s]
01:33:42  30 of 88 START test not_null_hs_code_reference_code_level ...................... [RUN]
01:33:42  27 of 88 PASS unique_country_reference_partner_code ............................ [PASS in 0.66s]
01:33:42  31 of 88 START test not_null_hs_code_reference_hs_description .................. [RUN]
01:33:42  28 of 88 PASS compound_unique_hs_code_reference_hs_version__cmd_code ........... [PASS in 0.65s]
01:33:42  32 of 88 START test not_null_hs_code_reference_hs_version ...................... [RUN]
01:33:42  29 of 88 PASS not_null_hs_code_reference_cmd_code .............................. [PASS in 0.64s]
01:33:42  33 of 88 START test not_null_hs_code_reference_parent_code ..................... [RUN]
01:33:42  30 of 88 PASS not_null_hs_code_reference_code_level ............................ [PASS in 0.72s]
01:33:42  34 of 88 START test not_null_hs_code_reference_retrieved_at .................... [RUN]
01:33:42  31 of 88 PASS not_null_hs_code_reference_hs_description ........................ [PASS in 0.73s]
01:33:42  35 of 88 START test not_null_hs_code_reference_source_url ...................... [RUN]
01:33:43  32 of 88 PASS not_null_hs_code_reference_hs_version ............................ [PASS in 0.71s]
01:33:43  33 of 88 PASS not_null_hs_code_reference_parent_code ........................... [PASS in 0.70s]
01:33:43  36 of 88 START sql table model trade_analytics_day10_dev.dim_countries ......... [RUN]
01:33:43  34 of 88 PASS not_null_hs_code_reference_retrieved_at .......................... [PASS in 0.73s]
01:33:43  35 of 88 PASS not_null_hs_code_reference_source_url ............................ [PASS in 0.66s]
01:33:43  37 of 88 START sql table model trade_analytics_day10_dev.dim_hs_codes .......... [RUN]
01:33:44  36 of 88 OK created sql table model trade_analytics_day10_dev.dim_countries .... [CREATE TABLE (163.0 rows, 86.5 KiB processed) in 1.38s]
01:33:44  38 of 88 START test accepted_values_dim_countries_classification_status__verified__needs_review  [RUN]
01:33:44  39 of 88 START test accepted_values_dim_countries_partner_type__country__world__aggregate__special__unknown  [RUN]
01:33:44  40 of 88 START test accepted_values_dim_countries_reconciliation_role__detail__overlap__world__unresolved  [RUN]
01:33:45  40 of 88 PASS accepted_values_dim_countries_reconciliation_role__detail__overlap__world__unresolved  [PASS in 0.83s]
01:33:45  39 of 88 PASS accepted_values_dim_countries_partner_type__country__world__aggregate__special__unknown  [PASS in 0.84s]
01:33:45  38 of 88 PASS accepted_values_dim_countries_classification_status__verified__needs_review  [PASS in 0.84s]
01:33:45  42 of 88 START test not_null_dim_countries_classification_status ............... [RUN]
01:33:45  41 of 88 START test assert_special_partner_contract ............................ [RUN]
01:33:45  43 of 88 START test not_null_dim_countries_partner_code ........................ [RUN]
01:33:45  37 of 88 OK created sql table model trade_analytics_day10_dev.dim_hs_codes ..... [CREATE TABLE (1.0 rows, 154.0 Bytes processed) in 1.86s]
01:33:45  44 of 88 START test not_null_dim_countries_partner_type ........................ [RUN]
01:33:46  41 of 88 PASS assert_special_partner_contract .................................. [PASS in 0.75s]
01:33:46  42 of 88 PASS not_null_dim_countries_classification_status ..................... [PASS in 0.75s]
01:33:46  45 of 88 START test not_null_dim_countries_reconciliation_role ................. [RUN]
01:33:46  46 of 88 START test unique_dim_countries_partner_code .......................... [RUN]
01:33:46  43 of 88 PASS not_null_dim_countries_partner_code .............................. [PASS in 0.76s]
01:33:46  47 of 88 START test assert_hs_reference_contract ............................... [RUN]
01:33:46  44 of 88 PASS not_null_dim_countries_partner_type .............................. [PASS in 0.68s]
01:33:46  48 of 88 START test compound_unique_dim_hs_codes_hs_version__cmd_code .......... [RUN]
01:33:46  45 of 88 PASS not_null_dim_countries_reconciliation_role ....................... [PASS in 0.68s]
01:33:46  49 of 88 START test not_null_dim_hs_codes_cmd_code ............................. [RUN]
01:33:46  47 of 88 PASS assert_hs_reference_contract ..................................... [PASS in 0.70s]
01:33:46  50 of 88 START test not_null_dim_hs_codes_code_level ........................... [RUN]
01:33:46  46 of 88 PASS unique_dim_countries_partner_code ................................ [PASS in 0.72s]
01:33:46  51 of 88 START test not_null_dim_hs_codes_hs_version ........................... [RUN]
01:33:46  48 of 88 PASS compound_unique_dim_hs_codes_hs_version__cmd_code ................ [PASS in 0.79s]
01:33:46  52 of 88 START sql table model trade_analytics_day10_dev.audit_partner_mapping_issues  [RUN]
01:33:47  49 of 88 PASS not_null_dim_hs_codes_cmd_code ................................... [PASS in 0.61s]
01:33:47  50 of 88 PASS not_null_dim_hs_codes_code_level ................................. [PASS in 0.63s]
01:33:47  51 of 88 PASS not_null_dim_hs_codes_hs_version ................................. [PASS in 0.62s]
01:33:47  53 of 88 START sql table model trade_analytics_day10_dev.fct_monthly_semiconductor_imports  [RUN]
01:33:48  52 of 88 OK created sql table model trade_analytics_day10_dev.audit_partner_mapping_issues  [CREATE TABLE (32.0 rows, 510.4 KiB processed) in 1.69s]
01:33:48  54 of 88 START test assert_missing_country_audited ............................. [RUN]
01:33:48  55 of 88 START test not_null_audit_partner_mapping_issues_issue_type ........... [RUN]
01:33:48  56 of 88 START test not_null_audit_partner_mapping_issues_observed_at .......... [RUN]
01:33:49  56 of 88 PASS not_null_audit_partner_mapping_issues_observed_at ................ [PASS in 0.68s]
01:33:49  55 of 88 PASS not_null_audit_partner_mapping_issues_issue_type ................. [PASS in 0.69s]
01:33:49  57 of 88 START test not_null_audit_partner_mapping_issues_partner_code ......... [RUN]
01:33:49  53 of 88 OK created sql table model trade_analytics_day10_dev.fct_monthly_semiconductor_imports  [CREATE TABLE (2.1k rows, 754.5 KiB processed) in 2.06s]
01:33:49  58 of 88 START test accepted_values_fct_monthly_semiconductor_imports_classification_status__verified__needs_review  [RUN]
01:33:49  59 of 88 START test accepted_values_fct_monthly_semiconductor_imports_partner_type__country__world__aggregate__special__unknown  [RUN]
01:33:49  54 of 88 PASS assert_missing_country_audited ................................... [PASS in 1.26s]
01:33:49  60 of 88 START test accepted_values_fct_monthly_semiconductor_imports_reconciliation_role__detail__overlap__world__unresolved  [RUN]
01:33:50  57 of 88 PASS not_null_audit_partner_mapping_issues_partner_code ............... [PASS in 0.73s]
01:33:50  61 of 88 START test assert_fact_contract ....................................... [RUN]
01:33:50  58 of 88 PASS accepted_values_fct_monthly_semiconductor_imports_classification_status__verified__needs_review  [PASS in 0.66s]
01:33:50  62 of 88 START test assert_fact_preserves_staging .............................. [RUN]
01:33:50  59 of 88 PASS accepted_values_fct_monthly_semiconductor_imports_partner_type__country__world__aggregate__special__unknown  [PASS in 0.70s]
01:33:50  63 of 88 START test compound_unique_fct_monthly_semiconductor_imports_period_start_date__partner_code__cmd_code__hs_version  [RUN]
01:33:50  60 of 88 PASS accepted_values_fct_monthly_semiconductor_imports_reconciliation_role__detail__overlap__world__unresolved  [PASS in 0.74s]
01:33:50  64 of 88 START test not_null_fct_monthly_semiconductor_imports_cmd_code ........ [RUN]
01:33:50  61 of 88 PASS assert_fact_contract ............................................. [PASS in 0.66s]
01:33:50  65 of 88 START test not_null_fct_monthly_semiconductor_imports_country_mapping_found  [RUN]
01:33:50  63 of 88 PASS compound_unique_fct_monthly_semiconductor_imports_period_start_date__partner_code__cmd_code__hs_version  [PASS in 0.72s]
01:33:50  66 of 88 START test not_null_fct_monthly_semiconductor_imports_hs_mapping_found  [RUN]
01:33:51  64 of 88 PASS not_null_fct_monthly_semiconductor_imports_cmd_code .............. [PASS in 0.66s]
01:33:51  67 of 88 START test not_null_fct_monthly_semiconductor_imports_hs_version ...... [RUN]
01:33:51  65 of 88 PASS not_null_fct_monthly_semiconductor_imports_country_mapping_found . [PASS in 0.69s]
01:33:51  68 of 88 START test not_null_fct_monthly_semiconductor_imports_month_mapping_found  [RUN]
01:33:51  62 of 88 PASS assert_fact_preserves_staging .................................... [PASS in 1.33s]
01:33:51  69 of 88 START test not_null_fct_monthly_semiconductor_imports_partner_code .... [RUN]
01:33:51  66 of 88 PASS not_null_fct_monthly_semiconductor_imports_hs_mapping_found ...... [PASS in 0.67s]
01:33:51  70 of 88 START test not_null_fct_monthly_semiconductor_imports_period_start_date  [RUN]
01:33:52  67 of 88 PASS not_null_fct_monthly_semiconductor_imports_hs_version ............ [PASS in 0.80s]
01:33:52  68 of 88 PASS not_null_fct_monthly_semiconductor_imports_month_mapping_found ... [PASS in 0.72s]
01:33:52  69 of 88 PASS not_null_fct_monthly_semiconductor_imports_partner_code .......... [PASS in 0.77s]
01:33:52  70 of 88 PASS not_null_fct_monthly_semiconductor_imports_period_start_date ..... [PASS in 0.68s]
01:33:52  71 of 88 START unit_test int_partner_market_share::day09_calendar_growth_and_weights  [RUN]
01:33:54  71 of 88 PASS int_partner_market_share::day09_calendar_growth_and_weights ...... [PASS in 2.62s]
01:33:54  72 of 88 START unit_test int_partner_market_share::day09_invalid_denominators_and_zero_current  [RUN]
01:33:57  72 of 88 PASS int_partner_market_share::day09_invalid_denominators_and_zero_current  [PASS in 2.76s]
01:33:57  73 of 88 START unit_test int_partner_market_share::day09_partner_and_version_isolation  [RUN]
01:34:00  73 of 88 PASS int_partner_market_share::day09_partner_and_version_isolation .... [PASS in 2.36s]
01:34:00  74 of 88 START sql view model trade_analytics_day10_dev.int_partner_market_share  [RUN]
01:34:00  74 of 88 OK created sql view model trade_analytics_day10_dev.int_partner_market_share  [CREATE VIEW (0 processed) in 0.93s]
01:34:00  75 of 88 START test accepted_values_int_partner_market_share_market_share_status__ok__missing_world__invalid_world__missing_value  [RUN]
01:34:00  76 of 88 START test compound_unique_int_partner_market_share_period_start_date__partner_code__cmd_code__hs_version  [RUN]
01:34:00  77 of 88 START test not_null_int_partner_market_share_market_share_status ...... [RUN]
01:34:02  75 of 88 PASS accepted_values_int_partner_market_share_market_share_status__ok__missing_world__invalid_world__missing_value  [PASS in 1.09s]
01:34:02  77 of 88 PASS not_null_int_partner_market_share_market_share_status ............ [PASS in 1.12s]
01:34:02  76 of 88 PASS compound_unique_int_partner_market_share_period_start_date__partner_code__cmd_code__hs_version  [PASS in 1.13s]
01:34:02  78 of 88 START unit_test int_market_concentration_hhi::day09_hhi_hand_calculations_and_coverage  [RUN]
01:34:04  78 of 88 PASS int_market_concentration_hhi::day09_hhi_hand_calculations_and_coverage  [PASS in 2.74s]
01:34:04  79 of 88 START unit_test int_market_concentration_hhi::day09_hhi_unreviewed_country  [RUN]
01:34:07  79 of 88 PASS int_market_concentration_hhi::day09_hhi_unreviewed_country ....... [PASS in 2.64s]
01:34:07  80 of 88 START sql view model trade_analytics_day10_dev.int_market_concentration_hhi  [RUN]
01:34:08  80 of 88 OK created sql view model trade_analytics_day10_dev.int_market_concentration_hhi  [CREATE VIEW (0 processed) in 0.98s]
01:34:08  81 of 88 START test accepted_values_int_market_concentration_hhi_hhi_status__ok__missing_world__invalid_world__no_countries__missing_country_value__negative_country_value__unreviewed_country__insufficient_coverage  [RUN]
01:34:08  82 of 88 START test compound_unique_int_market_concentration_hhi_period_start_date__cmd_code__hs_version  [RUN]
01:34:08  83 of 88 START test not_null_int_market_concentration_hhi_hhi_status ........... [RUN]
01:34:09  82 of 88 PASS compound_unique_int_market_concentration_hhi_period_start_date__cmd_code__hs_version  [PASS in 1.12s]
01:34:09  83 of 88 PASS not_null_int_market_concentration_hhi_hhi_status ................. [PASS in 1.20s]
01:34:09  81 of 88 PASS accepted_values_int_market_concentration_hhi_hhi_status__ok__missing_world__invalid_world__no_countries__missing_country_value__negative_country_value__unreviewed_country__insufficient_coverage  [PASS in 1.30s]
01:34:09  84 of 88 START sql table model trade_analytics_day10_dev.mart_us_semiconductor_supply_chain_candidate  [RUN]
01:34:12  84 of 88 OK created sql table model trade_analytics_day10_dev.mart_us_semiconductor_supply_chain_candidate  [CREATE TABLE (2.1k rows, 918.4 KiB processed) in 2.68s]
01:34:12  85 of 88 START test assert_day09_candidate_preserves_fact ...................... [RUN]
01:34:12  87 of 88 START test compound_unique_mart_us_semiconductor_supply_chain_candidate_period_start_date__partner_code__cmd_code__hs_version  [RUN]
01:34:12  86 of 88 START test assert_day09_metric_contract ............................... [RUN]
01:34:12  88 of 88 START test not_null_mart_us_semiconductor_supply_chain_candidate_hhi_status  [RUN]
01:34:14  88 of 88 PASS not_null_mart_us_semiconductor_supply_chain_candidate_hhi_status . [PASS in 1.92s]
01:34:14  86 of 88 PASS assert_day09_metric_contract ..................................... [PASS in 1.94s]
01:34:14  87 of 88 PASS compound_unique_mart_us_semiconductor_supply_chain_candidate_period_start_date__partner_code__cmd_code__hs_version  [PASS in 2.03s]
01:34:14  85 of 88 PASS assert_day09_candidate_preserves_fact ............................ [PASS in 2.17s]
01:34:14
01:34:14  Finished running 2 seeds, 6 table models, 71 data tests, 5 unit tests, 4 view models in 0 hours 0 minutes and 40.70 seconds (40.70s).
01:34:14
01:34:14  Completed successfully
01:34:14
01:34:14  Done. PASS=88 WARN=0 ERROR=0 SKIP=0 NO-OP=0 REUSED=0 TOTAL=88
{"period": "202508", "status": "success", "step": "build", "vars": {"month_spine_end_date": "2025-08-01", "month_spine_start_date": "2023-01-01", "raw_end_date": "2025-09-01", "raw_start_date": "2023-01-01"}}

2026-10-02T01:34:15.143826Z [info     ] Done. Returned value was: {'period': '202508', 'status': 'success', 'step': 'build', 'vars': {'month_spine_end_date': '2025-08-01', 'month_spine_start_date': '2023-01-01', 'raw_end_date': '2025-09-01', 'raw_start_date': '2023-01-01'}} [airflow.task.operators.airflow.providers.standard.decorators.python._PythonDecoratedOperator] loc=python.py:233
2026-10-02T01:34:15.144715Z [info     ] ::group::Post Execute          [task] loc=task_runner.py:1580
2026-10-02T01:34:15.145202Z [info     ] Pushing xcom                   [task] loc=task_runner.py:2280 ti=RuntimeTaskInstance(id=UUID('01a0fa3d-d4f8-7143-a869-4417b50e6085'), task_id='build', dag_id='trade_backfill_pipeline', run_id='manual__2026-10-02T01:32:31.249756+00:00', try_number=1, dag_version_id=UUID('01a0f340-b3af-72cd-8aa4-d8e453a1915b'), map_index=-1, hostname='afe341678f81', context_carrier=None, queue='default', task=<Task(_PythonDecoratedOperator): build>, max_tries=0, start_date=datetime.datetime(2026, 10, 2, 1, 33, 31, 305292, tzinfo=datetime.timezone.utc), end_date=None, state=<TaskInstanceState.RUNNING: 'running'>, is_mapped=False, rendered_map_index=None, sentry_integration='')
2026-10-02T01:34:15.193719Z [info     ] Task instance state updated    [airflow.api_fastapi.execution_api.routes.task_instances] correlation_id=01a0fa3f-6a91-71e8-809a-30327b9a6f01 loc=task_instances.py:485 new_state=success rows_affected=1 ti_id=01a0fa3d-d4f8-7143-a869-4417b50e6085
Task instance in success state
 Previous state of the Task instance: TaskInstanceState.RUNNING
Task operator:<Task(_PythonDecoratedOperator): build>
2026-10-02T01:34:15.199386Z [info     ] ::endgroup::                   [task] loc=task_runner.py:2379
2026-10-02T01:34:15.206567Z [info     ] [DAG TEST] end task task_id=build map_index=-1 [airflow.sdk.definitions.dag] loc=dag.py:1563
2026-10-02T01:34:15.219094Z [info     ] [DAG TEST] starting task_id=audit map_index=-1 [airflow.sdk.definitions.dag] loc=dag.py:1501
2026-10-02T01:34:15.219181Z [info     ] [DAG TEST] running task <TaskInstance: trade_backfill_pipeline.audit manual__2026-10-02T01:32:31.249756+00:00 [TaskInstanceState.SCHEDULED] ti_id=01a0fa3d-d4f9-7218-9489-151c1f006707> [airflow.sdk.definitions.dag] loc=dag.py:1504
2026-10-02T01:34:15.226045Z [info     ] Task started                   [airflow.api_fastapi.execution_api.routes.task_instances] correlation_id=01a0fa3f-6ab5-74ab-8a67-1bedb97534a0 hostname=afe341678f81 loc=task_instances.py:226 previous_state=queued ti_id=01a0fa3d-d4f9-7218-9489-151c1f006707
2026-10-02T01:34:15.226911Z [info     ] Task instance state updated    [airflow.api_fastapi.execution_api.routes.task_instances] correlation_id=01a0fa3f-6ab5-74ab-8a67-1bedb97534a0 loc=task_instances.py:254 rows_affected=1 ti_id=01a0fa3d-d4f9-7218-9489-151c1f006707
2026-10-02T01:34:15.240399Z [info     ] Updating RenderedTaskInstanceFields [airflow.api_fastapi.execution_api.routes.task_instances] correlation_id=01a0fa3f-6ac6-726d-aca8-7ed86b74ef6a field_count=3 loc=task_instances.py:1017 ti_id=01a0fa3d-d4f9-7218-9489-151c1f006707
Task instance is in running state
 Previous state of the Task instance: TaskInstanceState.QUEUED
Current task name:audit
Dag name:trade_backfill_pipeline
2026-10-02T01:34:15.246131Z [info     ] ::endgroup::                   [task] loc=task_runner.py:2232
{"step": "audit", "kind": null, "period": "202508", "run_id": "backfill-202508-d11457a125285818"}
{"jobs": [{"job_id": "d9edb302-c0e6-4ba3-80f6-6b327ee695c6", "result": "success"}, {"job_id": "7c5b7133-d320-44e1-9c02-771a9df3753b", "result": "success"}, {"job_id": "945e4734-a334-49a4-a8bc-0c96dd71aa13", "result": "success"}], "period": "202508", "reason_codes": [], "run_id": "backfill-202508-d11457a125285818", "status": "PASS", "step": "audit"}

2026-10-02T01:34:24.135702Z [info     ] Done. Returned value was: {'jobs': [{'job_id': 'd9edb302-c0e6-4ba3-80f6-6b327ee695c6', 'result': 'success'}, {'job_id': '7c5b7133-d320-44e1-9c02-771a9df3753b', 'result': 'success'}, {'job_id': '945e4734-a334-49a4-a8bc-0c96dd71aa13', 'result': 'success'}], 'period': '202508', 'reason_codes': [], 'run_id': 'backfill-202508-d11457a125285818', 'status': 'PASS', 'step': 'audit'} [airflow.task.operators.airflow.providers.standard.decorators.python._PythonDecoratedOperator] loc=python.py:233
2026-10-02T01:34:24.135945Z [info     ] ::group::Post Execute          [task] loc=task_runner.py:1580
2026-10-02T01:34:24.136108Z [info     ] Pushing xcom                   [task] loc=task_runner.py:2280 ti=RuntimeTaskInstance(id=UUID('01a0fa3d-d4f9-7218-9489-151c1f006707'), task_id='audit', dag_id='trade_backfill_pipeline', run_id='manual__2026-10-02T01:32:31.249756+00:00', try_number=1, dag_version_id=UUID('01a0f340-b3af-72cd-8aa4-d8e453a1915b'), map_index=-1, hostname='afe341678f81', context_carrier=None, queue='default', task=<Task(_PythonDecoratedOperator): audit>, max_tries=0, start_date=datetime.datetime(2026, 10, 2, 1, 34, 15, 220704, tzinfo=datetime.timezone.utc), end_date=None, state=<TaskInstanceState.RUNNING: 'running'>, is_mapped=False, rendered_map_index=None, sentry_integration='')
2026-10-02T01:34:24.173137Z [info     ] Task instance state updated    [airflow.api_fastapi.execution_api.routes.task_instances] correlation_id=01a0fa3f-8da8-70bc-8cab-36288114cd22 loc=task_instances.py:485 new_state=success rows_affected=1 ti_id=01a0fa3d-d4f9-7218-9489-151c1f006707
Task instance in success state
 Previous state of the Task instance: TaskInstanceState.RUNNING
Task operator:<Task(_PythonDecoratedOperator): audit>
2026-10-02T01:34:24.175336Z [info     ] ::endgroup::                   [task] loc=task_runner.py:2379
2026-10-02T01:34:24.178385Z [info     ] [DAG TEST] end task task_id=audit map_index=-1 [airflow.sdk.definitions.dag] loc=dag.py:1563
2026-10-02T01:34:24.186945Z [info     ] [DAG TEST] starting task_id=gate map_index=-1 [airflow.sdk.definitions.dag] loc=dag.py:1501
2026-10-02T01:34:24.186995Z [info     ] [DAG TEST] running task <TaskInstance: trade_backfill_pipeline.gate manual__2026-10-02T01:32:31.249756+00:00 [TaskInstanceState.SCHEDULED] ti_id=01a0fa3d-d4fa-7e52-a6d3-7cc17026c5bb> [airflow.sdk.definitions.dag] loc=dag.py:1504
2026-10-02T01:34:24.192505Z [info     ] Task started                   [airflow.api_fastapi.execution_api.routes.task_instances] correlation_id=01a0fa3f-8dbc-7dec-9751-b558ab16ff92 hostname=afe341678f81 loc=task_instances.py:226 previous_state=queued ti_id=01a0fa3d-d4fa-7e52-a6d3-7cc17026c5bb
2026-10-02T01:34:24.193229Z [info     ] Task instance state updated    [airflow.api_fastapi.execution_api.routes.task_instances] correlation_id=01a0fa3f-8dbc-7dec-9751-b558ab16ff92 loc=task_instances.py:254 rows_affected=1 ti_id=01a0fa3d-d4fa-7e52-a6d3-7cc17026c5bb
2026-10-02T01:34:24.204261Z [info     ] Updating RenderedTaskInstanceFields [airflow.api_fastapi.execution_api.routes.task_instances] correlation_id=01a0fa3f-8dca-748d-8120-203974302fcd field_count=3 loc=task_instances.py:1017 ti_id=01a0fa3d-d4fa-7e52-a6d3-7cc17026c5bb
Task instance is in running state
 Previous state of the Task instance: TaskInstanceState.QUEUED
Current task name:gate
Dag name:trade_backfill_pipeline
2026-10-02T01:34:24.208475Z [info     ] ::endgroup::                   [task] loc=task_runner.py:2232
{"step": "gate", "kind": null, "period": "202508", "run_id": "backfill-202508-d11457a125285818"}
{"jobs": [{"job_id": "344616a1-7654-419a-bb62-a67db069e1f4", "result": "success"}], "period": "202508", "run_id": "backfill-202508-d11457a125285818", "status": "PASS", "step": "gate"}

2026-10-02T01:34:25.407671Z [info     ] Done. Returned value was: {'jobs': [{'job_id': '344616a1-7654-419a-bb62-a67db069e1f4', 'result': 'success'}], 'period': '202508', 'run_id': 'backfill-202508-d11457a125285818', 'status': 'PASS', 'step': 'gate'} [airflow.task.operators.airflow.providers.standard.decorators.python._PythonDecoratedOperator] loc=python.py:233
2026-10-02T01:34:25.407780Z [info     ] ::group::Post Execute          [task] loc=task_runner.py:1580
2026-10-02T01:34:25.407893Z [info     ] Pushing xcom                   [task] loc=task_runner.py:2280 ti=RuntimeTaskInstance(id=UUID('01a0fa3d-d4fa-7e52-a6d3-7cc17026c5bb'), task_id='gate', dag_id='trade_backfill_pipeline', run_id='manual__2026-10-02T01:32:31.249756+00:00', try_number=1, dag_version_id=UUID('01a0f340-b3af-72cd-8aa4-d8e453a1915b'), map_index=-1, hostname='afe341678f81', context_carrier=None, queue='default', task=<Task(_PythonDecoratedOperator): gate>, max_tries=0, start_date=datetime.datetime(2026, 10, 2, 1, 34, 24, 187856, tzinfo=datetime.timezone.utc), end_date=None, state=<TaskInstanceState.RUNNING: 'running'>, is_mapped=False, rendered_map_index=None, sentry_integration='')
2026-10-02T01:34:25.447239Z [info     ] Task instance state updated    [airflow.api_fastapi.execution_api.routes.task_instances] correlation_id=01a0fa3f-92a3-74af-ab09-05bf6ba59b11 loc=task_instances.py:485 new_state=success rows_affected=1 ti_id=01a0fa3d-d4fa-7e52-a6d3-7cc17026c5bb
Task instance in success state
 Previous state of the Task instance: TaskInstanceState.RUNNING
Task operator:<Task(_PythonDecoratedOperator): gate>
2026-10-02T01:34:25.452513Z [info     ] ::endgroup::                   [task] loc=task_runner.py:2379
2026-10-02T01:34:25.454857Z [info     ] [DAG TEST] end task task_id=gate map_index=-1 [airflow.sdk.definitions.dag] loc=dag.py:1563
2026-10-02T01:34:25.462706Z [info     ] [DAG TEST] starting task_id=publish map_index=-1 [airflow.sdk.definitions.dag] loc=dag.py:1501
2026-10-02T01:34:25.462762Z [info     ] [DAG TEST] running task <TaskInstance: trade_backfill_pipeline.publish manual__2026-10-02T01:32:31.249756+00:00 [TaskInstanceState.SCHEDULED] ti_id=01a0fa3d-d4fb-70b2-89d2-6f4cd276672d> [airflow.sdk.definitions.dag] loc=dag.py:1504
2026-10-02T01:34:25.467273Z [info     ] Task started                   [airflow.api_fastapi.execution_api.routes.task_instances] correlation_id=01a0fa3f-92b7-7fb3-82cf-7c8bbbd47f4c hostname=afe341678f81 loc=task_instances.py:226 previous_state=queued ti_id=01a0fa3d-d4fb-70b2-89d2-6f4cd276672d
2026-10-02T01:34:25.467774Z [info     ] Task instance state updated    [airflow.api_fastapi.execution_api.routes.task_instances] correlation_id=01a0fa3f-92b7-7fb3-82cf-7c8bbbd47f4c loc=task_instances.py:254 rows_affected=1 ti_id=01a0fa3d-d4fb-70b2-89d2-6f4cd276672d
2026-10-02T01:34:25.476953Z [info     ] Updating RenderedTaskInstanceFields [airflow.api_fastapi.execution_api.routes.task_instances] correlation_id=01a0fa3f-92c3-7ceb-b0c9-eba68dff0908 field_count=3 loc=task_instances.py:1017 ti_id=01a0fa3d-d4fb-70b2-89d2-6f4cd276672d
Task instance is in running state
 Previous state of the Task instance: TaskInstanceState.QUEUED
Current task name:publish
Dag name:trade_backfill_pipeline
2026-10-02T01:34:25.479832Z [info     ] ::endgroup::                   [task] loc=task_runner.py:2232
{"step": "publish", "kind": null, "period": "202508", "run_id": "backfill-202508-d11457a125285818"}
{"jobs": [{"job_id": "edc31354-846e-42e2-8008-f10d65016d8d", "result": "success"}, {"job_id": "62484e1b-0461-4bde-badd-c0f8eaee231a", "result": "success"}, {"job_id": "66d83cd2-fee8-470e-9bed-d2a3fb978d64", "result": "success"}], "period": "202508", "run_id": "backfill-202508-d11457a125285818", "status": "published", "step": "publish"}

2026-10-02T01:34:34.303566Z [info     ] Done. Returned value was: {'jobs': [{'job_id': 'edc31354-846e-42e2-8008-f10d65016d8d', 'result': 'success'}, {'job_id': '62484e1b-0461-4bde-badd-c0f8eaee231a', 'result': 'success'}, {'job_id': '66d83cd2-fee8-470e-9bed-d2a3fb978d64', 'result': 'success'}], 'period': '202508', 'run_id': 'backfill-202508-d11457a125285818', 'status': 'published', 'step': 'publish'} [airflow.task.operators.airflow.providers.standard.decorators.python._PythonDecoratedOperator] loc=python.py:233
2026-10-02T01:34:34.304231Z [info     ] ::group::Post Execute          [task] loc=task_runner.py:1580
2026-10-02T01:34:34.304607Z [info     ] Pushing xcom                   [task] loc=task_runner.py:2280 ti=RuntimeTaskInstance(id=UUID('01a0fa3d-d4fb-70b2-89d2-6f4cd276672d'), task_id='publish', dag_id='trade_backfill_pipeline', run_id='manual__2026-10-02T01:32:31.249756+00:00', try_number=1, dag_version_id=UUID('01a0f340-b3af-72cd-8aa4-d8e453a1915b'), map_index=-1, hostname='afe341678f81', context_carrier=None, queue='default', task=<Task(_PythonDecoratedOperator): publish>, max_tries=0, start_date=datetime.datetime(2026, 10, 2, 1, 34, 25, 463541, tzinfo=datetime.timezone.utc), end_date=None, state=<TaskInstanceState.RUNNING: 'running'>, is_mapped=False, rendered_map_index=None, sentry_integration='')
2026-10-02T01:34:34.348945Z [info     ] Task instance state updated    [airflow.api_fastapi.execution_api.routes.task_instances] correlation_id=01a0fa3f-b565-78ad-a4c5-a58a7f21ca39 loc=task_instances.py:485 new_state=success rows_affected=1 ti_id=01a0fa3d-d4fb-70b2-89d2-6f4cd276672d
Task instance in success state
 Previous state of the Task instance: TaskInstanceState.RUNNING
Task operator:<Task(_PythonDecoratedOperator): publish>
2026-10-02T01:34:34.351895Z [info     ] ::endgroup::                   [task] loc=task_runner.py:2379
2026-10-02T01:34:34.355864Z [info     ] [DAG TEST] end task task_id=publish map_index=-1 [airflow.sdk.definitions.dag] loc=dag.py:1563
2026-10-02T01:34:34.365626Z [info     ] [DAG TEST] starting task_id=select_month_2 map_index=-1 [airflow.sdk.definitions.dag] loc=dag.py:1501
2026-10-02T01:34:34.365698Z [info     ] [DAG TEST] running task <TaskInstance: trade_backfill_pipeline.select_month_2 manual__2026-10-02T01:32:31.249756+00:00 [TaskInstanceState.SCHEDULED] ti_id=01a0fa3d-d4fc-7349-8a07-185864081e93> [airflow.sdk.definitions.dag] loc=dag.py:1504
2026-10-02T01:34:34.371373Z [info     ] Task started                   [airflow.api_fastapi.execution_api.routes.task_instances] correlation_id=01a0fa3f-b57f-7138-b911-0a713a0ec7fe hostname=afe341678f81 loc=task_instances.py:226 previous_state=queued ti_id=01a0fa3d-d4fc-7349-8a07-185864081e93
2026-10-02T01:34:34.372002Z [info     ] Task instance state updated    [airflow.api_fastapi.execution_api.routes.task_instances] correlation_id=01a0fa3f-b57f-7138-b911-0a713a0ec7fe loc=task_instances.py:254 rows_affected=1 ti_id=01a0fa3d-d4fc-7349-8a07-185864081e93
2026-10-02T01:34:34.384467Z [info     ] Updating RenderedTaskInstanceFields [airflow.api_fastapi.execution_api.routes.task_instances] correlation_id=01a0fa3f-b58e-7c4c-a7b9-cef284101d49 field_count=3 loc=task_instances.py:1017 ti_id=01a0fa3d-d4fc-7349-8a07-185864081e93
Task instance is in running state
 Previous state of the Task instance: TaskInstanceState.QUEUED
Current task name:select_month_2
Dag name:trade_backfill_pipeline
2026-10-02T01:34:34.388497Z [info     ] ::endgroup::                   [task] loc=task_runner.py:2232
2026-10-02T01:34:34.388668Z [info     ] Done. Returned value was: {'period': '202509', 'run_id': 'backfill-202509-d11457a125285818', 'status': 'ready', 'sources': {'world_total': True, 'partner_detail': True}, 'revisions': {'world_total': 1, 'partner_detail': 1}} [airflow.task.operators.airflow.providers.standard.decorators.python._PythonDecoratedOperator] loc=python.py:233
2026-10-02T01:34:34.388707Z [info     ] ::group::Post Execute          [task] loc=task_runner.py:1580
2026-10-02T01:34:34.388766Z [info     ] Pushing xcom                   [task] loc=task_runner.py:2280 ti=RuntimeTaskInstance(id=UUID('01a0fa3d-d4fc-7349-8a07-185864081e93'), task_id='select_month_2', dag_id='trade_backfill_pipeline', run_id='manual__2026-10-02T01:32:31.249756+00:00', try_number=1, dag_version_id=UUID('01a0f340-b3af-72cd-8aa4-d8e453a1915b'), map_index=-1, hostname='afe341678f81', context_carrier=None, queue='default', task=<Task(_PythonDecoratedOperator): select_month_2>, max_tries=0, start_date=datetime.datetime(2026, 10, 2, 1, 34, 34, 366792, tzinfo=datetime.timezone.utc), end_date=None, state=<TaskInstanceState.RUNNING: 'running'>, is_mapped=False, rendered_map_index=None, sentry_integration='')
2026-10-02T01:34:34.413692Z [info     ] Task instance state updated    [airflow.api_fastapi.execution_api.routes.task_instances] correlation_id=01a0fa3f-b5a9-76bd-9610-03d9130f6281 loc=task_instances.py:485 new_state=success rows_affected=1 ti_id=01a0fa3d-d4fc-7349-8a07-185864081e93
Task instance in success state
 Previous state of the Task instance: TaskInstanceState.RUNNING
Task operator:<Task(_PythonDecoratedOperator): select_month_2>
2026-10-02T01:34:34.415584Z [info     ] ::endgroup::                   [task] loc=task_runner.py:2379
2026-10-02T01:34:34.417512Z [info     ] [DAG TEST] end task task_id=select_month_2 map_index=-1 [airflow.sdk.definitions.dag] loc=dag.py:1563
2026-10-02T01:34:34.424833Z [info     ] [DAG TEST] starting task_id=ingest_detail_2 map_index=-1 [airflow.sdk.definitions.dag] loc=dag.py:1501
2026-10-02T01:34:34.424891Z [info     ] [DAG TEST] running task <TaskInstance: trade_backfill_pipeline.ingest_detail_2 manual__2026-10-02T01:32:31.249756+00:00 [TaskInstanceState.SCHEDULED] ti_id=01a0fa3d-d4fd-7400-b68a-cd4498932aaa> [airflow.sdk.definitions.dag] loc=dag.py:1504
2026-10-02T01:34:34.429506Z [info     ] Task started                   [airflow.api_fastapi.execution_api.routes.task_instances] correlation_id=01a0fa3f-b5b9-77ca-a532-2d1e735b68cd hostname=afe341678f81 loc=task_instances.py:226 previous_state=queued ti_id=01a0fa3d-d4fd-7400-b68a-cd4498932aaa
2026-10-02T01:34:34.430039Z [info     ] Task instance state updated    [airflow.api_fastapi.execution_api.routes.task_instances] correlation_id=01a0fa3f-b5b9-77ca-a532-2d1e735b68cd loc=task_instances.py:254 rows_affected=1 ti_id=01a0fa3d-d4fd-7400-b68a-cd4498932aaa
2026-10-02T01:34:34.439976Z [info     ] Updating RenderedTaskInstanceFields [airflow.api_fastapi.execution_api.routes.task_instances] correlation_id=01a0fa3f-b5c6-7c94-8556-d56a4a90b5f4 field_count=3 loc=task_instances.py:1017 ti_id=01a0fa3d-d4fd-7400-b68a-cd4498932aaa
Task instance is in running state
 Previous state of the Task instance: TaskInstanceState.QUEUED
Current task name:ingest_detail_2
Dag name:trade_backfill_pipeline
2026-10-02T01:34:34.443488Z [info     ] ::endgroup::                   [task] loc=task_runner.py:2232
{"step": "ingest", "kind": "partner_detail", "period": "202509", "run_id": "backfill-202509-d11457a125285818"}
{"checksum": "sha256:57a7ee210f658f46b6c3c1dafdf3098b3d258c079956d18a753dcf771f2e7f28", "data_uri": "s3://trade-analytics-prod-816079797958-ap-northeast-1-an/un_comtrade/v2/hs_version=H6/cmd_code=8542/period=202509/query_type=partner_detail/revision=1/data.ndjson", "kind": "partner_detail", "manifest_uri": "s3://trade-analytics-prod-816079797958-ap-northeast-1-an/un_comtrade/v2/hs_version=H6/cmd_code=8542/period=202509/query_type=partner_detail/revision=1/manifest.json", "period": "202509", "revision": 1, "row_count": 59, "run_id": "backfill-202509-d11457a125285818", "status": "success", "step": "ingest"}

2026-10-02T01:34:38.418403Z [info     ] Done. Returned value was: {'checksum': 'sha256:57a7ee210f658f46b6c3c1dafdf3098b3d258c079956d18a753dcf771f2e7f28', 'data_uri': 's3://trade-analytics-prod-816079797958-ap-northeast-1-an/un_comtrade/v2/hs_version=H6/cmd_code=8542/period=202509/query_type=partner_detail/revision=1/data.ndjson', 'kind': 'partner_detail', 'manifest_uri': 's3://trade-analytics-prod-816079797958-ap-northeast-1-an/un_comtrade/v2/hs_version=H6/cmd_code=8542/period=202509/query_type=partner_detail/revision=1/manifest.json', 'period': '202509', 'revision': 1, 'row_count': 59, 'run_id': 'backfill-202509-d11457a125285818', 'status': 'success', 'step': 'ingest'} [airflow.task.operators.airflow.providers.standard.decorators.python._PythonDecoratedOperator] loc=python.py:233
2026-10-02T01:34:38.418551Z [info     ] ::group::Post Execute          [task] loc=task_runner.py:1580
2026-10-02T01:34:38.418637Z [info     ] Pushing xcom                   [task] loc=task_runner.py:2280 ti=RuntimeTaskInstance(id=UUID('01a0fa3d-d4fd-7400-b68a-cd4498932aaa'), task_id='ingest_detail_2', dag_id='trade_backfill_pipeline', run_id='manual__2026-10-02T01:32:31.249756+00:00', try_number=1, dag_version_id=UUID('01a0f340-b3af-72cd-8aa4-d8e453a1915b'), map_index=-1, hostname='afe341678f81', context_carrier=None, queue='default', task=<Task(_PythonDecoratedOperator): ingest_detail_2>, max_tries=3, start_date=datetime.datetime(2026, 10, 2, 1, 34, 34, 425709, tzinfo=datetime.timezone.utc), end_date=None, state=<TaskInstanceState.RUNNING: 'running'>, is_mapped=False, rendered_map_index=None, sentry_integration='')
2026-10-02T01:34:38.465922Z [info     ] Task instance state updated    [airflow.api_fastapi.execution_api.routes.task_instances] correlation_id=01a0fa3f-c57d-715f-9a18-294fb4a06c99 loc=task_instances.py:485 new_state=success rows_affected=1 ti_id=01a0fa3d-d4fd-7400-b68a-cd4498932aaa
Task instance in success state
 Previous state of the Task instance: TaskInstanceState.RUNNING
Task operator:<Task(_PythonDecoratedOperator): ingest_detail_2>
2026-10-02T01:34:38.467802Z [info     ] ::endgroup::                   [task] loc=task_runner.py:2379
2026-10-02T01:34:38.470741Z [info     ] [DAG TEST] end task task_id=ingest_detail_2 map_index=-1 [airflow.sdk.definitions.dag] loc=dag.py:1563
2026-10-02T01:34:38.470806Z [info     ] [DAG TEST] starting task_id=ingest_world_2 map_index=-1 [airflow.sdk.definitions.dag] loc=dag.py:1501
2026-10-02T01:34:38.470839Z [info     ] [DAG TEST] running task <TaskInstance: trade_backfill_pipeline.ingest_world_2 manual__2026-10-02T01:32:31.249756+00:00 [TaskInstanceState.SCHEDULED] ti_id=01a0fa3d-d4fe-798b-9ebd-21ffa4430b2d> [airflow.sdk.definitions.dag] loc=dag.py:1504
2026-10-02T01:34:38.476685Z [info     ] Task started                   [airflow.api_fastapi.execution_api.routes.task_instances] correlation_id=01a0fa3f-c588-78e9-90e5-855dee88d979 hostname=afe341678f81 loc=task_instances.py:226 previous_state=queued ti_id=01a0fa3d-d4fe-798b-9ebd-21ffa4430b2d
2026-10-02T01:34:38.477305Z [info     ] Task instance state updated    [airflow.api_fastapi.execution_api.routes.task_instances] correlation_id=01a0fa3f-c588-78e9-90e5-855dee88d979 loc=task_instances.py:254 rows_affected=1 ti_id=01a0fa3d-d4fe-798b-9ebd-21ffa4430b2d
2026-10-02T01:34:38.487920Z [info     ] Updating RenderedTaskInstanceFields [airflow.api_fastapi.execution_api.routes.task_instances] correlation_id=01a0fa3f-c595-7812-a017-3b232ebeee07 field_count=3 loc=task_instances.py:1017 ti_id=01a0fa3d-d4fe-798b-9ebd-21ffa4430b2d
Task instance is in running state
 Previous state of the Task instance: TaskInstanceState.QUEUED
Current task name:ingest_world_2
Dag name:trade_backfill_pipeline
2026-10-02T01:34:38.491006Z [info     ] ::endgroup::                   [task] loc=task_runner.py:2232
{"step": "ingest", "kind": "world_total", "period": "202509", "run_id": "backfill-202509-d11457a125285818"}
{"checksum": "sha256:143b913966db34381b92b9c0f80ef0e9e5a4d4ce75602bc38d12551542c7de24", "data_uri": "s3://trade-analytics-prod-816079797958-ap-northeast-1-an/un_comtrade/v2/hs_version=H6/cmd_code=8542/period=202509/query_type=world_total/revision=1/data.ndjson", "kind": "world_total", "manifest_uri": "s3://trade-analytics-prod-816079797958-ap-northeast-1-an/un_comtrade/v2/hs_version=H6/cmd_code=8542/period=202509/query_type=world_total/revision=1/manifest.json", "period": "202509", "revision": 1, "row_count": 1, "run_id": "backfill-202509-d11457a125285818", "status": "success", "step": "ingest"}

2026-10-02T01:34:41.421091Z [info     ] Done. Returned value was: {'checksum': 'sha256:143b913966db34381b92b9c0f80ef0e9e5a4d4ce75602bc38d12551542c7de24', 'data_uri': 's3://trade-analytics-prod-816079797958-ap-northeast-1-an/un_comtrade/v2/hs_version=H6/cmd_code=8542/period=202509/query_type=world_total/revision=1/data.ndjson', 'kind': 'world_total', 'manifest_uri': 's3://trade-analytics-prod-816079797958-ap-northeast-1-an/un_comtrade/v2/hs_version=H6/cmd_code=8542/period=202509/query_type=world_total/revision=1/manifest.json', 'period': '202509', 'revision': 1, 'row_count': 1, 'run_id': 'backfill-202509-d11457a125285818', 'status': 'success', 'step': 'ingest'} [airflow.task.operators.airflow.providers.standard.decorators.python._PythonDecoratedOperator] loc=python.py:233
2026-10-02T01:34:41.421288Z [info     ] ::group::Post Execute          [task] loc=task_runner.py:1580
2026-10-02T01:34:41.421416Z [info     ] Pushing xcom                   [task] loc=task_runner.py:2280 ti=RuntimeTaskInstance(id=UUID('01a0fa3d-d4fe-798b-9ebd-21ffa4430b2d'), task_id='ingest_world_2', dag_id='trade_backfill_pipeline', run_id='manual__2026-10-02T01:32:31.249756+00:00', try_number=1, dag_version_id=UUID('01a0f340-b3af-72cd-8aa4-d8e453a1915b'), map_index=-1, hostname='afe341678f81', context_carrier=None, queue='default', task=<Task(_PythonDecoratedOperator): ingest_world_2>, max_tries=3, start_date=datetime.datetime(2026, 10, 2, 1, 34, 38, 472824, tzinfo=datetime.timezone.utc), end_date=None, state=<TaskInstanceState.RUNNING: 'running'>, is_mapped=False, rendered_map_index=None, sentry_integration='')
2026-10-02T01:34:41.479341Z [info     ] Task instance state updated    [airflow.api_fastapi.execution_api.routes.task_instances] correlation_id=01a0fa3f-d142-7580-9563-a70ca8fcade0 loc=task_instances.py:485 new_state=success rows_affected=1 ti_id=01a0fa3d-d4fe-798b-9ebd-21ffa4430b2d
Task instance in success state
 Previous state of the Task instance: TaskInstanceState.RUNNING
Task operator:<Task(_PythonDecoratedOperator): ingest_world_2>
2026-10-02T01:34:41.481837Z [info     ] ::endgroup::                   [task] loc=task_runner.py:2379
2026-10-02T01:34:41.484888Z [info     ] [DAG TEST] end task task_id=ingest_world_2 map_index=-1 [airflow.sdk.definitions.dag] loc=dag.py:1563
2026-10-02T01:34:41.492677Z [info     ] [DAG TEST] starting task_id=load_world_2 map_index=-1 [airflow.sdk.definitions.dag] loc=dag.py:1501
2026-10-02T01:34:41.492737Z [info     ] [DAG TEST] running task <TaskInstance: trade_backfill_pipeline.load_world_2 manual__2026-10-02T01:32:31.249756+00:00 [TaskInstanceState.SCHEDULED] ti_id=01a0fa3d-d500-7d1e-bc6b-757442f89b5e> [airflow.sdk.definitions.dag] loc=dag.py:1504
2026-10-02T01:34:41.497927Z [info     ] Task started                   [airflow.api_fastapi.execution_api.routes.task_instances] correlation_id=01a0fa3f-d155-7009-9bf5-53350ecc1033 hostname=afe341678f81 loc=task_instances.py:226 previous_state=queued ti_id=01a0fa3d-d500-7d1e-bc6b-757442f89b5e
2026-10-02T01:34:41.498571Z [info     ] Task instance state updated    [airflow.api_fastapi.execution_api.routes.task_instances] correlation_id=01a0fa3f-d155-7009-9bf5-53350ecc1033 loc=task_instances.py:254 rows_affected=1 ti_id=01a0fa3d-d500-7d1e-bc6b-757442f89b5e
2026-10-02T01:34:41.509092Z [info     ] Updating RenderedTaskInstanceFields [airflow.api_fastapi.execution_api.routes.task_instances] correlation_id=01a0fa3f-d163-7f6a-9e96-a5ec2da030aa field_count=3 loc=task_instances.py:1017 ti_id=01a0fa3d-d500-7d1e-bc6b-757442f89b5e
Task instance is in running state
 Previous state of the Task instance: TaskInstanceState.QUEUED
Current task name:load_world_2
Dag name:trade_backfill_pipeline
2026-10-02T01:34:41.512855Z [info     ] ::endgroup::                   [task] loc=task_runner.py:2232
{"step": "load", "kind": "world_total", "period": "202509", "run_id": "backfill-202509-d11457a125285818"}
{"jobs": [{"job_id": "day11_abf9390ddc584a8cb2ae6b9a800f96f3", "status": "success"}, {"job_id": "day11_b9d3fdb9dc60460b82c7fc89c939013f", "status": "success"}, {"job_id": "day11_3ae128a97f16482988f64911e1d300c8", "status": "success"}, {"job_id": "day11_e86a25b3abc349ba8bccfa3285945ef0", "status": "success"}], "kind": "world_total", "period": "202509", "revision": 1, "rows": 1, "status": "success", "step": "load"}

2026-10-02T01:34:55.257149Z [info     ] Done. Returned value was: {'jobs': [{'job_id': 'day11_abf9390ddc584a8cb2ae6b9a800f96f3', 'status': 'success'}, {'job_id': 'day11_b9d3fdb9dc60460b82c7fc89c939013f', 'status': 'success'}, {'job_id': 'day11_3ae128a97f16482988f64911e1d300c8', 'status': 'success'}, {'job_id': 'day11_e86a25b3abc349ba8bccfa3285945ef0', 'status': 'success'}], 'kind': 'world_total', 'period': '202509', 'revision': 1, 'rows': 1, 'status': 'success', 'step': 'load'} [airflow.task.operators.airflow.providers.standard.decorators.python._PythonDecoratedOperator] loc=python.py:233
2026-10-02T01:34:55.257793Z [info     ] ::group::Post Execute          [task] loc=task_runner.py:1580
2026-10-02T01:34:55.257993Z [info     ] Pushing xcom                   [task] loc=task_runner.py:2280 ti=RuntimeTaskInstance(id=UUID('01a0fa3d-d500-7d1e-bc6b-757442f89b5e'), task_id='load_world_2', dag_id='trade_backfill_pipeline', run_id='manual__2026-10-02T01:32:31.249756+00:00', try_number=1, dag_version_id=UUID('01a0f340-b3af-72cd-8aa4-d8e453a1915b'), map_index=-1, hostname='afe341678f81', context_carrier=None, queue='default', task=<Task(_PythonDecoratedOperator): load_world_2>, max_tries=3, start_date=datetime.datetime(2026, 10, 2, 1, 34, 41, 493626, tzinfo=datetime.timezone.utc), end_date=None, state=<TaskInstanceState.RUNNING: 'running'>, is_mapped=False, rendered_map_index=None, sentry_integration='')
2026-10-02T01:34:55.326340Z [info     ] Task instance state updated    [airflow.api_fastapi.execution_api.routes.task_instances] correlation_id=01a0fa40-0757-7556-8dee-2eb153a081a8 loc=task_instances.py:485 new_state=success rows_affected=1 ti_id=01a0fa3d-d500-7d1e-bc6b-757442f89b5e
Task instance in success state
 Previous state of the Task instance: TaskInstanceState.RUNNING
Task operator:<Task(_PythonDecoratedOperator): load_world_2>
2026-10-02T01:34:55.329295Z [info     ] ::endgroup::                   [task] loc=task_runner.py:2379
2026-10-02T01:34:55.333661Z [info     ] [DAG TEST] end task task_id=load_world_2 map_index=-1 [airflow.sdk.definitions.dag] loc=dag.py:1563
2026-10-02T01:34:55.333763Z [info     ] [DAG TEST] starting task_id=load_detail_2 map_index=-1 [airflow.sdk.definitions.dag] loc=dag.py:1501
2026-10-02T01:34:55.333805Z [info     ] [DAG TEST] running task <TaskInstance: trade_backfill_pipeline.load_detail_2 manual__2026-10-02T01:32:31.249756+00:00 [TaskInstanceState.SCHEDULED] ti_id=01a0fa3d-d4ff-73fd-b216-80069a668209> [airflow.sdk.definitions.dag] loc=dag.py:1504
2026-10-02T01:34:55.342587Z [info     ] Task started                   [airflow.api_fastapi.execution_api.routes.task_instances] correlation_id=01a0fa40-0769-7783-8d10-63a4d1486f24 hostname=afe341678f81 loc=task_instances.py:226 previous_state=queued ti_id=01a0fa3d-d4ff-73fd-b216-80069a668209
2026-10-02T01:34:55.343555Z [info     ] Task instance state updated    [airflow.api_fastapi.execution_api.routes.task_instances] correlation_id=01a0fa40-0769-7783-8d10-63a4d1486f24 loc=task_instances.py:254 rows_affected=1 ti_id=01a0fa3d-d4ff-73fd-b216-80069a668209
2026-10-02T01:34:55.358138Z [info     ] Updating RenderedTaskInstanceFields [airflow.api_fastapi.execution_api.routes.task_instances] correlation_id=01a0fa40-077b-7e31-a087-5e4265a8cb98 field_count=3 loc=task_instances.py:1017 ti_id=01a0fa3d-d4ff-73fd-b216-80069a668209
Task instance is in running state
 Previous state of the Task instance: TaskInstanceState.QUEUED
Current task name:load_detail_2
Dag name:trade_backfill_pipeline
2026-10-02T01:34:55.362855Z [info     ] ::endgroup::                   [task] loc=task_runner.py:2232
{"step": "load", "kind": "partner_detail", "period": "202509", "run_id": "backfill-202509-d11457a125285818"}
{"jobs": [{"job_id": "day11_4437aac4f52b4482a1a49d455f1321f2", "status": "success"}, {"job_id": "day11_91d09bf07a5549f1af211c6ac001d228", "status": "success"}, {"job_id": "day11_668f2cf493624929b2562052361c087f", "status": "success"}, {"job_id": "day11_cb7f7aad88f245519f6360b47f2e5821", "status": "success"}], "kind": "partner_detail", "period": "202509", "revision": 1, "rows": 59, "status": "success", "step": "load"}

2026-10-02T01:35:09.825303Z [info     ] Done. Returned value was: {'jobs': [{'job_id': 'day11_4437aac4f52b4482a1a49d455f1321f2', 'status': 'success'}, {'job_id': 'day11_91d09bf07a5549f1af211c6ac001d228', 'status': 'success'}, {'job_id': 'day11_668f2cf493624929b2562052361c087f', 'status': 'success'}, {'job_id': 'day11_cb7f7aad88f245519f6360b47f2e5821', 'status': 'success'}], 'kind': 'partner_detail', 'period': '202509', 'revision': 1, 'rows': 59, 'status': 'success', 'step': 'load'} [airflow.task.operators.airflow.providers.standard.decorators.python._PythonDecoratedOperator] loc=python.py:233
2026-10-02T01:35:09.826499Z [info     ] ::group::Post Execute          [task] loc=task_runner.py:1580
2026-10-02T01:35:09.827188Z [info     ] Pushing xcom                   [task] loc=task_runner.py:2280 ti=RuntimeTaskInstance(id=UUID('01a0fa3d-d4ff-73fd-b216-80069a668209'), task_id='load_detail_2', dag_id='trade_backfill_pipeline', run_id='manual__2026-10-02T01:32:31.249756+00:00', try_number=1, dag_version_id=UUID('01a0f340-b3af-72cd-8aa4-d8e453a1915b'), map_index=-1, hostname='afe341678f81', context_carrier=None, queue='default', task=<Task(_PythonDecoratedOperator): load_detail_2>, max_tries=3, start_date=datetime.datetime(2026, 10, 2, 1, 34, 55, 336931, tzinfo=datetime.timezone.utc), end_date=None, state=<TaskInstanceState.RUNNING: 'running'>, is_mapped=False, rendered_map_index=None, sentry_integration='')
2026-10-02T01:35:09.885792Z [info     ] Task instance state updated    [airflow.api_fastapi.execution_api.routes.task_instances] correlation_id=01a0fa40-4034-76d9-a9ef-6626b599340a loc=task_instances.py:485 new_state=success rows_affected=1 ti_id=01a0fa3d-d4ff-73fd-b216-80069a668209
Task instance in success state
 Previous state of the Task instance: TaskInstanceState.RUNNING
Task operator:<Task(_PythonDecoratedOperator): load_detail_2>
2026-10-02T01:35:09.889212Z [info     ] ::endgroup::                   [task] loc=task_runner.py:2379
2026-10-02T01:35:09.893146Z [info     ] [DAG TEST] end task task_id=load_detail_2 map_index=-1 [airflow.sdk.definitions.dag] loc=dag.py:1563
2026-10-02T01:35:09.901501Z [info     ] [DAG TEST] starting task_id=attest_2 map_index=-1 [airflow.sdk.definitions.dag] loc=dag.py:1501
2026-10-02T01:35:09.901569Z [info     ] [DAG TEST] running task <TaskInstance: trade_backfill_pipeline.attest_2 manual__2026-10-02T01:32:31.249756+00:00 [TaskInstanceState.SCHEDULED] ti_id=01a0fa3d-d501-77e8-b928-d019bd653203> [airflow.sdk.definitions.dag] loc=dag.py:1504
2026-10-02T01:35:09.906967Z [info     ] Task started                   [airflow.api_fastapi.execution_api.routes.task_instances] correlation_id=01a0fa40-404e-74ef-b5f0-76fcc2324718 hostname=afe341678f81 loc=task_instances.py:226 previous_state=queued ti_id=01a0fa3d-d501-77e8-b928-d019bd653203
2026-10-02T01:35:09.907583Z [info     ] Task instance state updated    [airflow.api_fastapi.execution_api.routes.task_instances] correlation_id=01a0fa40-404e-74ef-b5f0-76fcc2324718 loc=task_instances.py:254 rows_affected=1 ti_id=01a0fa3d-d501-77e8-b928-d019bd653203
2026-10-02T01:35:09.919735Z [info     ] Updating RenderedTaskInstanceFields [airflow.api_fastapi.execution_api.routes.task_instances] correlation_id=01a0fa40-405d-7a47-910b-1b14ddedd047 field_count=3 loc=task_instances.py:1017 ti_id=01a0fa3d-d501-77e8-b928-d019bd653203
Task instance is in running state
 Previous state of the Task instance: TaskInstanceState.QUEUED
Current task name:attest_2
Dag name:trade_backfill_pipeline
2026-10-02T01:35:09.923861Z [info     ] ::endgroup::                   [task] loc=task_runner.py:2232
{"step": "attest", "kind": null, "period": "202509", "run_id": "backfill-202509-d11457a125285818"}
{"jobs": [{"job_id": "130704b8-246a-4587-b81e-064ba9dad083", "result": "success"}, {"job_id": "0705bcdf-e9d3-48f2-8d85-a917c5435feb", "result": "success"}, {"job_id": "80876c42-8dd3-41f9-aabe-38fad5d50ef5", "result": "success"}, {"job_id": "2b373749-8759-4f44-8bcb-25a5e6723cfc", "result": "success"}, {"job_id": "b14e9907-24e8-481a-8431-fb9c7728afc4", "result": "success"}, {"job_id": "0fb2c95c-9633-41e9-a9f1-520b34b04502", "result": "success"}], "period": "202509", "sources": [{"checksum": "sha256:57a7ee210f658f46b6c3c1dafdf3098b3d258c079956d18a753dcf771f2e7f28", "query_type": "partner_detail", "revision": 1, "snapshot_hash": "8374063b9977adcbdc203fef18c4f748ea020c6ac9b882416d7644451ea59c3d", "source_file": "s3://trade-analytics-prod-816079797958-ap-northeast-1-an/un_comtrade/v2/hs_version=H6/cmd_code=8542/period=202509/query_type=partner_detail/revision=1/data.ndjson"}, {"checksum": "sha256:143b913966db34381b92b9c0f80ef0e9e5a4d4ce75602bc38d12551542c7de24", "query_type": "world_total", "revision": 1, "snapshot_hash": "f6124183d0530e8ea8e5d6a7373f960c68735e4cb6a540d6ecd141a6ce2de9ab", "source_file": "s3://trade-analytics-prod-816079797958-ap-northeast-1-an/un_comtrade/v2/hs_version=H6/cmd_code=8542/period=202509/query_type=world_total/revision=1/data.ndjson"}], "status": "verified", "step": "attest"}

2026-10-02T01:35:16.160518Z [info     ] Done. Returned value was: {'jobs': [{'job_id': '130704b8-246a-4587-b81e-064ba9dad083', 'result': 'success'}, {'job_id': '0705bcdf-e9d3-48f2-8d85-a917c5435feb', 'result': 'success'}, {'job_id': '80876c42-8dd3-41f9-aabe-38fad5d50ef5', 'result': 'success'}, {'job_id': '2b373749-8759-4f44-8bcb-25a5e6723cfc', 'result': 'success'}, {'job_id': 'b14e9907-24e8-481a-8431-fb9c7728afc4', 'result': 'success'}, {'job_id': '0fb2c95c-9633-41e9-a9f1-520b34b04502', 'result': 'success'}], 'period': '202509', 'sources': [{'checksum': 'sha256:57a7ee210f658f46b6c3c1dafdf3098b3d258c079956d18a753dcf771f2e7f28', 'query_type': 'partner_detail', 'revision': 1, 'snapshot_hash': '8374063b9977adcbdc203fef18c4f748ea020c6ac9b882416d7644451ea59c3d', 'source_file': 's3://trade-analytics-prod-816079797958-ap-northeast-1-an/un_comtrade/v2/hs_version=H6/cmd_code=8542/period=202509/query_type=partner_detail/revision=1/data.ndjson'}, {'checksum': 'sha256:143b913966db34381b92b9c0f80ef0e9e5a4d4ce75602bc38d12551542c7de24', 'query_type': 'world_total', 'revision': 1, 'snapshot_hash': 'f6124183d0530e8ea8e5d6a7373f960c68735e4cb6a540d6ecd141a6ce2de9ab', 'source_file': 's3://trade-analytics-prod-816079797958-ap-northeast-1-an/un_comtrade/v2/hs_version=H6/cmd_code=8542/period=202509/query_type=world_total/revision=1/data.ndjson'}], 'status': 'verified', 'step': 'attest'} [airflow.task.operators.airflow.providers.standard.decorators.python._PythonDecoratedOperator] loc=python.py:233
2026-10-02T01:35:16.160903Z [info     ] ::group::Post Execute          [task] loc=task_runner.py:1580
2026-10-02T01:35:16.161103Z [info     ] Pushing xcom                   [task] loc=task_runner.py:2280 ti=RuntimeTaskInstance(id=UUID('01a0fa3d-d501-77e8-b928-d019bd653203'), task_id='attest_2', dag_id='trade_backfill_pipeline', run_id='manual__2026-10-02T01:32:31.249756+00:00', try_number=1, dag_version_id=UUID('01a0f340-b3af-72cd-8aa4-d8e453a1915b'), map_index=-1, hostname='afe341678f81', context_carrier=None, queue='default', task=<Task(_PythonDecoratedOperator): attest_2>, max_tries=0, start_date=datetime.datetime(2026, 10, 2, 1, 35, 9, 902675, tzinfo=datetime.timezone.utc), end_date=None, state=<TaskInstanceState.RUNNING: 'running'>, is_mapped=False, rendered_map_index=None, sentry_integration='')
2026-10-02T01:35:16.203782Z [info     ] Task instance state updated    [airflow.api_fastapi.execution_api.routes.task_instances] correlation_id=01a0fa40-58e6-7de2-9e7f-6818b8975a15 loc=task_instances.py:485 new_state=success rows_affected=1 ti_id=01a0fa3d-d501-77e8-b928-d019bd653203
Task instance in success state
 Previous state of the Task instance: TaskInstanceState.RUNNING
Task operator:<Task(_PythonDecoratedOperator): attest_2>
2026-10-02T01:35:16.206132Z [info     ] ::endgroup::                   [task] loc=task_runner.py:2379
2026-10-02T01:35:16.209413Z [info     ] [DAG TEST] end task task_id=attest_2 map_index=-1 [airflow.sdk.definitions.dag] loc=dag.py:1563
2026-10-02T01:35:16.217851Z [info     ] [DAG TEST] starting task_id=build_2 map_index=-1 [airflow.sdk.definitions.dag] loc=dag.py:1501
2026-10-02T01:35:16.217925Z [info     ] [DAG TEST] running task <TaskInstance: trade_backfill_pipeline.build_2 manual__2026-10-02T01:32:31.249756+00:00 [TaskInstanceState.SCHEDULED] ti_id=01a0fa3d-d502-73de-8ffc-2a7264cf42e8> [airflow.sdk.definitions.dag] loc=dag.py:1504
2026-10-02T01:35:16.223459Z [info     ] Task started                   [airflow.api_fastapi.execution_api.routes.task_instances] correlation_id=01a0fa40-58fb-7187-a582-7c0b63530aa7 hostname=afe341678f81 loc=task_instances.py:226 previous_state=queued ti_id=01a0fa3d-d502-73de-8ffc-2a7264cf42e8
2026-10-02T01:35:16.224061Z [info     ] Task instance state updated    [airflow.api_fastapi.execution_api.routes.task_instances] correlation_id=01a0fa40-58fb-7187-a582-7c0b63530aa7 loc=task_instances.py:254 rows_affected=1 ti_id=01a0fa3d-d502-73de-8ffc-2a7264cf42e8
2026-10-02T01:35:16.235879Z [info     ] Updating RenderedTaskInstanceFields [airflow.api_fastapi.execution_api.routes.task_instances] correlation_id=01a0fa40-5909-7f60-82d0-c6aa2edff113 field_count=3 loc=task_instances.py:1017 ti_id=01a0fa3d-d502-73de-8ffc-2a7264cf42e8
Task instance is in running state
 Previous state of the Task instance: TaskInstanceState.QUEUED
Current task name:build_2
Dag name:trade_backfill_pipeline
2026-10-02T01:35:16.239884Z [info     ] ::endgroup::                   [task] loc=task_runner.py:2232
{"step": "build", "kind": null, "period": "202509", "run_id": "backfill-202509-d11457a125285818"}
01:35:17  Running with dbt=1.12.5
01:35:17  Registered adapter: bigquery=1.12.1
01:35:17  Unable to do partial parsing because config vars, config profile, or config target have changed
01:35:18  Found 10 models, 71 data tests, 2 seeds, 3 sources, 563 macros, 5 unit tests
01:35:18
01:35:18  Concurrency: 4 threads (target='day11')
01:35:18
01:35:19  1 of 88 START sql table model trade_analytics_day10_dev.dim_months ............. [RUN]
01:35:19  2 of 88 START sql view model trade_analytics_day10_dev.stg_un_comtrade__partner_trades  [RUN]
01:35:19  3 of 88 START sql view model trade_analytics_day10_dev.stg_un_comtrade__world_totals  [RUN]
01:35:19  4 of 88 START seed file trade_analytics_day10_dev.country_reference ............ [RUN]
01:35:20  2 of 88 OK created sql view model trade_analytics_day10_dev.stg_un_comtrade__partner_trades  [CREATE VIEW (0 processed) in 0.63s]
01:35:20  5 of 88 START seed file trade_analytics_day10_dev.hs_code_reference ............ [RUN]
01:35:20  3 of 88 OK created sql view model trade_analytics_day10_dev.stg_un_comtrade__world_totals  [CREATE VIEW (0 processed) in 0.64s]
01:35:20  6 of 88 START test assert_partner_grain_unique ................................. [RUN]
01:35:21  1 of 88 OK created sql table model trade_analytics_day10_dev.dim_months ........ [CREATE TABLE (33.0 rows, 0 processed) in 1.50s]
01:35:21  7 of 88 START test assert_january_2023_exists .................................. [RUN]
01:35:21  6 of 88 PASS assert_partner_grain_unique ....................................... [PASS in 1.17s]
01:35:21  8 of 88 START test assert_staging_contract ..................................... [RUN]
01:35:22  7 of 88 PASS assert_january_2023_exists ........................................ [PASS in 1.05s]
01:35:22  9 of 88 START test assert_staging_matches_raw .................................. [RUN]
01:35:22  8 of 88 PASS assert_staging_contract ........................................... [PASS in 1.26s]
01:35:22  10 of 88 START test assert_world_grain_unique .................................. [RUN]
01:35:23  9 of 88 PASS assert_staging_matches_raw ........................................ [PASS in 1.05s]
01:35:23  11 of 88 START test assert_month_spine_complete ................................ [RUN]
01:35:23  10 of 88 PASS assert_world_grain_unique ........................................ [PASS in 0.98s]
01:35:23  12 of 88 START test not_null_dim_months_month_start_date ....................... [RUN]
01:35:23  5 of 88 OK loaded seed file trade_analytics_day10_dev.hs_code_reference ........ [INSERT 1 in 3.49s]
01:35:23  13 of 88 START test not_null_dim_months_period ................................. [RUN]
01:35:23  4 of 88 OK loaded seed file trade_analytics_day10_dev.country_reference ........ [INSERT 163 in 4.20s]
01:35:23  14 of 88 START test unique_dim_months_month_start_date ......................... [RUN]
01:35:24  11 of 88 PASS assert_month_spine_complete ...................................... [PASS in 0.85s]
01:35:24  15 of 88 START test unique_dim_months_period ................................... [RUN]
01:35:24  12 of 88 PASS not_null_dim_months_month_start_date ............................. [PASS in 0.73s]
01:35:24  13 of 88 PASS not_null_dim_months_period ....................................... [PASS in 0.68s]
01:35:24  16 of 88 START test compound_unique_hs_code_reference_hs_version__cmd_code ..... [RUN]
01:35:24  17 of 88 START test not_null_hs_code_reference_cmd_code ........................ [RUN]
01:35:24  14 of 88 PASS unique_dim_months_month_start_date ............................... [PASS in 0.72s]
01:35:24  18 of 88 START test not_null_hs_code_reference_code_level ...................... [RUN]
01:35:24  15 of 88 PASS unique_dim_months_period ......................................... [PASS in 0.69s]
01:35:24  19 of 88 START test not_null_hs_code_reference_hs_description .................. [RUN]
01:35:25  16 of 88 PASS compound_unique_hs_code_reference_hs_version__cmd_code ........... [PASS in 0.71s]
01:35:25  17 of 88 PASS not_null_hs_code_reference_cmd_code .............................. [PASS in 0.72s]
01:35:25  20 of 88 START test not_null_hs_code_reference_hs_version ...................... [RUN]
01:35:25  21 of 88 START test not_null_hs_code_reference_parent_code ..................... [RUN]
01:35:25  18 of 88 PASS not_null_hs_code_reference_code_level ............................ [PASS in 0.73s]
01:35:25  22 of 88 START test not_null_hs_code_reference_retrieved_at .................... [RUN]
01:35:25  19 of 88 PASS not_null_hs_code_reference_hs_description ........................ [PASS in 0.68s]
01:35:25  23 of 88 START test not_null_hs_code_reference_source_url ...................... [RUN]
01:35:25  20 of 88 PASS not_null_hs_code_reference_hs_version ............................ [PASS in 0.67s]
01:35:25  24 of 88 START test accepted_values_country_reference_classification_status__verified__needs_review  [RUN]
01:35:25  21 of 88 PASS not_null_hs_code_reference_parent_code ........................... [PASS in 0.75s]
01:35:25  25 of 88 START test accepted_values_country_reference_partner_type__country__world__aggregate__special__unknown  [RUN]
01:35:25  22 of 88 PASS not_null_hs_code_reference_retrieved_at .......................... [PASS in 0.69s]
01:35:25  26 of 88 START test accepted_values_country_reference_reconciliation_role__detail__overlap__world__unresolved  [RUN]
01:35:26  23 of 88 PASS not_null_hs_code_reference_source_url ............................ [PASS in 0.71s]
01:35:26  27 of 88 START test not_null_country_reference_classification_note ............. [RUN]
01:35:26  24 of 88 PASS accepted_values_country_reference_classification_status__verified__needs_review  [PASS in 0.68s]
01:35:26  28 of 88 START test not_null_country_reference_classification_status ........... [RUN]
01:35:26  25 of 88 PASS accepted_values_country_reference_partner_type__country__world__aggregate__special__unknown  [PASS in 0.63s]
01:35:26  29 of 88 START test not_null_country_reference_partner_code .................... [RUN]
01:35:26  26 of 88 PASS accepted_values_country_reference_reconciliation_role__detail__overlap__world__unresolved  [PASS in 0.70s]
01:35:26  30 of 88 START test not_null_country_reference_partner_type .................... [RUN]
01:35:26  27 of 88 PASS not_null_country_reference_classification_note ................... [PASS in 0.76s]
01:35:26  31 of 88 START test not_null_country_reference_reconciliation_role ............. [RUN]
01:35:27  28 of 88 PASS not_null_country_reference_classification_status ................. [PASS in 0.67s]
01:35:27  32 of 88 START test not_null_country_reference_retrieved_at .................... [RUN]
01:35:27  29 of 88 PASS not_null_country_reference_partner_code .......................... [PASS in 0.67s]
01:35:27  33 of 88 START test not_null_country_reference_source_name ..................... [RUN]
01:35:27  30 of 88 PASS not_null_country_reference_partner_type .......................... [PASS in 0.65s]
01:35:27  34 of 88 START test not_null_country_reference_source_url ...................... [RUN]
01:35:27  31 of 88 PASS not_null_country_reference_reconciliation_role ................... [PASS in 0.67s]
01:35:27  35 of 88 START test unique_country_reference_partner_code ...................... [RUN]
01:35:27  32 of 88 PASS not_null_country_reference_retrieved_at .......................... [PASS in 0.65s]
01:35:27  36 of 88 START sql table model trade_analytics_day10_dev.dim_hs_codes .......... [RUN]
01:35:27  33 of 88 PASS not_null_country_reference_source_name ........................... [PASS in 0.67s]
01:35:27  34 of 88 PASS not_null_country_reference_source_url ............................ [PASS in 0.71s]
01:35:28  35 of 88 PASS unique_country_reference_partner_code ............................ [PASS in 0.68s]
01:35:28  37 of 88 START sql table model trade_analytics_day10_dev.dim_countries ......... [RUN]
01:35:29  36 of 88 OK created sql table model trade_analytics_day10_dev.dim_hs_codes ..... [CREATE TABLE (1.0 rows, 154.0 Bytes processed) in 1.46s]
01:35:29  38 of 88 START test assert_hs_reference_contract ............................... [RUN]
01:35:29  39 of 88 START test compound_unique_dim_hs_codes_hs_version__cmd_code .......... [RUN]
01:35:29  40 of 88 START test not_null_dim_hs_codes_cmd_code ............................. [RUN]
01:35:29  37 of 88 OK created sql table model trade_analytics_day10_dev.dim_countries .... [CREATE TABLE (163.0 rows, 86.5 KiB processed) in 1.67s]
01:35:29  41 of 88 START test not_null_dim_hs_codes_code_level ........................... [RUN]
01:35:29  40 of 88 PASS not_null_dim_hs_codes_cmd_code ................................... [PASS in 0.70s]
01:35:29  39 of 88 PASS compound_unique_dim_hs_codes_hs_version__cmd_code ................ [PASS in 0.70s]
01:35:29  42 of 88 START test not_null_dim_hs_codes_hs_version ........................... [RUN]
01:35:29  43 of 88 START test accepted_values_dim_countries_classification_status__verified__needs_review  [RUN]
01:35:29  38 of 88 PASS assert_hs_reference_contract ..................................... [PASS in 0.73s]
01:35:29  44 of 88 START test accepted_values_dim_countries_partner_type__country__world__aggregate__special__unknown  [RUN]
01:35:30  44 of 88 PASS accepted_values_dim_countries_partner_type__country__world__aggregate__special__unknown  [PASS in 0.69s]
01:35:30  45 of 88 START test accepted_values_dim_countries_reconciliation_role__detail__overlap__world__unresolved  [RUN]
01:35:30  41 of 88 PASS not_null_dim_hs_codes_code_level ................................. [PASS in 0.75s]
01:35:30  43 of 88 PASS accepted_values_dim_countries_classification_status__verified__needs_review  [PASS in 0.73s]
01:35:30  46 of 88 START test assert_special_partner_contract ............................ [RUN]
01:35:30  47 of 88 START test not_null_dim_countries_classification_status ............... [RUN]
01:35:31  45 of 88 PASS accepted_values_dim_countries_reconciliation_role__detail__overlap__world__unresolved  [PASS in 0.68s]
01:35:31  48 of 88 START test not_null_dim_countries_partner_code ........................ [RUN]
01:35:31  47 of 88 PASS not_null_dim_countries_classification_status ..................... [PASS in 0.68s]
01:35:31  49 of 88 START test not_null_dim_countries_partner_type ........................ [RUN]
01:35:31  46 of 88 PASS assert_special_partner_contract .................................. [PASS in 0.74s]
01:35:31  50 of 88 START test not_null_dim_countries_reconciliation_role ................. [RUN]
01:35:31  42 of 88 PASS not_null_dim_hs_codes_hs_version ................................. [PASS in 2.02s]
01:35:31  51 of 88 START test unique_dim_countries_partner_code .......................... [RUN]
01:35:32  49 of 88 PASS not_null_dim_countries_partner_type .............................. [PASS in 0.70s]
01:35:32  48 of 88 PASS not_null_dim_countries_partner_code .............................. [PASS in 0.72s]
01:35:32  50 of 88 PASS not_null_dim_countries_reconciliation_role ....................... [PASS in 0.66s]
01:35:32  51 of 88 PASS unique_dim_countries_partner_code ................................ [PASS in 0.85s]
01:35:32  52 of 88 START sql table model trade_analytics_day10_dev.audit_partner_mapping_issues  [RUN]
01:35:32  53 of 88 START sql table model trade_analytics_day10_dev.fct_monthly_semiconductor_imports  [RUN]
01:35:34  53 of 88 OK created sql table model trade_analytics_day10_dev.fct_monthly_semiconductor_imports  [CREATE TABLE (2.1k rows, 775.4 KiB processed) in 2.10s]
01:35:34  54 of 88 START test accepted_values_fct_monthly_semiconductor_imports_classification_status__verified__needs_review  [RUN]
01:35:34  55 of 88 START test accepted_values_fct_monthly_semiconductor_imports_partner_type__country__world__aggregate__special__unknown  [RUN]
01:35:34  56 of 88 START test accepted_values_fct_monthly_semiconductor_imports_reconciliation_role__detail__overlap__world__unresolved  [RUN]
01:35:35  52 of 88 OK created sql table model trade_analytics_day10_dev.audit_partner_mapping_issues  [CREATE TABLE (33.0 rows, 523.9 KiB processed) in 2.27s]
01:35:35  57 of 88 START test assert_fact_contract ....................................... [RUN]
01:35:35  54 of 88 PASS accepted_values_fct_monthly_semiconductor_imports_classification_status__verified__needs_review  [PASS in 0.71s]
01:35:35  58 of 88 START test assert_fact_preserves_staging .............................. [RUN]
01:35:35  56 of 88 PASS accepted_values_fct_monthly_semiconductor_imports_reconciliation_role__detail__overlap__world__unresolved  [PASS in 0.72s]
01:35:35  59 of 88 START test compound_unique_fct_monthly_semiconductor_imports_period_start_date__partner_code__cmd_code__hs_version  [RUN]
01:35:35  55 of 88 PASS accepted_values_fct_monthly_semiconductor_imports_partner_type__country__world__aggregate__special__unknown  [PASS in 0.75s]
01:35:35  60 of 88 START test not_null_fct_monthly_semiconductor_imports_cmd_code ........ [RUN]
01:35:35  57 of 88 PASS assert_fact_contract ............................................. [PASS in 0.73s]
01:35:35  61 of 88 START test not_null_fct_monthly_semiconductor_imports_country_mapping_found  [RUN]
01:35:36  59 of 88 PASS compound_unique_fct_monthly_semiconductor_imports_period_start_date__partner_code__cmd_code__hs_version  [PASS in 0.71s]
01:35:36  60 of 88 PASS not_null_fct_monthly_semiconductor_imports_cmd_code .............. [PASS in 0.68s]
01:35:36  62 of 88 START test not_null_fct_monthly_semiconductor_imports_hs_mapping_found  [RUN]
01:35:36  63 of 88 START test not_null_fct_monthly_semiconductor_imports_hs_version ...... [RUN]
01:35:36  61 of 88 PASS not_null_fct_monthly_semiconductor_imports_country_mapping_found . [PASS in 0.63s]
01:35:36  64 of 88 START test not_null_fct_monthly_semiconductor_imports_month_mapping_found  [RUN]
01:35:37  58 of 88 PASS assert_fact_preserves_staging .................................... [PASS in 1.36s]
01:35:37  65 of 88 START test not_null_fct_monthly_semiconductor_imports_partner_code .... [RUN]
01:35:37  62 of 88 PASS not_null_fct_monthly_semiconductor_imports_hs_mapping_found ...... [PASS in 0.67s]
01:35:37  66 of 88 START test not_null_fct_monthly_semiconductor_imports_period_start_date  [RUN]
01:35:37  63 of 88 PASS not_null_fct_monthly_semiconductor_imports_hs_version ............ [PASS in 0.68s]
01:35:37  67 of 88 START test assert_missing_country_audited ............................. [RUN]
01:35:37  64 of 88 PASS not_null_fct_monthly_semiconductor_imports_month_mapping_found ... [PASS in 0.61s]
01:35:37  68 of 88 START test not_null_audit_partner_mapping_issues_issue_type ........... [RUN]
01:35:37  65 of 88 PASS not_null_fct_monthly_semiconductor_imports_partner_code .......... [PASS in 0.69s]
01:35:37  69 of 88 START test not_null_audit_partner_mapping_issues_observed_at .......... [RUN]
01:35:37  66 of 88 PASS not_null_fct_monthly_semiconductor_imports_period_start_date ..... [PASS in 0.67s]
01:35:37  70 of 88 START test not_null_audit_partner_mapping_issues_partner_code ......... [RUN]
01:35:37  68 of 88 PASS not_null_audit_partner_mapping_issues_issue_type ................. [PASS in 0.71s]
01:35:37  71 of 88 START unit_test int_partner_market_share::day09_partner_and_version_isolation  [RUN]
01:35:38  69 of 88 PASS not_null_audit_partner_mapping_issues_observed_at ................ [PASS in 0.69s]
01:35:38  70 of 88 PASS not_null_audit_partner_mapping_issues_partner_code ............... [PASS in 0.67s]
01:35:38  67 of 88 PASS assert_missing_country_audited ................................... [PASS in 1.33s]
01:35:40  71 of 88 PASS int_partner_market_share::day09_partner_and_version_isolation .... [PASS in 2.87s]
01:35:40  72 of 88 START unit_test int_partner_market_share::day09_invalid_denominators_and_zero_current  [RUN]
01:35:43  72 of 88 PASS int_partner_market_share::day09_invalid_denominators_and_zero_current  [PASS in 2.52s]
01:35:43  73 of 88 START unit_test int_partner_market_share::day09_calendar_growth_and_weights  [RUN]
01:35:46  73 of 88 PASS int_partner_market_share::day09_calendar_growth_and_weights ...... [PASS in 3.29s]
01:35:46  74 of 88 START sql view model trade_analytics_day10_dev.int_partner_market_share  [RUN]
01:35:47  74 of 88 OK created sql view model trade_analytics_day10_dev.int_partner_market_share  [CREATE VIEW (0 processed) in 0.91s]
01:35:47  75 of 88 START test accepted_values_int_partner_market_share_market_share_status__ok__missing_world__invalid_world__missing_value  [RUN]
01:35:47  76 of 88 START test compound_unique_int_partner_market_share_period_start_date__partner_code__cmd_code__hs_version  [RUN]
01:35:47  77 of 88 START test not_null_int_partner_market_share_market_share_status ...... [RUN]
01:35:48  77 of 88 PASS not_null_int_partner_market_share_market_share_status ............ [PASS in 1.08s]
01:35:48  76 of 88 PASS compound_unique_int_partner_market_share_period_start_date__partner_code__cmd_code__hs_version  [PASS in 1.15s]
01:35:48  75 of 88 PASS accepted_values_int_partner_market_share_market_share_status__ok__missing_world__invalid_world__missing_value  [PASS in 1.17s]
01:35:48  78 of 88 START unit_test int_market_concentration_hhi::day09_hhi_hand_calculations_and_coverage  [RUN]
01:35:51  78 of 88 PASS int_market_concentration_hhi::day09_hhi_hand_calculations_and_coverage  [PASS in 2.82s]
01:35:51  79 of 88 START unit_test int_market_concentration_hhi::day09_hhi_unreviewed_country  [RUN]
01:35:53  79 of 88 PASS int_market_concentration_hhi::day09_hhi_unreviewed_country ....... [PASS in 2.35s]
01:35:53  80 of 88 START sql view model trade_analytics_day10_dev.int_market_concentration_hhi  [RUN]
01:35:54  80 of 88 OK created sql view model trade_analytics_day10_dev.int_market_concentration_hhi  [CREATE VIEW (0 processed) in 0.90s]
01:35:54  81 of 88 START test accepted_values_int_market_concentration_hhi_hhi_status__ok__missing_world__invalid_world__no_countries__missing_country_value__negative_country_value__unreviewed_country__insufficient_coverage  [RUN]
01:35:54  82 of 88 START test compound_unique_int_market_concentration_hhi_period_start_date__cmd_code__hs_version  [RUN]
01:35:54  83 of 88 START test not_null_int_market_concentration_hhi_hhi_status ........... [RUN]
01:35:55  82 of 88 PASS compound_unique_int_market_concentration_hhi_period_start_date__cmd_code__hs_version  [PASS in 1.06s]
01:35:55  83 of 88 PASS not_null_int_market_concentration_hhi_hhi_status ................. [PASS in 1.11s]
01:35:55  81 of 88 PASS accepted_values_int_market_concentration_hhi_hhi_status__ok__missing_world__invalid_world__no_countries__missing_country_value__negative_country_value__unreviewed_country__insufficient_coverage  [PASS in 1.11s]
01:35:55  84 of 88 START sql table model trade_analytics_day10_dev.mart_us_semiconductor_supply_chain_candidate  [RUN]
01:35:58  84 of 88 OK created sql table model trade_analytics_day10_dev.mart_us_semiconductor_supply_chain_candidate  [CREATE TABLE (2.1k rows, 944.2 KiB processed) in 2.57s]
01:35:58  85 of 88 START test assert_day09_candidate_preserves_fact ...................... [RUN]
01:35:58  86 of 88 START test assert_day09_metric_contract ............................... [RUN]
01:35:58  87 of 88 START test compound_unique_mart_us_semiconductor_supply_chain_candidate_period_start_date__partner_code__cmd_code__hs_version  [RUN]
01:35:58  88 of 88 START test not_null_mart_us_semiconductor_supply_chain_candidate_hhi_status  [RUN]
01:35:59  86 of 88 PASS assert_day09_metric_contract ..................................... [PASS in 0.72s]
01:35:59  88 of 88 PASS not_null_mart_us_semiconductor_supply_chain_candidate_hhi_status . [PASS in 0.73s]
01:35:59  87 of 88 PASS compound_unique_mart_us_semiconductor_supply_chain_candidate_period_start_date__partner_code__cmd_code__hs_version  [PASS in 0.76s]
01:35:59  85 of 88 PASS assert_day09_candidate_preserves_fact ............................ [PASS in 0.92s]
01:35:59
01:35:59  Finished running 2 seeds, 6 table models, 71 data tests, 5 unit tests, 4 view models in 0 hours 0 minutes and 40.57 seconds (40.57s).
01:35:59
01:35:59  Completed successfully
01:35:59
01:35:59  Done. PASS=88 WARN=0 ERROR=0 SKIP=0 NO-OP=0 REUSED=0 TOTAL=88
{"period": "202509", "status": "success", "step": "build", "vars": {"month_spine_end_date": "2025-09-01", "month_spine_start_date": "2023-01-01", "raw_end_date": "2025-10-01", "raw_start_date": "2023-01-01"}}

2026-10-02T01:35:59.882367Z [info     ] Done. Returned value was: {'period': '202509', 'status': 'success', 'step': 'build', 'vars': {'month_spine_end_date': '2025-09-01', 'month_spine_start_date': '2023-01-01', 'raw_end_date': '2025-10-01', 'raw_start_date': '2023-01-01'}} [airflow.task.operators.airflow.providers.standard.decorators.python._PythonDecoratedOperator] loc=python.py:233
2026-10-02T01:35:59.883264Z [info     ] ::group::Post Execute          [task] loc=task_runner.py:1580
2026-10-02T01:35:59.883812Z [info     ] Pushing xcom                   [task] loc=task_runner.py:2280 ti=RuntimeTaskInstance(id=UUID('01a0fa3d-d502-73de-8ffc-2a7264cf42e8'), task_id='build_2', dag_id='trade_backfill_pipeline', run_id='manual__2026-10-02T01:32:31.249756+00:00', try_number=1, dag_version_id=UUID('01a0f340-b3af-72cd-8aa4-d8e453a1915b'), map_index=-1, hostname='afe341678f81', context_carrier=None, queue='default', task=<Task(_PythonDecoratedOperator): build_2>, max_tries=0, start_date=datetime.datetime(2026, 10, 2, 1, 35, 16, 219120, tzinfo=datetime.timezone.utc), end_date=None, state=<TaskInstanceState.RUNNING: 'running'>, is_mapped=False, rendered_map_index=None, sentry_integration='')
2026-10-02T01:35:59.951016Z [info     ] Task instance state updated    [airflow.api_fastapi.execution_api.routes.task_instances] correlation_id=01a0fa41-03c2-70f3-bea4-daa47306656f loc=task_instances.py:485 new_state=success rows_affected=1 ti_id=01a0fa3d-d502-73de-8ffc-2a7264cf42e8
Task instance in success state
 Previous state of the Task instance: TaskInstanceState.RUNNING
Task operator:<Task(_PythonDecoratedOperator): build_2>
2026-10-02T01:35:59.955894Z [info     ] ::endgroup::                   [task] loc=task_runner.py:2379
2026-10-02T01:35:59.964127Z [info     ] [DAG TEST] end task task_id=build_2 map_index=-1 [airflow.sdk.definitions.dag] loc=dag.py:1563
2026-10-02T01:35:59.974708Z [info     ] [DAG TEST] starting task_id=audit_2 map_index=-1 [airflow.sdk.definitions.dag] loc=dag.py:1501
2026-10-02T01:35:59.974791Z [info     ] [DAG TEST] running task <TaskInstance: trade_backfill_pipeline.audit_2 manual__2026-10-02T01:32:31.249756+00:00 [TaskInstanceState.SCHEDULED] ti_id=01a0fa3d-d503-7530-bda5-7fe2f280c8d3> [airflow.sdk.definitions.dag] loc=dag.py:1504
2026-10-02T01:35:59.981971Z [info     ] Task started                   [airflow.api_fastapi.execution_api.routes.task_instances] correlation_id=01a0fa41-03e8-7edc-be2a-2b9dd17b1c66 hostname=afe341678f81 loc=task_instances.py:226 previous_state=queued ti_id=01a0fa3d-d503-7530-bda5-7fe2f280c8d3
2026-10-02T01:35:59.982729Z [info     ] Task instance state updated    [airflow.api_fastapi.execution_api.routes.task_instances] correlation_id=01a0fa41-03e8-7edc-be2a-2b9dd17b1c66 loc=task_instances.py:254 rows_affected=1 ti_id=01a0fa3d-d503-7530-bda5-7fe2f280c8d3
2026-10-02T01:36:00.002090Z [info     ] Updating RenderedTaskInstanceFields [airflow.api_fastapi.execution_api.routes.task_instances] correlation_id=01a0fa41-03ff-7193-960e-25918f8f673f field_count=3 loc=task_instances.py:1017 ti_id=01a0fa3d-d503-7530-bda5-7fe2f280c8d3
Task instance is in running state
 Previous state of the Task instance: TaskInstanceState.QUEUED
Current task name:audit_2
Dag name:trade_backfill_pipeline
2026-10-02T01:36:00.008216Z [info     ] ::endgroup::                   [task] loc=task_runner.py:2232
{"step": "audit", "kind": null, "period": "202509", "run_id": "backfill-202509-d11457a125285818"}
{"jobs": [{"job_id": "e4ada59c-af93-4b60-981b-e471a19da312", "result": "success"}, {"job_id": "6a01b03a-5bef-4035-8ddd-1fc1ec3c5551", "result": "success"}, {"job_id": "ac61d0f0-8029-4ada-8e04-c008f35462ea", "result": "success"}], "period": "202509", "reason_codes": [], "run_id": "backfill-202509-d11457a125285818", "status": "PASS", "step": "audit"}

2026-10-02T01:36:08.297532Z [info     ] Done. Returned value was: {'jobs': [{'job_id': 'e4ada59c-af93-4b60-981b-e471a19da312', 'result': 'success'}, {'job_id': '6a01b03a-5bef-4035-8ddd-1fc1ec3c5551', 'result': 'success'}, {'job_id': 'ac61d0f0-8029-4ada-8e04-c008f35462ea', 'result': 'success'}], 'period': '202509', 'reason_codes': [], 'run_id': 'backfill-202509-d11457a125285818', 'status': 'PASS', 'step': 'audit'} [airflow.task.operators.airflow.providers.standard.decorators.python._PythonDecoratedOperator] loc=python.py:233
2026-10-02T01:36:08.298712Z [info     ] ::group::Post Execute          [task] loc=task_runner.py:1580
2026-10-02T01:36:08.299394Z [info     ] Pushing xcom                   [task] loc=task_runner.py:2280 ti=RuntimeTaskInstance(id=UUID('01a0fa3d-d503-7530-bda5-7fe2f280c8d3'), task_id='audit_2', dag_id='trade_backfill_pipeline', run_id='manual__2026-10-02T01:32:31.249756+00:00', try_number=1, dag_version_id=UUID('01a0f340-b3af-72cd-8aa4-d8e453a1915b'), map_index=-1, hostname='afe341678f81', context_carrier=None, queue='default', task=<Task(_PythonDecoratedOperator): audit_2>, max_tries=0, start_date=datetime.datetime(2026, 10, 2, 1, 35, 59, 976435, tzinfo=datetime.timezone.utc), end_date=None, state=<TaskInstanceState.RUNNING: 'running'>, is_mapped=False, rendered_map_index=None, sentry_integration='')
2026-10-02T01:36:08.385460Z [info     ] Task instance state updated    [airflow.api_fastapi.execution_api.routes.task_instances] correlation_id=01a0fa41-24b2-72cc-8b62-e36ee318002f loc=task_instances.py:485 new_state=success rows_affected=1 ti_id=01a0fa3d-d503-7530-bda5-7fe2f280c8d3
Task instance in success state
 Previous state of the Task instance: TaskInstanceState.RUNNING
Task operator:<Task(_PythonDecoratedOperator): audit_2>
2026-10-02T01:36:08.390388Z [info     ] ::endgroup::                   [task] loc=task_runner.py:2379
2026-10-02T01:36:08.399409Z [info     ] [DAG TEST] end task task_id=audit_2 map_index=-1 [airflow.sdk.definitions.dag] loc=dag.py:1563
2026-10-02T01:36:08.415099Z [info     ] [DAG TEST] starting task_id=gate_2 map_index=-1 [airflow.sdk.definitions.dag] loc=dag.py:1501
2026-10-02T01:36:08.415186Z [info     ] [DAG TEST] running task <TaskInstance: trade_backfill_pipeline.gate_2 manual__2026-10-02T01:32:31.249756+00:00 [TaskInstanceState.SCHEDULED] ti_id=01a0fa3d-d504-7cdc-b0a6-578e4562bc6c> [airflow.sdk.definitions.dag] loc=dag.py:1504
2026-10-02T01:36:08.423534Z [info     ] Task started                   [airflow.api_fastapi.execution_api.routes.task_instances] correlation_id=01a0fa41-24e1-700d-93fd-672c6be81d92 hostname=afe341678f81 loc=task_instances.py:226 previous_state=queued ti_id=01a0fa3d-d504-7cdc-b0a6-578e4562bc6c
2026-10-02T01:36:08.424737Z [info     ] Task instance state updated    [airflow.api_fastapi.execution_api.routes.task_instances] correlation_id=01a0fa41-24e1-700d-93fd-672c6be81d92 loc=task_instances.py:254 rows_affected=1 ti_id=01a0fa3d-d504-7cdc-b0a6-578e4562bc6c
2026-10-02T01:36:08.449365Z [info     ] Updating RenderedTaskInstanceFields [airflow.api_fastapi.execution_api.routes.task_instances] correlation_id=01a0fa41-24fd-7951-bfae-2af4b4191d83 field_count=3 loc=task_instances.py:1017 ti_id=01a0fa3d-d504-7cdc-b0a6-578e4562bc6c
Task instance is in running state
 Previous state of the Task instance: TaskInstanceState.QUEUED
Current task name:gate_2
Dag name:trade_backfill_pipeline
2026-10-02T01:36:08.456325Z [info     ] ::endgroup::                   [task] loc=task_runner.py:2232
{"step": "gate", "kind": null, "period": "202509", "run_id": "backfill-202509-d11457a125285818"}
{"jobs": [{"job_id": "d20b3911-37d7-4f7d-ab26-be687249ebad", "result": "success"}], "period": "202509", "run_id": "backfill-202509-d11457a125285818", "status": "PASS", "step": "gate"}

2026-10-02T01:36:10.220389Z [info     ] Done. Returned value was: {'jobs': [{'job_id': 'd20b3911-37d7-4f7d-ab26-be687249ebad', 'result': 'success'}], 'period': '202509', 'run_id': 'backfill-202509-d11457a125285818', 'status': 'PASS', 'step': 'gate'} [airflow.task.operators.airflow.providers.standard.decorators.python._PythonDecoratedOperator] loc=python.py:233
2026-10-02T01:36:10.220930Z [info     ] ::group::Post Execute          [task] loc=task_runner.py:1580
2026-10-02T01:36:10.221195Z [info     ] Pushing xcom                   [task] loc=task_runner.py:2280 ti=RuntimeTaskInstance(id=UUID('01a0fa3d-d504-7cdc-b0a6-578e4562bc6c'), task_id='gate_2', dag_id='trade_backfill_pipeline', run_id='manual__2026-10-02T01:32:31.249756+00:00', try_number=1, dag_version_id=UUID('01a0f340-b3af-72cd-8aa4-d8e453a1915b'), map_index=-1, hostname='afe341678f81', context_carrier=None, queue='default', task=<Task(_PythonDecoratedOperator): gate_2>, max_tries=0, start_date=datetime.datetime(2026, 10, 2, 1, 36, 8, 417036, tzinfo=datetime.timezone.utc), end_date=None, state=<TaskInstanceState.RUNNING: 'running'>, is_mapped=False, rendered_map_index=None, sentry_integration='')
2026-10-02T01:36:10.260720Z [info     ] Task instance state updated    [airflow.api_fastapi.execution_api.routes.task_instances] correlation_id=01a0fa41-2c0e-72f6-b955-13334ae22e9f loc=task_instances.py:485 new_state=success rows_affected=1 ti_id=01a0fa3d-d504-7cdc-b0a6-578e4562bc6c
Task instance in success state
 Previous state of the Task instance: TaskInstanceState.RUNNING
Task operator:<Task(_PythonDecoratedOperator): gate_2>
2026-10-02T01:36:10.264082Z [info     ] ::endgroup::                   [task] loc=task_runner.py:2379
2026-10-02T01:36:10.268032Z [info     ] [DAG TEST] end task task_id=gate_2 map_index=-1 [airflow.sdk.definitions.dag] loc=dag.py:1563
2026-10-02T01:36:10.276806Z [info     ] [DAG TEST] starting task_id=publish_2 map_index=-1 [airflow.sdk.definitions.dag] loc=dag.py:1501
2026-10-02T01:36:10.276879Z [info     ] [DAG TEST] running task <TaskInstance: trade_backfill_pipeline.publish_2 manual__2026-10-02T01:32:31.249756+00:00 [TaskInstanceState.SCHEDULED] ti_id=01a0fa3d-d505-7d37-b44a-60f4243c40f9> [airflow.sdk.definitions.dag] loc=dag.py:1504
2026-10-02T01:36:10.282756Z [info     ] Task started                   [airflow.api_fastapi.execution_api.routes.task_instances] correlation_id=01a0fa41-2c26-7c31-8daf-60688a862408 hostname=afe341678f81 loc=task_instances.py:226 previous_state=queued ti_id=01a0fa3d-d505-7d37-b44a-60f4243c40f9
2026-10-02T01:36:10.283328Z [info     ] Task instance state updated    [airflow.api_fastapi.execution_api.routes.task_instances] correlation_id=01a0fa41-2c26-7c31-8daf-60688a862408 loc=task_instances.py:254 rows_affected=1 ti_id=01a0fa3d-d505-7d37-b44a-60f4243c40f9
2026-10-02T01:36:10.294925Z [info     ] Updating RenderedTaskInstanceFields [airflow.api_fastapi.execution_api.routes.task_instances] correlation_id=01a0fa41-2c35-7db7-a8d8-685b13fddc29 field_count=3 loc=task_instances.py:1017 ti_id=01a0fa3d-d505-7d37-b44a-60f4243c40f9
Task instance is in running state
 Previous state of the Task instance: TaskInstanceState.QUEUED
Current task name:publish_2
Dag name:trade_backfill_pipeline
2026-10-02T01:36:10.299189Z [info     ] ::endgroup::                   [task] loc=task_runner.py:2232
{"step": "publish", "kind": null, "period": "202509", "run_id": "backfill-202509-d11457a125285818"}
{"jobs": [{"job_id": "df43eb5d-7264-43bc-9044-0f015a0b3cb8", "result": "success"}, {"job_id": "53e23b9e-4f2a-47c8-917f-1cec0b6593c0", "result": "success"}, {"job_id": "5bf2223d-fa56-4aa9-8790-0ac0d16b05b3", "result": "success"}], "period": "202509", "run_id": "backfill-202509-d11457a125285818", "status": "published", "step": "publish"}

2026-10-02T01:36:18.650996Z [info     ] Done. Returned value was: {'jobs': [{'job_id': 'df43eb5d-7264-43bc-9044-0f015a0b3cb8', 'result': 'success'}, {'job_id': '53e23b9e-4f2a-47c8-917f-1cec0b6593c0', 'result': 'success'}, {'job_id': '5bf2223d-fa56-4aa9-8790-0ac0d16b05b3', 'result': 'success'}], 'period': '202509', 'run_id': 'backfill-202509-d11457a125285818', 'status': 'published', 'step': 'publish'} [airflow.task.operators.airflow.providers.standard.decorators.python._PythonDecoratedOperator] loc=python.py:233
2026-10-02T01:36:18.652134Z [info     ] ::group::Post Execute          [task] loc=task_runner.py:1580
2026-10-02T01:36:18.652842Z [info     ] Pushing xcom                   [task] loc=task_runner.py:2280 ti=RuntimeTaskInstance(id=UUID('01a0fa3d-d505-7d37-b44a-60f4243c40f9'), task_id='publish_2', dag_id='trade_backfill_pipeline', run_id='manual__2026-10-02T01:32:31.249756+00:00', try_number=1, dag_version_id=UUID('01a0f340-b3af-72cd-8aa4-d8e453a1915b'), map_index=-1, hostname='afe341678f81', context_carrier=None, queue='default', task=<Task(_PythonDecoratedOperator): publish_2>, max_tries=0, start_date=datetime.datetime(2026, 10, 2, 1, 36, 10, 278135, tzinfo=datetime.timezone.utc), end_date=None, state=<TaskInstanceState.RUNNING: 'running'>, is_mapped=False, rendered_map_index=None, sentry_integration='')
2026-10-02T01:36:18.706862Z [info     ] Task instance state updated    [airflow.api_fastapi.execution_api.routes.task_instances] correlation_id=01a0fa41-4d08-7434-9500-6edb6a9eab5b loc=task_instances.py:485 new_state=success rows_affected=1 ti_id=01a0fa3d-d505-7d37-b44a-60f4243c40f9
Task instance in success state
 Previous state of the Task instance: TaskInstanceState.RUNNING
Task operator:<Task(_PythonDecoratedOperator): publish_2>
2026-10-02T01:36:18.710865Z [info     ] ::endgroup::                   [task] loc=task_runner.py:2379
2026-10-02T01:36:18.716296Z [info     ] [DAG TEST] end task task_id=publish_2 map_index=-1 [airflow.sdk.definitions.dag] loc=dag.py:1563
2026-10-02T01:36:18.726112Z [info     ] [DAG TEST] starting task_id=select_month_3 map_index=-1 [airflow.sdk.definitions.dag] loc=dag.py:1501
2026-10-02T01:36:18.726180Z [info     ] [DAG TEST] running task <TaskInstance: trade_backfill_pipeline.select_month_3 manual__2026-10-02T01:32:31.249756+00:00 [TaskInstanceState.SCHEDULED] ti_id=01a0fa3d-d506-7deb-b28b-0e1db4b0b8cd> [airflow.sdk.definitions.dag] loc=dag.py:1504
2026-10-02T01:36:18.732247Z [info     ] Task started                   [airflow.api_fastapi.execution_api.routes.task_instances] correlation_id=01a0fa41-4d27-7f29-be22-cee81166bba8 hostname=afe341678f81 loc=task_instances.py:226 previous_state=queued ti_id=01a0fa3d-d506-7deb-b28b-0e1db4b0b8cd
2026-10-02T01:36:18.733034Z [info     ] Task instance state updated    [airflow.api_fastapi.execution_api.routes.task_instances] correlation_id=01a0fa41-4d27-7f29-be22-cee81166bba8 loc=task_instances.py:254 rows_affected=1 ti_id=01a0fa3d-d506-7deb-b28b-0e1db4b0b8cd
2026-10-02T01:36:18.745666Z [info     ] Updating RenderedTaskInstanceFields [airflow.api_fastapi.execution_api.routes.task_instances] correlation_id=01a0fa41-4d37-7673-b0c7-ce7063f37195 field_count=3 loc=task_instances.py:1017 ti_id=01a0fa3d-d506-7deb-b28b-0e1db4b0b8cd
Task instance is in running state
 Previous state of the Task instance: TaskInstanceState.QUEUED
Current task name:select_month_3
Dag name:trade_backfill_pipeline
2026-10-02T01:36:18.750887Z [info     ] ::endgroup::                   [task] loc=task_runner.py:2232
2026-10-02T01:36:18.751163Z [info     ] Done. Returned value was: {'period': '202510', 'run_id': 'backfill-202510-d11457a125285818', 'status': 'ready', 'sources': {'world_total': True, 'partner_detail': True}, 'revisions': {'world_total': 1, 'partner_detail': 1}} [airflow.task.operators.airflow.providers.standard.decorators.python._PythonDecoratedOperator] loc=python.py:233
2026-10-02T01:36:18.751213Z [info     ] ::group::Post Execute          [task] loc=task_runner.py:1580
2026-10-02T01:36:18.751276Z [info     ] Pushing xcom                   [task] loc=task_runner.py:2280 ti=RuntimeTaskInstance(id=UUID('01a0fa3d-d506-7deb-b28b-0e1db4b0b8cd'), task_id='select_month_3', dag_id='trade_backfill_pipeline', run_id='manual__2026-10-02T01:32:31.249756+00:00', try_number=1, dag_version_id=UUID('01a0f340-b3af-72cd-8aa4-d8e453a1915b'), map_index=-1, hostname='afe341678f81', context_carrier=None, queue='default', task=<Task(_PythonDecoratedOperator): select_month_3>, max_tries=0, start_date=datetime.datetime(2026, 10, 2, 1, 36, 18, 727466, tzinfo=datetime.timezone.utc), end_date=None, state=<TaskInstanceState.RUNNING: 'running'>, is_mapped=False, rendered_map_index=None, sentry_integration='')
2026-10-02T01:36:18.777791Z [info     ] Task instance state updated    [airflow.api_fastapi.execution_api.routes.task_instances] correlation_id=01a0fa41-4d55-7c31-95bf-f7198233381b loc=task_instances.py:485 new_state=success rows_affected=1 ti_id=01a0fa3d-d506-7deb-b28b-0e1db4b0b8cd
Task instance in success state
 Previous state of the Task instance: TaskInstanceState.RUNNING
Task operator:<Task(_PythonDecoratedOperator): select_month_3>
2026-10-02T01:36:18.779399Z [info     ] ::endgroup::                   [task] loc=task_runner.py:2379
2026-10-02T01:36:18.781371Z [info     ] [DAG TEST] end task task_id=select_month_3 map_index=-1 [airflow.sdk.definitions.dag] loc=dag.py:1563
2026-10-02T01:36:18.787904Z [info     ] [DAG TEST] starting task_id=ingest_detail_3 map_index=-1 [airflow.sdk.definitions.dag] loc=dag.py:1501
2026-10-02T01:36:18.787967Z [info     ] [DAG TEST] running task <TaskInstance: trade_backfill_pipeline.ingest_detail_3 manual__2026-10-02T01:32:31.249756+00:00 [TaskInstanceState.SCHEDULED] ti_id=01a0fa3d-d507-7c78-9cfe-b05ad64c4b39> [airflow.sdk.definitions.dag] loc=dag.py:1504
2026-10-02T01:36:18.792824Z [info     ] Task started                   [airflow.api_fastapi.execution_api.routes.task_instances] correlation_id=01a0fa41-4d64-7e94-a35b-44d57c38961c hostname=afe341678f81 loc=task_instances.py:226 previous_state=queued ti_id=01a0fa3d-d507-7c78-9cfe-b05ad64c4b39
2026-10-02T01:36:18.793358Z [info     ] Task instance state updated    [airflow.api_fastapi.execution_api.routes.task_instances] correlation_id=01a0fa41-4d64-7e94-a35b-44d57c38961c loc=task_instances.py:254 rows_affected=1 ti_id=01a0fa3d-d507-7c78-9cfe-b05ad64c4b39
2026-10-02T01:36:18.803392Z [info     ] Updating RenderedTaskInstanceFields [airflow.api_fastapi.execution_api.routes.task_instances] correlation_id=01a0fa41-4d71-75f4-a6ce-6fc3155e6f70 field_count=3 loc=task_instances.py:1017 ti_id=01a0fa3d-d507-7c78-9cfe-b05ad64c4b39
Task instance is in running state
 Previous state of the Task instance: TaskInstanceState.QUEUED
Current task name:ingest_detail_3
Dag name:trade_backfill_pipeline
2026-10-02T01:36:18.806359Z [info     ] ::endgroup::                   [task] loc=task_runner.py:2232
{"step": "ingest", "kind": "partner_detail", "period": "202510", "run_id": "backfill-202510-d11457a125285818"}
{"checksum": "sha256:45da4a94439b81e2e01b21b821e0fee044e2f3cde935c2194becb042a286cc09", "data_uri": "s3://trade-analytics-prod-816079797958-ap-northeast-1-an/un_comtrade/v2/hs_version=H6/cmd_code=8542/period=202510/query_type=partner_detail/revision=1/data.ndjson", "kind": "partner_detail", "manifest_uri": "s3://trade-analytics-prod-816079797958-ap-northeast-1-an/un_comtrade/v2/hs_version=H6/cmd_code=8542/period=202510/query_type=partner_detail/revision=1/manifest.json", "period": "202510", "revision": 1, "row_count": 59, "run_id": "backfill-202510-d11457a125285818", "status": "success", "step": "ingest"}

2026-10-02T01:36:22.819504Z [info     ] Done. Returned value was: {'checksum': 'sha256:45da4a94439b81e2e01b21b821e0fee044e2f3cde935c2194becb042a286cc09', 'data_uri': 's3://trade-analytics-prod-816079797958-ap-northeast-1-an/un_comtrade/v2/hs_version=H6/cmd_code=8542/period=202510/query_type=partner_detail/revision=1/data.ndjson', 'kind': 'partner_detail', 'manifest_uri': 's3://trade-analytics-prod-816079797958-ap-northeast-1-an/un_comtrade/v2/hs_version=H6/cmd_code=8542/period=202510/query_type=partner_detail/revision=1/manifest.json', 'period': '202510', 'revision': 1, 'row_count': 59, 'run_id': 'backfill-202510-d11457a125285818', 'status': 'success', 'step': 'ingest'} [airflow.task.operators.airflow.providers.standard.decorators.python._PythonDecoratedOperator] loc=python.py:233
2026-10-02T01:36:22.819975Z [info     ] ::group::Post Execute          [task] loc=task_runner.py:1580
2026-10-02T01:36:22.820233Z [info     ] Pushing xcom                   [task] loc=task_runner.py:2280 ti=RuntimeTaskInstance(id=UUID('01a0fa3d-d507-7c78-9cfe-b05ad64c4b39'), task_id='ingest_detail_3', dag_id='trade_backfill_pipeline', run_id='manual__2026-10-02T01:32:31.249756+00:00', try_number=1, dag_version_id=UUID('01a0f340-b3af-72cd-8aa4-d8e453a1915b'), map_index=-1, hostname='afe341678f81', context_carrier=None, queue='default', task=<Task(_PythonDecoratedOperator): ingest_detail_3>, max_tries=3, start_date=datetime.datetime(2026, 10, 2, 1, 36, 18, 788824, tzinfo=datetime.timezone.utc), end_date=None, state=<TaskInstanceState.RUNNING: 'running'>, is_mapped=False, rendered_map_index=None, sentry_integration='')
2026-10-02T01:36:22.888824Z [info     ] Task instance state updated    [airflow.api_fastapi.execution_api.routes.task_instances] correlation_id=01a0fa41-5d61-70e7-84bc-7ab1cf8edfb7 loc=task_instances.py:485 new_state=success rows_affected=1 ti_id=01a0fa3d-d507-7c78-9cfe-b05ad64c4b39
Task instance in success state
 Previous state of the Task instance: TaskInstanceState.RUNNING
Task operator:<Task(_PythonDecoratedOperator): ingest_detail_3>
2026-10-02T01:36:22.891693Z [info     ] ::endgroup::                   [task] loc=task_runner.py:2379
2026-10-02T01:36:22.895468Z [info     ] [DAG TEST] end task task_id=ingest_detail_3 map_index=-1 [airflow.sdk.definitions.dag] loc=dag.py:1563
2026-10-02T01:36:22.895658Z [info     ] [DAG TEST] starting task_id=ingest_world_3 map_index=-1 [airflow.sdk.definitions.dag] loc=dag.py:1501
2026-10-02T01:36:22.895702Z [info     ] [DAG TEST] running task <TaskInstance: trade_backfill_pipeline.ingest_world_3 manual__2026-10-02T01:32:31.249756+00:00 [TaskInstanceState.SCHEDULED] ti_id=01a0fa3d-d508-70ae-b42e-173f4d804112> [airflow.sdk.definitions.dag] loc=dag.py:1504
2026-10-02T01:36:22.903176Z [info     ] Task started                   [airflow.api_fastapi.execution_api.routes.task_instances] correlation_id=01a0fa41-5d73-723a-995b-4663bd65f24b hostname=afe341678f81 loc=task_instances.py:226 previous_state=queued ti_id=01a0fa3d-d508-70ae-b42e-173f4d804112
2026-10-02T01:36:22.903751Z [info     ] Task instance state updated    [airflow.api_fastapi.execution_api.routes.task_instances] correlation_id=01a0fa41-5d73-723a-995b-4663bd65f24b loc=task_instances.py:254 rows_affected=1 ti_id=01a0fa3d-d508-70ae-b42e-173f4d804112
2026-10-02T01:36:22.916157Z [info     ] Updating RenderedTaskInstanceFields [airflow.api_fastapi.execution_api.routes.task_instances] correlation_id=01a0fa41-5d81-79ef-8cf2-c7241b79f3fd field_count=3 loc=task_instances.py:1017 ti_id=01a0fa3d-d508-70ae-b42e-173f4d804112
Task instance is in running state
 Previous state of the Task instance: TaskInstanceState.QUEUED
Current task name:ingest_world_3
Dag name:trade_backfill_pipeline
2026-10-02T01:36:22.920573Z [info     ] ::endgroup::                   [task] loc=task_runner.py:2232
{"step": "ingest", "kind": "world_total", "period": "202510", "run_id": "backfill-202510-d11457a125285818"}
{"checksum": "sha256:655aed6ade42d687a2fbfb821d8709fa5361c84343813059639982de0087eefb", "data_uri": "s3://trade-analytics-prod-816079797958-ap-northeast-1-an/un_comtrade/v2/hs_version=H6/cmd_code=8542/period=202510/query_type=world_total/revision=1/data.ndjson", "kind": "world_total", "manifest_uri": "s3://trade-analytics-prod-816079797958-ap-northeast-1-an/un_comtrade/v2/hs_version=H6/cmd_code=8542/period=202510/query_type=world_total/revision=1/manifest.json", "period": "202510", "revision": 1, "row_count": 1, "run_id": "backfill-202510-d11457a125285818", "status": "success", "step": "ingest"}

2026-10-02T01:36:25.741478Z [info     ] Done. Returned value was: {'checksum': 'sha256:655aed6ade42d687a2fbfb821d8709fa5361c84343813059639982de0087eefb', 'data_uri': 's3://trade-analytics-prod-816079797958-ap-northeast-1-an/un_comtrade/v2/hs_version=H6/cmd_code=8542/period=202510/query_type=world_total/revision=1/data.ndjson', 'kind': 'world_total', 'manifest_uri': 's3://trade-analytics-prod-816079797958-ap-northeast-1-an/un_comtrade/v2/hs_version=H6/cmd_code=8542/period=202510/query_type=world_total/revision=1/manifest.json', 'period': '202510', 'revision': 1, 'row_count': 1, 'run_id': 'backfill-202510-d11457a125285818', 'status': 'success', 'step': 'ingest'} [airflow.task.operators.airflow.providers.standard.decorators.python._PythonDecoratedOperator] loc=python.py:233
2026-10-02T01:36:25.742094Z [info     ] ::group::Post Execute          [task] loc=task_runner.py:1580
2026-10-02T01:36:25.742543Z [info     ] Pushing xcom                   [task] loc=task_runner.py:2280 ti=RuntimeTaskInstance(id=UUID('01a0fa3d-d508-70ae-b42e-173f4d804112'), task_id='ingest_world_3', dag_id='trade_backfill_pipeline', run_id='manual__2026-10-02T01:32:31.249756+00:00', try_number=1, dag_version_id=UUID('01a0f340-b3af-72cd-8aa4-d8e453a1915b'), map_index=-1, hostname='afe341678f81', context_carrier=None, queue='default', task=<Task(_PythonDecoratedOperator): ingest_world_3>, max_tries=3, start_date=datetime.datetime(2026, 10, 2, 1, 36, 22, 898870, tzinfo=datetime.timezone.utc), end_date=None, state=<TaskInstanceState.RUNNING: 'running'>, is_mapped=False, rendered_map_index=None, sentry_integration='')
2026-10-02T01:36:25.802209Z [info     ] Task instance state updated    [airflow.api_fastapi.execution_api.routes.task_instances] correlation_id=01a0fa41-68c3-7915-ace7-6bea13d3605d loc=task_instances.py:485 new_state=success rows_affected=1 ti_id=01a0fa3d-d508-70ae-b42e-173f4d804112
Task instance in success state
 Previous state of the Task instance: TaskInstanceState.RUNNING
Task operator:<Task(_PythonDecoratedOperator): ingest_world_3>
2026-10-02T01:36:25.804908Z [info     ] ::endgroup::                   [task] loc=task_runner.py:2379
2026-10-02T01:36:25.808906Z [info     ] [DAG TEST] end task task_id=ingest_world_3 map_index=-1 [airflow.sdk.definitions.dag] loc=dag.py:1563
2026-10-02T01:36:25.817641Z [info     ] [DAG TEST] starting task_id=load_world_3 map_index=-1 [airflow.sdk.definitions.dag] loc=dag.py:1501
2026-10-02T01:36:25.817703Z [info     ] [DAG TEST] running task <TaskInstance: trade_backfill_pipeline.load_world_3 manual__2026-10-02T01:32:31.249756+00:00 [TaskInstanceState.SCHEDULED] ti_id=01a0fa3d-d50a-780b-aef2-87e9f199dd03> [airflow.sdk.definitions.dag] loc=dag.py:1504
2026-10-02T01:36:25.823323Z [info     ] Task started                   [airflow.api_fastapi.execution_api.routes.task_instances] correlation_id=01a0fa41-68db-7add-959c-725f2e520a3f hostname=afe341678f81 loc=task_instances.py:226 previous_state=queued ti_id=01a0fa3d-d50a-780b-aef2-87e9f199dd03
2026-10-02T01:36:25.823935Z [info     ] Task instance state updated    [airflow.api_fastapi.execution_api.routes.task_instances] correlation_id=01a0fa41-68db-7add-959c-725f2e520a3f loc=task_instances.py:254 rows_affected=1 ti_id=01a0fa3d-d50a-780b-aef2-87e9f199dd03
2026-10-02T01:36:25.837581Z [info     ] Updating RenderedTaskInstanceFields [airflow.api_fastapi.execution_api.routes.task_instances] correlation_id=01a0fa41-68eb-7e8b-9bd8-a29b597fb5b2 field_count=3 loc=task_instances.py:1017 ti_id=01a0fa3d-d50a-780b-aef2-87e9f199dd03
Task instance is in running state
 Previous state of the Task instance: TaskInstanceState.QUEUED
Current task name:load_world_3
Dag name:trade_backfill_pipeline
2026-10-02T01:36:25.843539Z [info     ] ::endgroup::                   [task] loc=task_runner.py:2232
{"step": "load", "kind": "world_total", "period": "202510", "run_id": "backfill-202510-d11457a125285818"}
{"jobs": [{"job_id": "day11_222fd74130204d59b3b8d7cd4db57a2b", "status": "success"}, {"job_id": "day11_089ef25b6a40453592964d053f95d22a", "status": "success"}, {"job_id": "day11_06adfc9710ff4df98f6802667e6c9d79", "status": "success"}, {"job_id": "day11_b37245b79c734eaf87db8c102fa98fa2", "status": "success"}], "kind": "world_total", "period": "202510", "revision": 1, "rows": 1, "status": "success", "step": "load"}

2026-10-02T01:36:39.216961Z [info     ] Done. Returned value was: {'jobs': [{'job_id': 'day11_222fd74130204d59b3b8d7cd4db57a2b', 'status': 'success'}, {'job_id': 'day11_089ef25b6a40453592964d053f95d22a', 'status': 'success'}, {'job_id': 'day11_06adfc9710ff4df98f6802667e6c9d79', 'status': 'success'}, {'job_id': 'day11_b37245b79c734eaf87db8c102fa98fa2', 'status': 'success'}], 'kind': 'world_total', 'period': '202510', 'revision': 1, 'rows': 1, 'status': 'success', 'step': 'load'} [airflow.task.operators.airflow.providers.standard.decorators.python._PythonDecoratedOperator] loc=python.py:233
2026-10-02T01:36:39.217101Z [info     ] ::group::Post Execute          [task] loc=task_runner.py:1580
2026-10-02T01:36:39.217192Z [info     ] Pushing xcom                   [task] loc=task_runner.py:2280 ti=RuntimeTaskInstance(id=UUID('01a0fa3d-d50a-780b-aef2-87e9f199dd03'), task_id='load_world_3', dag_id='trade_backfill_pipeline', run_id='manual__2026-10-02T01:32:31.249756+00:00', try_number=1, dag_version_id=UUID('01a0f340-b3af-72cd-8aa4-d8e453a1915b'), map_index=-1, hostname='afe341678f81', context_carrier=None, queue='default', task=<Task(_PythonDecoratedOperator): load_world_3>, max_tries=3, start_date=datetime.datetime(2026, 10, 2, 1, 36, 25, 818838, tzinfo=datetime.timezone.utc), end_date=None, state=<TaskInstanceState.RUNNING: 'running'>, is_mapped=False, rendered_map_index=None, sentry_integration='')
2026-10-02T01:36:39.251575Z [info     ] Task instance state updated    [airflow.api_fastapi.execution_api.routes.task_instances] correlation_id=01a0fa41-9d4f-73df-9393-b80723cf1650 loc=task_instances.py:485 new_state=success rows_affected=1 ti_id=01a0fa3d-d50a-780b-aef2-87e9f199dd03
Task instance in success state
 Previous state of the Task instance: TaskInstanceState.RUNNING
Task operator:<Task(_PythonDecoratedOperator): load_world_3>
2026-10-02T01:36:39.253565Z [info     ] ::endgroup::                   [task] loc=task_runner.py:2379
2026-10-02T01:36:39.256306Z [info     ] [DAG TEST] end task task_id=load_world_3 map_index=-1 [airflow.sdk.definitions.dag] loc=dag.py:1563
2026-10-02T01:36:39.256370Z [info     ] [DAG TEST] starting task_id=load_detail_3 map_index=-1 [airflow.sdk.definitions.dag] loc=dag.py:1501
2026-10-02T01:36:39.256403Z [info     ] [DAG TEST] running task <TaskInstance: trade_backfill_pipeline.load_detail_3 manual__2026-10-02T01:32:31.249756+00:00 [TaskInstanceState.SCHEDULED] ti_id=01a0fa3d-d509-7e68-9501-d5aa7c991ebe> [airflow.sdk.definitions.dag] loc=dag.py:1504
2026-10-02T01:36:39.262685Z [info     ] Task started                   [airflow.api_fastapi.execution_api.routes.task_instances] correlation_id=01a0fa41-9d5a-7a7a-8c4c-68b316ffac42 hostname=afe341678f81 loc=task_instances.py:226 previous_state=queued ti_id=01a0fa3d-d509-7e68-9501-d5aa7c991ebe
2026-10-02T01:36:39.263208Z [info     ] Task instance state updated    [airflow.api_fastapi.execution_api.routes.task_instances] correlation_id=01a0fa41-9d5a-7a7a-8c4c-68b316ffac42 loc=task_instances.py:254 rows_affected=1 ti_id=01a0fa3d-d509-7e68-9501-d5aa7c991ebe
2026-10-02T01:36:39.274145Z [info     ] Updating RenderedTaskInstanceFields [airflow.api_fastapi.execution_api.routes.task_instances] correlation_id=01a0fa41-9d68-7e2d-93ce-c688893612da field_count=3 loc=task_instances.py:1017 ti_id=01a0fa3d-d509-7e68-9501-d5aa7c991ebe
Task instance is in running state
 Previous state of the Task instance: TaskInstanceState.QUEUED
Current task name:load_detail_3
Dag name:trade_backfill_pipeline
2026-10-02T01:36:39.277144Z [info     ] ::endgroup::                   [task] loc=task_runner.py:2232
{"step": "load", "kind": "partner_detail", "period": "202510", "run_id": "backfill-202510-d11457a125285818"}
{"jobs": [{"job_id": "day11_36f1732aafc74a80888b91cb713b5db1", "status": "success"}, {"job_id": "day11_86511d10801e47dc8266b435ee58e734", "status": "success"}, {"job_id": "day11_45647ec03dc348f9b2536e524056c4da", "status": "success"}, {"job_id": "day11_764fbc2a6c054d02ae6b025e3a23d100", "status": "success"}], "kind": "partner_detail", "period": "202510", "revision": 1, "rows": 59, "status": "success", "step": "load"}

2026-10-02T01:36:51.762989Z [info     ] Done. Returned value was: {'jobs': [{'job_id': 'day11_36f1732aafc74a80888b91cb713b5db1', 'status': 'success'}, {'job_id': 'day11_86511d10801e47dc8266b435ee58e734', 'status': 'success'}, {'job_id': 'day11_45647ec03dc348f9b2536e524056c4da', 'status': 'success'}, {'job_id': 'day11_764fbc2a6c054d02ae6b025e3a23d100', 'status': 'success'}], 'kind': 'partner_detail', 'period': '202510', 'revision': 1, 'rows': 59, 'status': 'success', 'step': 'load'} [airflow.task.operators.airflow.providers.standard.decorators.python._PythonDecoratedOperator] loc=python.py:233
2026-10-02T01:36:51.763281Z [info     ] ::group::Post Execute          [task] loc=task_runner.py:1580
2026-10-02T01:36:51.763430Z [info     ] Pushing xcom                   [task] loc=task_runner.py:2280 ti=RuntimeTaskInstance(id=UUID('01a0fa3d-d509-7e68-9501-d5aa7c991ebe'), task_id='load_detail_3', dag_id='trade_backfill_pipeline', run_id='manual__2026-10-02T01:32:31.249756+00:00', try_number=1, dag_version_id=UUID('01a0f340-b3af-72cd-8aa4-d8e453a1915b'), map_index=-1, hostname='afe341678f81', context_carrier=None, queue='default', task=<Task(_PythonDecoratedOperator): load_detail_3>, max_tries=3, start_date=datetime.datetime(2026, 10, 2, 1, 36, 39, 258530, tzinfo=datetime.timezone.utc), end_date=None, state=<TaskInstanceState.RUNNING: 'running'>, is_mapped=False, rendered_map_index=None, sentry_integration='')
2026-10-02T01:36:51.802121Z [info     ] Task instance state updated    [airflow.api_fastapi.execution_api.routes.task_instances] correlation_id=01a0fa41-ce55-7ef2-b2c9-344fc92593ea loc=task_instances.py:485 new_state=success rows_affected=1 ti_id=01a0fa3d-d509-7e68-9501-d5aa7c991ebe
Task instance in success state
 Previous state of the Task instance: TaskInstanceState.RUNNING
Task operator:<Task(_PythonDecoratedOperator): load_detail_3>
2026-10-02T01:36:51.804313Z [info     ] ::endgroup::                   [task] loc=task_runner.py:2379
2026-10-02T01:36:51.807410Z [info     ] [DAG TEST] end task task_id=load_detail_3 map_index=-1 [airflow.sdk.definitions.dag] loc=dag.py:1563
2026-10-02T01:36:51.814408Z [info     ] [DAG TEST] starting task_id=attest_3 map_index=-1 [airflow.sdk.definitions.dag] loc=dag.py:1501
2026-10-02T01:36:51.814465Z [info     ] [DAG TEST] running task <TaskInstance: trade_backfill_pipeline.attest_3 manual__2026-10-02T01:32:31.249756+00:00 [TaskInstanceState.SCHEDULED] ti_id=01a0fa3d-d50b-7fa6-93da-6d866ab9eeed> [airflow.sdk.definitions.dag] loc=dag.py:1504
2026-10-02T01:36:51.819125Z [info     ] Task started                   [airflow.api_fastapi.execution_api.routes.task_instances] correlation_id=01a0fa41-ce67-720e-b75d-a1c096bfe05d hostname=afe341678f81 loc=task_instances.py:226 previous_state=queued ti_id=01a0fa3d-d50b-7fa6-93da-6d866ab9eeed
2026-10-02T01:36:51.819653Z [info     ] Task instance state updated    [airflow.api_fastapi.execution_api.routes.task_instances] correlation_id=01a0fa41-ce67-720e-b75d-a1c096bfe05d loc=task_instances.py:254 rows_affected=1 ti_id=01a0fa3d-d50b-7fa6-93da-6d866ab9eeed
2026-10-02T01:36:51.829764Z [info     ] Updating RenderedTaskInstanceFields [airflow.api_fastapi.execution_api.routes.task_instances] correlation_id=01a0fa41-ce73-75f0-a385-c1669a8ae338 field_count=3 loc=task_instances.py:1017 ti_id=01a0fa3d-d50b-7fa6-93da-6d866ab9eeed
Task instance is in running state
 Previous state of the Task instance: TaskInstanceState.QUEUED
Current task name:attest_3
Dag name:trade_backfill_pipeline
2026-10-02T01:36:51.833439Z [info     ] ::endgroup::                   [task] loc=task_runner.py:2232
{"step": "attest", "kind": null, "period": "202510", "run_id": "backfill-202510-d11457a125285818"}
{"jobs": [{"job_id": "e57d6077-cee3-4134-b203-3200bda4f433", "result": "success"}, {"job_id": "187a10ff-1bdd-44b2-9fd1-ecf4a1964b27", "result": "success"}, {"job_id": "e035ab5b-781a-447c-ba82-18809fe80915", "result": "success"}, {"job_id": "6bcc6379-758d-4ebb-b4c4-3df4901eddae", "result": "success"}, {"job_id": "707467df-cd9d-4358-939e-aa91c62827fd", "result": "success"}, {"job_id": "3d3bfef0-b45a-4a93-819d-960bca562c29", "result": "success"}], "period": "202510", "sources": [{"checksum": "sha256:45da4a94439b81e2e01b21b821e0fee044e2f3cde935c2194becb042a286cc09", "query_type": "partner_detail", "revision": 1, "snapshot_hash": "b0b6de4b1931cd123894c8f2de07d613b01e71eacaf377a2af37d5589ea28b73", "source_file": "s3://trade-analytics-prod-816079797958-ap-northeast-1-an/un_comtrade/v2/hs_version=H6/cmd_code=8542/period=202510/query_type=partner_detail/revision=1/data.ndjson"}, {"checksum": "sha256:655aed6ade42d687a2fbfb821d8709fa5361c84343813059639982de0087eefb", "query_type": "world_total", "revision": 1, "snapshot_hash": "685e0d90524fa809f24d25a7ad25cf34faed5a32513d795e316efa1622e5ce6d", "source_file": "s3://trade-analytics-prod-816079797958-ap-northeast-1-an/un_comtrade/v2/hs_version=H6/cmd_code=8542/period=202510/query_type=world_total/revision=1/data.ndjson"}], "status": "verified", "step": "attest"}

2026-10-02T01:36:59.298252Z [info     ] Done. Returned value was: {'jobs': [{'job_id': 'e57d6077-cee3-4134-b203-3200bda4f433', 'result': 'success'}, {'job_id': '187a10ff-1bdd-44b2-9fd1-ecf4a1964b27', 'result': 'success'}, {'job_id': 'e035ab5b-781a-447c-ba82-18809fe80915', 'result': 'success'}, {'job_id': '6bcc6379-758d-4ebb-b4c4-3df4901eddae', 'result': 'success'}, {'job_id': '707467df-cd9d-4358-939e-aa91c62827fd', 'result': 'success'}, {'job_id': '3d3bfef0-b45a-4a93-819d-960bca562c29', 'result': 'success'}], 'period': '202510', 'sources': [{'checksum': 'sha256:45da4a94439b81e2e01b21b821e0fee044e2f3cde935c2194becb042a286cc09', 'query_type': 'partner_detail', 'revision': 1, 'snapshot_hash': 'b0b6de4b1931cd123894c8f2de07d613b01e71eacaf377a2af37d5589ea28b73', 'source_file': 's3://trade-analytics-prod-816079797958-ap-northeast-1-an/un_comtrade/v2/hs_version=H6/cmd_code=8542/period=202510/query_type=partner_detail/revision=1/data.ndjson'}, {'checksum': 'sha256:655aed6ade42d687a2fbfb821d8709fa5361c84343813059639982de0087eefb', 'query_type': 'world_total', 'revision': 1, 'snapshot_hash': '685e0d90524fa809f24d25a7ad25cf34faed5a32513d795e316efa1622e5ce6d', 'source_file': 's3://trade-analytics-prod-816079797958-ap-northeast-1-an/un_comtrade/v2/hs_version=H6/cmd_code=8542/period=202510/query_type=world_total/revision=1/data.ndjson'}], 'status': 'verified', 'step': 'attest'} [airflow.task.operators.airflow.providers.standard.decorators.python._PythonDecoratedOperator] loc=python.py:233
2026-10-02T01:36:59.298910Z [info     ] ::group::Post Execute          [task] loc=task_runner.py:1580
2026-10-02T01:36:59.299381Z [info     ] Pushing xcom                   [task] loc=task_runner.py:2280 ti=RuntimeTaskInstance(id=UUID('01a0fa3d-d50b-7fa6-93da-6d866ab9eeed'), task_id='attest_3', dag_id='trade_backfill_pipeline', run_id='manual__2026-10-02T01:32:31.249756+00:00', try_number=1, dag_version_id=UUID('01a0f340-b3af-72cd-8aa4-d8e453a1915b'), map_index=-1, hostname='afe341678f81', context_carrier=None, queue='default', task=<Task(_PythonDecoratedOperator): attest_3>, max_tries=0, start_date=datetime.datetime(2026, 10, 2, 1, 36, 51, 815352, tzinfo=datetime.timezone.utc), end_date=None, state=<TaskInstanceState.RUNNING: 'running'>, is_mapped=False, rendered_map_index=None, sentry_integration='')
2026-10-02T01:36:59.353595Z [info     ] Task instance state updated    [airflow.api_fastapi.execution_api.routes.task_instances] correlation_id=01a0fa41-ebd1-7e07-baa5-65ab77c3da32 loc=task_instances.py:485 new_state=success rows_affected=1 ti_id=01a0fa3d-d50b-7fa6-93da-6d866ab9eeed
Task instance in success state
 Previous state of the Task instance: TaskInstanceState.RUNNING
Task operator:<Task(_PythonDecoratedOperator): attest_3>
2026-10-02T01:36:59.356637Z [info     ] ::endgroup::                   [task] loc=task_runner.py:2379
2026-10-02T01:36:59.360729Z [info     ] [DAG TEST] end task task_id=attest_3 map_index=-1 [airflow.sdk.definitions.dag] loc=dag.py:1563
2026-10-02T01:36:59.369039Z [info     ] [DAG TEST] starting task_id=build_3 map_index=-1 [airflow.sdk.definitions.dag] loc=dag.py:1501
2026-10-02T01:36:59.369108Z [info     ] [DAG TEST] running task <TaskInstance: trade_backfill_pipeline.build_3 manual__2026-10-02T01:32:31.249756+00:00 [TaskInstanceState.SCHEDULED] ti_id=01a0fa3d-d50c-7629-892c-110bb9f5c2e4> [airflow.sdk.definitions.dag] loc=dag.py:1504
2026-10-02T01:36:59.374986Z [info     ] Task started                   [airflow.api_fastapi.execution_api.routes.task_instances] correlation_id=01a0fa41-ebea-723e-a169-58a5fc7da4a4 hostname=afe341678f81 loc=task_instances.py:226 previous_state=queued ti_id=01a0fa3d-d50c-7629-892c-110bb9f5c2e4
2026-10-02T01:36:59.375750Z [info     ] Task instance state updated    [airflow.api_fastapi.execution_api.routes.task_instances] correlation_id=01a0fa41-ebea-723e-a169-58a5fc7da4a4 loc=task_instances.py:254 rows_affected=1 ti_id=01a0fa3d-d50c-7629-892c-110bb9f5c2e4
2026-10-02T01:36:59.389700Z [info     ] Updating RenderedTaskInstanceFields [airflow.api_fastapi.execution_api.routes.task_instances] correlation_id=01a0fa41-ebfb-799b-ba9c-4be92ed9b60a field_count=3 loc=task_instances.py:1017 ti_id=01a0fa3d-d50c-7629-892c-110bb9f5c2e4
Task instance is in running state
 Previous state of the Task instance: TaskInstanceState.QUEUED
Current task name:build_3
Dag name:trade_backfill_pipeline
2026-10-02T01:36:59.394778Z [info     ] ::endgroup::                   [task] loc=task_runner.py:2232
{"step": "build", "kind": null, "period": "202510", "run_id": "backfill-202510-d11457a125285818"}
01:37:00  Running with dbt=1.12.5
01:37:00  Registered adapter: bigquery=1.12.1
01:37:00  Unable to do partial parsing because config vars, config profile, or config target have changed
01:37:01  Found 10 models, 71 data tests, 2 seeds, 3 sources, 563 macros, 5 unit tests
01:37:01
01:37:01  Concurrency: 4 threads (target='day11')
01:37:01
01:37:03  1 of 88 START sql table model trade_analytics_day10_dev.dim_months ............. [RUN]
01:37:03  2 of 88 START sql view model trade_analytics_day10_dev.stg_un_comtrade__partner_trades  [RUN]
01:37:03  3 of 88 START sql view model trade_analytics_day10_dev.stg_un_comtrade__world_totals  [RUN]
01:37:03  4 of 88 START seed file trade_analytics_day10_dev.country_reference ............ [RUN]
01:37:03  2 of 88 OK created sql view model trade_analytics_day10_dev.stg_un_comtrade__partner_trades  [CREATE VIEW (0 processed) in 0.63s]
01:37:03  5 of 88 START seed file trade_analytics_day10_dev.hs_code_reference ............ [RUN]
01:37:03  3 of 88 OK created sql view model trade_analytics_day10_dev.stg_un_comtrade__world_totals  [CREATE VIEW (0 processed) in 0.65s]
01:37:03  6 of 88 START test assert_partner_grain_unique ................................. [RUN]
01:37:04  6 of 88 PASS assert_partner_grain_unique ....................................... [PASS in 1.08s]
01:37:04  7 of 88 START test assert_january_2023_exists .................................. [RUN]
01:37:05  1 of 88 OK created sql table model trade_analytics_day10_dev.dim_months ........ [CREATE TABLE (34.0 rows, 0 processed) in 2.02s]
01:37:05  8 of 88 START test assert_staging_contract ..................................... [RUN]
01:37:05  7 of 88 PASS assert_january_2023_exists ........................................ [PASS in 0.97s]
01:37:05  9 of 88 START test assert_staging_matches_raw .................................. [RUN]
01:37:06  8 of 88 PASS assert_staging_contract ........................................... [PASS in 1.14s]
01:37:06  10 of 88 START test assert_world_grain_unique .................................. [RUN]
01:37:06  5 of 88 OK loaded seed file trade_analytics_day10_dev.hs_code_reference ........ [INSERT 1 in 2.77s]
01:37:06  11 of 88 START test assert_month_spine_complete ................................ [RUN]
01:37:06  4 of 88 OK loaded seed file trade_analytics_day10_dev.country_reference ........ [INSERT 163 in 3.78s]
01:37:06  12 of 88 START test not_null_dim_months_month_start_date ....................... [RUN]
01:37:06  9 of 88 PASS assert_staging_matches_raw ........................................ [PASS in 1.13s]
01:37:06  13 of 88 START test not_null_dim_months_period ................................. [RUN]
01:37:07  10 of 88 PASS assert_world_grain_unique ........................................ [PASS in 1.09s]
01:37:07  14 of 88 START test unique_dim_months_month_start_date ......................... [RUN]
01:37:07  11 of 88 PASS assert_month_spine_complete ...................................... [PASS in 1.05s]
01:37:07  15 of 88 START test unique_dim_months_period ................................... [RUN]
01:37:07  12 of 88 PASS not_null_dim_months_month_start_date ............................. [PASS in 0.79s]
01:37:07  16 of 88 START test compound_unique_hs_code_reference_hs_version__cmd_code ..... [RUN]
01:37:07  13 of 88 PASS not_null_dim_months_period ....................................... [PASS in 0.85s]
01:37:07  17 of 88 START test not_null_hs_code_reference_cmd_code ........................ [RUN]
01:37:08  14 of 88 PASS unique_dim_months_month_start_date ............................... [PASS in 0.72s]
01:37:08  18 of 88 START test not_null_hs_code_reference_code_level ...................... [RUN]
01:37:08  15 of 88 PASS unique_dim_months_period ......................................... [PASS in 0.69s]
01:37:08  19 of 88 START test not_null_hs_code_reference_hs_description .................. [RUN]
01:37:08  16 of 88 PASS compound_unique_hs_code_reference_hs_version__cmd_code ........... [PASS in 0.69s]
01:37:08  20 of 88 START test not_null_hs_code_reference_hs_version ...................... [RUN]
01:37:08  17 of 88 PASS not_null_hs_code_reference_cmd_code .............................. [PASS in 0.66s]
01:37:08  21 of 88 START test not_null_hs_code_reference_parent_code ..................... [RUN]
01:37:08  18 of 88 PASS not_null_hs_code_reference_code_level ............................ [PASS in 0.69s]
01:37:08  22 of 88 START test not_null_hs_code_reference_retrieved_at .................... [RUN]
01:37:08  19 of 88 PASS not_null_hs_code_reference_hs_description ........................ [PASS in 0.72s]
01:37:08  23 of 88 START test not_null_hs_code_reference_source_url ...................... [RUN]
01:37:09  20 of 88 PASS not_null_hs_code_reference_hs_version ............................ [PASS in 0.72s]
01:37:09  24 of 88 START test accepted_values_country_reference_classification_status__verified__needs_review  [RUN]
01:37:09  21 of 88 PASS not_null_hs_code_reference_parent_code ........................... [PASS in 0.84s]
01:37:09  25 of 88 START test accepted_values_country_reference_partner_type__country__world__aggregate__special__unknown  [RUN]
01:37:09  22 of 88 PASS not_null_hs_code_reference_retrieved_at .......................... [PASS in 0.72s]
01:37:09  26 of 88 START test accepted_values_country_reference_reconciliation_role__detail__overlap__world__unresolved  [RUN]
01:37:09  23 of 88 PASS not_null_hs_code_reference_source_url ............................ [PASS in 0.66s]
01:37:09  27 of 88 START test not_null_country_reference_classification_note ............. [RUN]
01:37:09  24 of 88 PASS accepted_values_country_reference_classification_status__verified__needs_review  [PASS in 0.69s]
01:37:09  28 of 88 START test not_null_country_reference_classification_status ........... [RUN]
01:37:10  25 of 88 PASS accepted_values_country_reference_partner_type__country__world__aggregate__special__unknown  [PASS in 0.74s]
01:37:10  29 of 88 START test not_null_country_reference_partner_code .................... [RUN]
01:37:10  26 of 88 PASS accepted_values_country_reference_reconciliation_role__detail__overlap__world__unresolved  [PASS in 0.78s]
01:37:10  30 of 88 START test not_null_country_reference_partner_type .................... [RUN]
01:37:10  27 of 88 PASS not_null_country_reference_classification_note ................... [PASS in 0.77s]
01:37:10  31 of 88 START test not_null_country_reference_reconciliation_role ............. [RUN]
01:37:10  28 of 88 PASS not_null_country_reference_classification_status ................. [PASS in 0.77s]
01:37:10  32 of 88 START test not_null_country_reference_retrieved_at .................... [RUN]
01:37:10  29 of 88 PASS not_null_country_reference_partner_code .......................... [PASS in 0.68s]
01:37:10  33 of 88 START test not_null_country_reference_source_name ..................... [RUN]
01:37:11  30 of 88 PASS not_null_country_reference_partner_type .......................... [PASS in 0.73s]
01:37:11  34 of 88 START test not_null_country_reference_source_url ...................... [RUN]
01:37:11  31 of 88 PASS not_null_country_reference_reconciliation_role ................... [PASS in 0.71s]
01:37:11  35 of 88 START test unique_country_reference_partner_code ...................... [RUN]
01:37:11  32 of 88 PASS not_null_country_reference_retrieved_at .......................... [PASS in 0.69s]
01:37:11  36 of 88 START sql table model trade_analytics_day10_dev.dim_hs_codes .......... [RUN]
01:37:11  33 of 88 PASS not_null_country_reference_source_name ........................... [PASS in 0.71s]
01:37:11  34 of 88 PASS not_null_country_reference_source_url ............................ [PASS in 0.70s]
01:37:11  35 of 88 PASS unique_country_reference_partner_code ............................ [PASS in 0.70s]
01:37:11  37 of 88 START sql table model trade_analytics_day10_dev.dim_countries ......... [RUN]
01:37:12  36 of 88 OK created sql table model trade_analytics_day10_dev.dim_hs_codes ..... [CREATE TABLE (1.0 rows, 154.0 Bytes processed) in 1.41s]
01:37:12  38 of 88 START test assert_hs_reference_contract ............................... [RUN]
01:37:12  39 of 88 START test compound_unique_dim_hs_codes_hs_version__cmd_code .......... [RUN]
01:37:12  40 of 88 START test not_null_dim_hs_codes_cmd_code ............................. [RUN]
01:37:13  40 of 88 PASS not_null_dim_hs_codes_cmd_code ................................... [PASS in 0.76s]
01:37:13  38 of 88 PASS assert_hs_reference_contract ..................................... [PASS in 0.77s]
01:37:13  41 of 88 START test not_null_dim_hs_codes_code_level ........................... [RUN]
01:37:13  42 of 88 START test not_null_dim_hs_codes_hs_version ........................... [RUN]
01:37:13  37 of 88 OK created sql table model trade_analytics_day10_dev.dim_countries .... [CREATE TABLE (163.0 rows, 86.5 KiB processed) in 1.67s]
01:37:13  43 of 88 START test accepted_values_dim_countries_classification_status__verified__needs_review  [RUN]
01:37:13  39 of 88 PASS compound_unique_dim_hs_codes_hs_version__cmd_code ................ [PASS in 0.83s]
01:37:13  44 of 88 START test accepted_values_dim_countries_partner_type__country__world__aggregate__special__unknown  [RUN]
01:37:14  44 of 88 PASS accepted_values_dim_countries_partner_type__country__world__aggregate__special__unknown  [PASS in 0.74s]
01:37:14  43 of 88 PASS accepted_values_dim_countries_classification_status__verified__needs_review  [PASS in 0.75s]
01:37:14  42 of 88 PASS not_null_dim_hs_codes_hs_version ................................. [PASS in 0.79s]
01:37:14  46 of 88 START test assert_special_partner_contract ............................ [RUN]
01:37:14  45 of 88 START test accepted_values_dim_countries_reconciliation_role__detail__overlap__world__unresolved  [RUN]
01:37:14  47 of 88 START test not_null_dim_countries_classification_status ............... [RUN]
01:37:15  47 of 88 PASS not_null_dim_countries_classification_status ..................... [PASS in 0.77s]
01:37:15  46 of 88 PASS assert_special_partner_contract .................................. [PASS in 0.78s]
01:37:15  45 of 88 PASS accepted_values_dim_countries_reconciliation_role__detail__overlap__world__unresolved  [PASS in 0.79s]
01:37:15  48 of 88 START test not_null_dim_countries_partner_code ........................ [RUN]
01:37:15  49 of 88 START test not_null_dim_countries_partner_type ........................ [RUN]
01:37:15  50 of 88 START test not_null_dim_countries_reconciliation_role ................. [RUN]
01:37:15  41 of 88 PASS not_null_dim_hs_codes_code_level ................................. [PASS in 1.91s]
01:37:15  51 of 88 START test unique_dim_countries_partner_code .......................... [RUN]
01:37:15  50 of 88 PASS not_null_dim_countries_reconciliation_role ....................... [PASS in 0.70s]
01:37:15  48 of 88 PASS not_null_dim_countries_partner_code .............................. [PASS in 0.77s]
01:37:15  49 of 88 PASS not_null_dim_countries_partner_type .............................. [PASS in 0.78s]
01:37:16  51 of 88 PASS unique_dim_countries_partner_code ................................ [PASS in 0.71s]
01:37:16  52 of 88 START sql table model trade_analytics_day10_dev.audit_partner_mapping_issues  [RUN]
01:37:16  53 of 88 START sql table model trade_analytics_day10_dev.fct_monthly_semiconductor_imports  [RUN]
01:37:18  52 of 88 OK created sql table model trade_analytics_day10_dev.audit_partner_mapping_issues  [CREATE TABLE (34.0 rows, 537.4 KiB processed) in 2.01s]
01:37:18  53 of 88 OK created sql table model trade_analytics_day10_dev.fct_monthly_semiconductor_imports  [CREATE TABLE (2.2k rows, 796.4 KiB processed) in 2.01s]
01:37:18  54 of 88 START test accepted_values_fct_monthly_semiconductor_imports_classification_status__verified__needs_review  [RUN]
01:37:18  55 of 88 START test accepted_values_fct_monthly_semiconductor_imports_partner_type__country__world__aggregate__special__unknown  [RUN]
01:37:18  56 of 88 START test accepted_values_fct_monthly_semiconductor_imports_reconciliation_role__detail__overlap__world__unresolved  [RUN]
01:37:18  57 of 88 START test assert_fact_contract ....................................... [RUN]
01:37:18  56 of 88 PASS accepted_values_fct_monthly_semiconductor_imports_reconciliation_role__detail__overlap__world__unresolved  [PASS in 0.70s]
01:37:18  58 of 88 START test assert_fact_preserves_staging .............................. [RUN]
01:37:18  54 of 88 PASS accepted_values_fct_monthly_semiconductor_imports_classification_status__verified__needs_review  [PASS in 0.71s]
01:37:18  59 of 88 START test compound_unique_fct_monthly_semiconductor_imports_period_start_date__partner_code__cmd_code__hs_version  [RUN]
01:37:18  57 of 88 PASS assert_fact_contract ............................................. [PASS in 0.79s]
01:37:18  60 of 88 START test not_null_fct_monthly_semiconductor_imports_cmd_code ........ [RUN]
01:37:18  55 of 88 PASS accepted_values_fct_monthly_semiconductor_imports_partner_type__country__world__aggregate__special__unknown  [PASS in 0.88s]
01:37:18  61 of 88 START test not_null_fct_monthly_semiconductor_imports_country_mapping_found  [RUN]
01:37:19  59 of 88 PASS compound_unique_fct_monthly_semiconductor_imports_period_start_date__partner_code__cmd_code__hs_version  [PASS in 0.65s]
01:37:19  62 of 88 START test not_null_fct_monthly_semiconductor_imports_hs_mapping_found  [RUN]
01:37:19  60 of 88 PASS not_null_fct_monthly_semiconductor_imports_cmd_code .............. [PASS in 0.68s]
01:37:19  63 of 88 START test not_null_fct_monthly_semiconductor_imports_hs_version ...... [RUN]
01:37:19  61 of 88 PASS not_null_fct_monthly_semiconductor_imports_country_mapping_found . [PASS in 0.68s]
01:37:19  64 of 88 START test not_null_fct_monthly_semiconductor_imports_month_mapping_found  [RUN]
01:37:20  58 of 88 PASS assert_fact_preserves_staging .................................... [PASS in 1.28s]
01:37:20  65 of 88 START test not_null_fct_monthly_semiconductor_imports_partner_code .... [RUN]
01:37:20  62 of 88 PASS not_null_fct_monthly_semiconductor_imports_hs_mapping_found ...... [PASS in 0.65s]
01:37:20  66 of 88 START test not_null_fct_monthly_semiconductor_imports_period_start_date  [RUN]
01:37:20  63 of 88 PASS not_null_fct_monthly_semiconductor_imports_hs_version ............ [PASS in 0.62s]
01:37:20  67 of 88 START test assert_missing_country_audited ............................. [RUN]
01:37:20  64 of 88 PASS not_null_fct_monthly_semiconductor_imports_month_mapping_found ... [PASS in 0.67s]
01:37:20  68 of 88 START test not_null_audit_partner_mapping_issues_issue_type ........... [RUN]
01:37:20  65 of 88 PASS not_null_fct_monthly_semiconductor_imports_partner_code .......... [PASS in 0.69s]
01:37:20  69 of 88 START test not_null_audit_partner_mapping_issues_observed_at .......... [RUN]
01:37:20  66 of 88 PASS not_null_fct_monthly_semiconductor_imports_period_start_date ..... [PASS in 0.73s]
01:37:20  70 of 88 START test not_null_audit_partner_mapping_issues_partner_code ......... [RUN]
01:37:20  68 of 88 PASS not_null_audit_partner_mapping_issues_issue_type ................. [PASS in 0.68s]
01:37:20  71 of 88 START unit_test int_partner_market_share::day09_invalid_denominators_and_zero_current  [RUN]
01:37:21  67 of 88 PASS assert_missing_country_audited ................................... [PASS in 1.19s]
01:37:21  69 of 88 PASS not_null_audit_partner_mapping_issues_observed_at ................ [PASS in 0.69s]
01:37:21  70 of 88 PASS not_null_audit_partner_mapping_issues_partner_code ............... [PASS in 0.73s]
01:37:23  71 of 88 PASS int_partner_market_share::day09_invalid_denominators_and_zero_current  [PASS in 2.51s]
01:37:23  72 of 88 START unit_test int_partner_market_share::day09_partner_and_version_isolation  [RUN]
01:37:25  72 of 88 PASS int_partner_market_share::day09_partner_and_version_isolation .... [PASS in 2.43s]
01:37:25  73 of 88 START unit_test int_partner_market_share::day09_calendar_growth_and_weights  [RUN]
01:37:28  73 of 88 PASS int_partner_market_share::day09_calendar_growth_and_weights ...... [PASS in 2.43s]
01:37:28  74 of 88 START sql view model trade_analytics_day10_dev.int_partner_market_share  [RUN]
01:37:29  74 of 88 OK created sql view model trade_analytics_day10_dev.int_partner_market_share  [CREATE VIEW (0 processed) in 0.92s]
01:37:29  75 of 88 START test accepted_values_int_partner_market_share_market_share_status__ok__missing_world__invalid_world__missing_value  [RUN]
01:37:29  76 of 88 START test compound_unique_int_partner_market_share_period_start_date__partner_code__cmd_code__hs_version  [RUN]
01:37:29  77 of 88 START test not_null_int_partner_market_share_market_share_status ...... [RUN]
01:37:30  76 of 88 PASS compound_unique_int_partner_market_share_period_start_date__partner_code__cmd_code__hs_version  [PASS in 0.96s]
01:37:30  75 of 88 PASS accepted_values_int_partner_market_share_market_share_status__ok__missing_world__invalid_world__missing_value  [PASS in 1.11s]
01:37:30  77 of 88 PASS not_null_int_partner_market_share_market_share_status ............ [PASS in 1.14s]
01:37:30  78 of 88 START unit_test int_market_concentration_hhi::day09_hhi_unreviewed_country  [RUN]
01:37:33  78 of 88 PASS int_market_concentration_hhi::day09_hhi_unreviewed_country ....... [PASS in 2.63s]
01:37:33  79 of 88 START unit_test int_market_concentration_hhi::day09_hhi_hand_calculations_and_coverage  [RUN]
01:37:35  79 of 88 PASS int_market_concentration_hhi::day09_hhi_hand_calculations_and_coverage  [PASS in 2.90s]
01:37:35  80 of 88 START sql view model trade_analytics_day10_dev.int_market_concentration_hhi  [RUN]
01:37:36  80 of 88 OK created sql view model trade_analytics_day10_dev.int_market_concentration_hhi  [CREATE VIEW (0 processed) in 0.88s]
01:37:36  81 of 88 START test accepted_values_int_market_concentration_hhi_hhi_status__ok__missing_world__invalid_world__no_countries__missing_country_value__negative_country_value__unreviewed_country__insufficient_coverage  [RUN]
01:37:36  82 of 88 START test compound_unique_int_market_concentration_hhi_period_start_date__cmd_code__hs_version  [RUN]
01:37:36  83 of 88 START test not_null_int_market_concentration_hhi_hhi_status ........... [RUN]
01:37:37  82 of 88 PASS compound_unique_int_market_concentration_hhi_period_start_date__cmd_code__hs_version  [PASS in 1.07s]
01:37:37  83 of 88 PASS not_null_int_market_concentration_hhi_hhi_status ................. [PASS in 1.12s]
01:37:38  81 of 88 PASS accepted_values_int_market_concentration_hhi_hhi_status__ok__missing_world__invalid_world__no_countries__missing_country_value__negative_country_value__unreviewed_country__insufficient_coverage  [PASS in 1.16s]
01:37:38  84 of 88 START sql table model trade_analytics_day10_dev.mart_us_semiconductor_supply_chain_candidate  [RUN]
01:37:40  84 of 88 OK created sql table model trade_analytics_day10_dev.mart_us_semiconductor_supply_chain_candidate  [CREATE TABLE (2.2k rows, 970.1 KiB processed) in 2.28s]
01:37:40  85 of 88 START test assert_day09_candidate_preserves_fact ...................... [RUN]
01:37:40  86 of 88 START test assert_day09_metric_contract ............................... [RUN]
01:37:40  87 of 88 START test compound_unique_mart_us_semiconductor_supply_chain_candidate_period_start_date__partner_code__cmd_code__hs_version  [RUN]
01:37:40  88 of 88 START test not_null_mart_us_semiconductor_supply_chain_candidate_hhi_status  [RUN]
01:37:41  88 of 88 PASS not_null_mart_us_semiconductor_supply_chain_candidate_hhi_status . [PASS in 0.80s]
01:37:41  86 of 88 PASS assert_day09_metric_contract ..................................... [PASS in 0.82s]
01:37:41  87 of 88 PASS compound_unique_mart_us_semiconductor_supply_chain_candidate_period_start_date__partner_code__cmd_code__hs_version  [PASS in 0.83s]
01:37:41  85 of 88 PASS assert_day09_candidate_preserves_fact ............................ [PASS in 0.83s]
01:37:41
01:37:41  Finished running 2 seeds, 6 table models, 71 data tests, 5 unit tests, 4 view models in 0 hours 0 minutes and 39.17 seconds (39.17s).
01:37:41
01:37:41  Completed successfully
01:37:41
01:37:41  Done. PASS=88 WARN=0 ERROR=0 SKIP=0 NO-OP=0 REUSED=0 TOTAL=88
{"period": "202510", "status": "success", "step": "build", "vars": {"month_spine_end_date": "2025-10-01", "month_spine_start_date": "2023-01-01", "raw_end_date": "2025-11-01", "raw_start_date": "2023-01-01"}}

2026-10-02T01:37:41.630878Z [info     ] Done. Returned value was: {'period': '202510', 'status': 'success', 'step': 'build', 'vars': {'month_spine_end_date': '2025-10-01', 'month_spine_start_date': '2023-01-01', 'raw_end_date': '2025-11-01', 'raw_start_date': '2023-01-01'}} [airflow.task.operators.airflow.providers.standard.decorators.python._PythonDecoratedOperator] loc=python.py:233
2026-10-02T01:37:41.631734Z [info     ] ::group::Post Execute          [task] loc=task_runner.py:1580
2026-10-02T01:37:41.632275Z [info     ] Pushing xcom                   [task] loc=task_runner.py:2280 ti=RuntimeTaskInstance(id=UUID('01a0fa3d-d50c-7629-892c-110bb9f5c2e4'), task_id='build_3', dag_id='trade_backfill_pipeline', run_id='manual__2026-10-02T01:32:31.249756+00:00', try_number=1, dag_version_id=UUID('01a0f340-b3af-72cd-8aa4-d8e453a1915b'), map_index=-1, hostname='afe341678f81', context_carrier=None, queue='default', task=<Task(_PythonDecoratedOperator): build_3>, max_tries=0, start_date=datetime.datetime(2026, 10, 2, 1, 36, 59, 370207, tzinfo=datetime.timezone.utc), end_date=None, state=<TaskInstanceState.RUNNING: 'running'>, is_mapped=False, rendered_map_index=None, sentry_integration='')
2026-10-02T01:37:41.693557Z [info     ] Task instance state updated    [airflow.api_fastapi.execution_api.routes.task_instances] correlation_id=01a0fa42-9135-7f06-ac39-9e50c894557d loc=task_instances.py:485 new_state=success rows_affected=1 ti_id=01a0fa3d-d50c-7629-892c-110bb9f5c2e4
Task instance in success state
 Previous state of the Task instance: TaskInstanceState.RUNNING
Task operator:<Task(_PythonDecoratedOperator): build_3>
2026-10-02T01:37:41.697202Z [info     ] ::endgroup::                   [task] loc=task_runner.py:2379
2026-10-02T01:37:41.702126Z [info     ] [DAG TEST] end task task_id=build_3 map_index=-1 [airflow.sdk.definitions.dag] loc=dag.py:1563
2026-10-02T01:37:41.711437Z [info     ] [DAG TEST] starting task_id=audit_3 map_index=-1 [airflow.sdk.definitions.dag] loc=dag.py:1501
2026-10-02T01:37:41.711490Z [info     ] [DAG TEST] running task <TaskInstance: trade_backfill_pipeline.audit_3 manual__2026-10-02T01:32:31.249756+00:00 [TaskInstanceState.SCHEDULED] ti_id=01a0fa3d-d50d-7205-9240-74f5ddd65d3a> [airflow.sdk.definitions.dag] loc=dag.py:1504
2026-10-02T01:37:41.717183Z [info     ] Task started                   [airflow.api_fastapi.execution_api.routes.task_instances] correlation_id=01a0fa42-9150-71b6-9e86-f6c331b6c6ed hostname=afe341678f81 loc=task_instances.py:226 previous_state=queued ti_id=01a0fa3d-d50d-7205-9240-74f5ddd65d3a
2026-10-02T01:37:41.717907Z [info     ] Task instance state updated    [airflow.api_fastapi.execution_api.routes.task_instances] correlation_id=01a0fa42-9150-71b6-9e86-f6c331b6c6ed loc=task_instances.py:254 rows_affected=1 ti_id=01a0fa3d-d50d-7205-9240-74f5ddd65d3a
2026-10-02T01:37:41.730931Z [info     ] Updating RenderedTaskInstanceFields [airflow.api_fastapi.execution_api.routes.task_instances] correlation_id=01a0fa42-9160-75e0-894d-c0105daa9f3e field_count=3 loc=task_instances.py:1017 ti_id=01a0fa3d-d50d-7205-9240-74f5ddd65d3a
Task instance is in running state
 Previous state of the Task instance: TaskInstanceState.QUEUED
Current task name:audit_3
Dag name:trade_backfill_pipeline
2026-10-02T01:37:41.735429Z [info     ] ::endgroup::                   [task] loc=task_runner.py:2232
{"step": "audit", "kind": null, "period": "202510", "run_id": "backfill-202510-d11457a125285818"}
{"jobs": [{"job_id": "39a9a95e-a69e-415b-8e7a-b55f6694f388", "result": "success"}, {"job_id": "4b9140a3-8ad3-4e21-9402-fbaae3a9114b", "result": "success"}, {"job_id": "27d81cd0-5dc7-4acf-ad78-c6fe29d751dd", "result": "success"}], "period": "202510", "reason_codes": [], "run_id": "backfill-202510-d11457a125285818", "status": "PASS", "step": "audit"}

2026-10-02T01:37:51.449993Z [info     ] Done. Returned value was: {'jobs': [{'job_id': '39a9a95e-a69e-415b-8e7a-b55f6694f388', 'result': 'success'}, {'job_id': '4b9140a3-8ad3-4e21-9402-fbaae3a9114b', 'result': 'success'}, {'job_id': '27d81cd0-5dc7-4acf-ad78-c6fe29d751dd', 'result': 'success'}], 'period': '202510', 'reason_codes': [], 'run_id': 'backfill-202510-d11457a125285818', 'status': 'PASS', 'step': 'audit'} [airflow.task.operators.airflow.providers.standard.decorators.python._PythonDecoratedOperator] loc=python.py:233
2026-10-02T01:37:51.461787Z [info     ] ::group::Post Execute          [task] loc=task_runner.py:1580
2026-10-02T01:37:51.462657Z [info     ] Pushing xcom                   [task] loc=task_runner.py:2280 ti=RuntimeTaskInstance(id=UUID('01a0fa3d-d50d-7205-9240-74f5ddd65d3a'), task_id='audit_3', dag_id='trade_backfill_pipeline', run_id='manual__2026-10-02T01:32:31.249756+00:00', try_number=1, dag_version_id=UUID('01a0f340-b3af-72cd-8aa4-d8e453a1915b'), map_index=-1, hostname='afe341678f81', context_carrier=None, queue='default', task=<Task(_PythonDecoratedOperator): audit_3>, max_tries=0, start_date=datetime.datetime(2026, 10, 2, 1, 37, 41, 712697, tzinfo=datetime.timezone.utc), end_date=None, state=<TaskInstanceState.RUNNING: 'running'>, is_mapped=False, rendered_map_index=None, sentry_integration='')
2026-10-02T01:37:52.043770Z [info     ] Task instance state updated    [airflow.api_fastapi.execution_api.routes.task_instances] correlation_id=01a0fa42-b971-72df-a6cc-2e2a5d68d22a loc=task_instances.py:485 new_state=success rows_affected=1 ti_id=01a0fa3d-d50d-7205-9240-74f5ddd65d3a
Task instance in success state
 Previous state of the Task instance: TaskInstanceState.RUNNING
Task operator:<Task(_PythonDecoratedOperator): audit_3>
2026-10-02T01:37:52.070099Z [info     ] ::endgroup::                   [task] loc=task_runner.py:2379
2026-10-02T01:37:52.129496Z [info     ] [DAG TEST] end task task_id=audit_3 map_index=-1 [airflow.sdk.definitions.dag] loc=dag.py:1563
2026-10-02T01:37:52.235948Z [info     ] [DAG TEST] starting task_id=gate_3 map_index=-1 [airflow.sdk.definitions.dag] loc=dag.py:1501
2026-10-02T01:37:52.236344Z [info     ] [DAG TEST] running task <TaskInstance: trade_backfill_pipeline.gate_3 manual__2026-10-02T01:32:31.249756+00:00 [TaskInstanceState.SCHEDULED] ti_id=01a0fa3d-d50e-761b-9cc1-12cd5618758c> [airflow.sdk.definitions.dag] loc=dag.py:1504
2026-10-02T01:37:52.316709Z [info     ] Task started                   [airflow.api_fastapi.execution_api.routes.task_instances] correlation_id=01a0fa42-ba83-701b-bbbb-10454c8dec89 hostname=afe341678f81 loc=task_instances.py:226 previous_state=queued ti_id=01a0fa3d-d50e-761b-9cc1-12cd5618758c
2026-10-02T01:37:52.326736Z [info     ] Task instance state updated    [airflow.api_fastapi.execution_api.routes.task_instances] correlation_id=01a0fa42-ba83-701b-bbbb-10454c8dec89 loc=task_instances.py:254 rows_affected=1 ti_id=01a0fa3d-d50e-761b-9cc1-12cd5618758c
2026-10-02T01:37:52.478916Z [info     ] Updating RenderedTaskInstanceFields [airflow.api_fastapi.execution_api.routes.task_instances] correlation_id=01a0fa42-bb40-7eb2-8bb1-c1d18c6d7193 field_count=3 loc=task_instances.py:1017 ti_id=01a0fa3d-d50e-761b-9cc1-12cd5618758c
Task instance is in running state
 Previous state of the Task instance: TaskInstanceState.QUEUED
Current task name:gate_3
Dag name:trade_backfill_pipeline
2026-10-02T01:37:52.552447Z [info     ] ::endgroup::                   [task] loc=task_runner.py:2232
{"step": "gate", "kind": null, "period": "202510", "run_id": "backfill-202510-d11457a125285818"}
{"jobs": [{"job_id": "553d527d-ce9f-464d-b481-743bacdb2689", "result": "success"}], "period": "202510", "run_id": "backfill-202510-d11457a125285818", "status": "PASS", "step": "gate"}

2026-10-02T01:38:00.193535Z [info     ] Done. Returned value was: {'jobs': [{'job_id': '553d527d-ce9f-464d-b481-743bacdb2689', 'result': 'success'}], 'period': '202510', 'run_id': 'backfill-202510-d11457a125285818', 'status': 'PASS', 'step': 'gate'} [airflow.task.operators.airflow.providers.standard.decorators.python._PythonDecoratedOperator] loc=python.py:233
2026-10-02T01:38:00.196490Z [info     ] ::group::Post Execute          [task] loc=task_runner.py:1580
2026-10-02T01:38:00.198723Z [info     ] Pushing xcom                   [task] loc=task_runner.py:2280 ti=RuntimeTaskInstance(id=UUID('01a0fa3d-d50e-761b-9cc1-12cd5618758c'), task_id='gate_3', dag_id='trade_backfill_pipeline', run_id='manual__2026-10-02T01:32:31.249756+00:00', try_number=1, dag_version_id=UUID('01a0f340-b3af-72cd-8aa4-d8e453a1915b'), map_index=-1, hostname='afe341678f81', context_carrier=None, queue='default', task=<Task(_PythonDecoratedOperator): gate_3>, max_tries=0, start_date=datetime.datetime(2026, 10, 2, 1, 37, 52, 258532, tzinfo=datetime.timezone.utc), end_date=None, state=<TaskInstanceState.RUNNING: 'running'>, is_mapped=False, rendered_map_index=None, sentry_integration='')
2026-10-02T01:38:00.745124Z [info     ] Task instance state updated    [airflow.api_fastapi.execution_api.routes.task_instances] correlation_id=01a0fa42-db65-7f8e-9c06-86a231bbf1a4 loc=task_instances.py:485 new_state=success rows_affected=1 ti_id=01a0fa3d-d50e-761b-9cc1-12cd5618758c
Task instance in success state
 Previous state of the Task instance: TaskInstanceState.RUNNING
Task operator:<Task(_PythonDecoratedOperator): gate_3>
2026-10-02T01:38:00.775887Z [info     ] ::endgroup::                   [task] loc=task_runner.py:2379
2026-10-02T01:38:00.791643Z [info     ] [DAG TEST] end task task_id=gate_3 map_index=-1 [airflow.sdk.definitions.dag] loc=dag.py:1563
2026-10-02T01:38:00.911377Z [info     ] [DAG TEST] starting task_id=publish_3 map_index=-1 [airflow.sdk.definitions.dag] loc=dag.py:1501
2026-10-02T01:38:00.911957Z [info     ] [DAG TEST] running task <TaskInstance: trade_backfill_pipeline.publish_3 manual__2026-10-02T01:32:31.249756+00:00 [TaskInstanceState.SCHEDULED] ti_id=01a0fa3d-d50f-720c-832f-2ffd0401b4f8> [airflow.sdk.definitions.dag] loc=dag.py:1504
2026-10-02T01:38:00.962878Z [info     ] Task started                   [airflow.api_fastapi.execution_api.routes.task_instances] correlation_id=01a0fa42-dc5f-7a52-9df9-8d6099f8e51d hostname=afe341678f81 loc=task_instances.py:226 previous_state=queued ti_id=01a0fa3d-d50f-720c-832f-2ffd0401b4f8
2026-10-02T01:38:00.969443Z [info     ] Task instance state updated    [airflow.api_fastapi.execution_api.routes.task_instances] correlation_id=01a0fa42-dc5f-7a52-9df9-8d6099f8e51d loc=task_instances.py:254 rows_affected=1 ti_id=01a0fa3d-d50f-720c-832f-2ffd0401b4f8
2026-10-02T01:38:01.087225Z [info     ] Updating RenderedTaskInstanceFields [airflow.api_fastapi.execution_api.routes.task_instances] correlation_id=01a0fa42-dce3-7ee6-ac18-abfb5329967b field_count=3 loc=task_instances.py:1017 ti_id=01a0fa3d-d50f-720c-832f-2ffd0401b4f8
Task instance is in running state
 Previous state of the Task instance: TaskInstanceState.QUEUED
Current task name:publish_3
Dag name:trade_backfill_pipeline
2026-10-02T01:38:01.135815Z [info     ] ::endgroup::                   [task] loc=task_runner.py:2232
{"step": "publish", "kind": null, "period": "202510", "run_id": "backfill-202510-d11457a125285818"}
{"jobs": [{"job_id": "9e3b8c77-8514-4310-aa29-a19d9b0bd78e", "result": "success"}, {"job_id": "56b17d6f-2430-43bf-8bf0-7e5a9672e500", "result": "success"}, {"job_id": "a93d9772-3414-40af-beb0-b36ce7a4c36b", "result": "success"}], "period": "202510", "run_id": "backfill-202510-d11457a125285818", "status": "published", "step": "publish"}

2026-10-02T01:38:12.390359Z [info     ] Done. Returned value was: {'jobs': [{'job_id': '9e3b8c77-8514-4310-aa29-a19d9b0bd78e', 'result': 'success'}, {'job_id': '56b17d6f-2430-43bf-8bf0-7e5a9672e500', 'result': 'success'}, {'job_id': 'a93d9772-3414-40af-beb0-b36ce7a4c36b', 'result': 'success'}], 'period': '202510', 'run_id': 'backfill-202510-d11457a125285818', 'status': 'published', 'step': 'publish'} [airflow.task.operators.airflow.providers.standard.decorators.python._PythonDecoratedOperator] loc=python.py:233
2026-10-02T01:38:12.390669Z [info     ] ::group::Post Execute          [task] loc=task_runner.py:1580
2026-10-02T01:38:12.390824Z [info     ] Pushing xcom                   [task] loc=task_runner.py:2280 ti=RuntimeTaskInstance(id=UUID('01a0fa3d-d50f-720c-832f-2ffd0401b4f8'), task_id='publish_3', dag_id='trade_backfill_pipeline', run_id='manual__2026-10-02T01:32:31.249756+00:00', try_number=1, dag_version_id=UUID('01a0f340-b3af-72cd-8aa4-d8e453a1915b'), map_index=-1, hostname='afe341678f81', context_carrier=None, queue='default', task=<Task(_PythonDecoratedOperator): publish_3>, max_tries=0, start_date=datetime.datetime(2026, 10, 2, 1, 38, 0, 926495, tzinfo=datetime.timezone.utc), end_date=None, state=<TaskInstanceState.RUNNING: 'running'>, is_mapped=False, rendered_map_index=None, sentry_integration='')
2026-10-02T01:38:12.440220Z [info     ] Task instance state updated    [airflow.api_fastapi.execution_api.routes.task_instances] correlation_id=01a0fa43-0951-7d26-b7e6-cabc2fb3c5d5 loc=task_instances.py:485 new_state=success rows_affected=1 ti_id=01a0fa3d-d50f-720c-832f-2ffd0401b4f8
Task instance in success state
 Previous state of the Task instance: TaskInstanceState.RUNNING
Task operator:<Task(_PythonDecoratedOperator): publish_3>
2026-10-02T01:38:12.442875Z [info     ] ::endgroup::                   [task] loc=task_runner.py:2379
2026-10-02T01:38:12.447103Z [info     ] [DAG TEST] end task task_id=publish_3 map_index=-1 [airflow.sdk.definitions.dag] loc=dag.py:1563
2026-10-02T01:38:12.450121Z [info     ] Marking run <DagRun trade_backfill_pipeline @ 2026-10-02 01:32:30.802448+00:00: manual__2026-10-02T01:32:31.249756+00:00, state:running, queued_at: None. run_type: manual> successful [airflow.models.dagrun.DagRun] loc=dagrun.py:1249
Dag run in success state
Dag run start:2026-10-02 01:32:30.802448+00:00 end:2026-10-02 01:38:12.450220+00:00
2026-10-02T01:38:12.451038Z [info     ] DagRun Finished: dag_id=trade_backfill_pipeline, logical_date=2026-10-02 01:32:30.802448+00:00, run_id=manual__2026-10-02T01:32:31.249756+00:00, run_start_date=2026-10-02 01:32:30.802448+00:00, run_end_date=2026-10-02 01:38:12.450220+00:00, run_duration=341.647772, state=success, run_type=manual, data_interval_start=2026-10-02 01:32:30.802448+00:00, data_interval_end=2026-10-02 01:32:30.802448+00:00, [airflow.models.dagrun.DagRun] loc=dagrun.py:1315
