2026-10-02T01:43:59.312203Z [info     ] DAG bundles loaded: dags-folder, example_dags, apache-airflow-providers-common-sql-example-dags, apache-airflow-providers-standard-example-dags [airflow.dag_processing.bundles.manager.DagBundlesManager] loc=manager.py:304
2026-10-02T01:43:59.317075Z [info     ] Filling up the DagBag from /opt/airflow/dags [airflow.dag_processing.dagbag.BundleDagBag] loc=dagbag.py:460
2026-10-02T01:43:59.353912Z [info     ] Bulk-writing dags to db        [airflow.serialization.definitions.dag] count=3 loc=dag.py:218
2026-10-02T01:43:59.362161Z [info     ] get next_dagrun_info_v2        [airflow.serialization.definitions.dag] last_automated_run_info=None loc=dag.py:453 next_info=None
2026-10-02T01:43:59.362274Z [info     ] setting next dagrun info       [airflow.models.dag] loc=dag.py:848 next_dagrun=None next_dagrun_create_after=None next_dagrun_data_interval_end=None next_dagrun_data_interval_start=None next_dagrun_partition_date=None next_dagrun_partition_key=None
2026-10-02T01:43:59.363312Z [info     ] get next_dagrun_info_v2        [airflow.serialization.definitions.dag] last_automated_run_info=None loc=dag.py:453 next_info=None
2026-10-02T01:43:59.363365Z [info     ] setting next dagrun info       [airflow.models.dag] loc=dag.py:848 next_dagrun=None next_dagrun_create_after=None next_dagrun_data_interval_end=None next_dagrun_data_interval_start=None next_dagrun_partition_date=None next_dagrun_partition_key=None
2026-10-02T01:43:59.369218Z [info     ] get next_dagrun_info_v2        [airflow.serialization.definitions.dag] last_automated_run_info=None loc=dag.py:453 next_info=DagRunInfo(run_after=DateTime(2026, 9, 30, 16, 0, 0, tzinfo=Timezone('UTC')), data_interval=DataInterval(start=DateTime(2026, 8, 31, 16, 0, 0, tzinfo=Timezone('UTC')), end=DateTime(2026, 9, 30, 16, 0, 0, tzinfo=Timezone('UTC'))), partition_date=None, partition_key=None)
2026-10-02T01:43:59.369301Z [info     ] setting next dagrun info       [airflow.models.dag] loc=dag.py:848 next_dagrun='2026-08-31 16:00:00+00:00' next_dagrun_create_after='2026-09-30 16:00:00+00:00' next_dagrun_data_interval_end='2026-09-30 16:00:00+00:00' next_dagrun_data_interval_start='2026-08-31 16:00:00+00:00' next_dagrun_partition_date=None next_dagrun_partition_key=None
2026-10-02T01:43:59.764022Z [info     ] DAG bundles loaded: dags-folder, example_dags, apache-airflow-providers-common-sql-example-dags, apache-airflow-providers-standard-example-dags [airflow.dag_processing.bundles.manager.DagBundlesManager] loc=manager.py:304
2026-10-02T01:43:59.766807Z [info     ] Filling up the DagBag from /opt/airflow/dags [airflow.dag_processing.dagbag.BundleDagBag] loc=dagbag.py:460
2026-10-02T01:43:59.787996Z [info     ] Bulk-writing dags to db        [airflow.serialization.definitions.dag] count=3 loc=dag.py:218
2026-10-02T01:43:59.789986Z [info     ] get next_dagrun_info_v2        [airflow.serialization.definitions.dag] last_automated_run_info=None loc=dag.py:453 next_info=None
2026-10-02T01:43:59.790038Z [info     ] setting next dagrun info       [airflow.models.dag] loc=dag.py:848 next_dagrun=None next_dagrun_create_after=None next_dagrun_data_interval_end=None next_dagrun_data_interval_start=None next_dagrun_partition_date=None next_dagrun_partition_key=None
2026-10-02T01:43:59.791042Z [info     ] get next_dagrun_info_v2        [airflow.serialization.definitions.dag] last_automated_run_info=None loc=dag.py:453 next_info=None
2026-10-02T01:43:59.791083Z [info     ] setting next dagrun info       [airflow.models.dag] loc=dag.py:848 next_dagrun=None next_dagrun_create_after=None next_dagrun_data_interval_end=None next_dagrun_data_interval_start=None next_dagrun_partition_date=None next_dagrun_partition_key=None
2026-10-02T01:43:59.794667Z [info     ] get next_dagrun_info_v2        [airflow.serialization.definitions.dag] last_automated_run_info=None loc=dag.py:453 next_info=DagRunInfo(run_after=DateTime(2026, 9, 30, 16, 0, 0, tzinfo=Timezone('UTC')), data_interval=DataInterval(start=DateTime(2026, 8, 31, 16, 0, 0, tzinfo=Timezone('UTC')), end=DateTime(2026, 9, 30, 16, 0, 0, tzinfo=Timezone('UTC'))), partition_date=None, partition_key=None)
2026-10-02T01:43:59.794744Z [info     ] setting next dagrun info       [airflow.models.dag] loc=dag.py:848 next_dagrun='2026-08-31 16:00:00+00:00' next_dagrun_create_after='2026-09-30 16:00:00+00:00' next_dagrun_data_interval_end='2026-09-30 16:00:00+00:00' next_dagrun_data_interval_start='2026-08-31 16:00:00+00:00' next_dagrun_partition_date=None next_dagrun_partition_key=None
2026-10-02T01:43:59.817098Z [info     ] creating dag run               [airflow.serialization.definitions.dag] loc=dag.py:615 logical_date=DateTime(2026, 10, 2, 1, 43, 59, 311688, tzinfo=Timezone('UTC')) partition_key=None run_after=DateTime(2026, 10, 2, 1, 43, 59, 763749, tzinfo=Timezone('UTC')) run_id=manual__2026-10-02T01:43:59.763749+00:00
2026-10-02T01:43:59.847296Z [info     ] Created dag run.               [airflow.models.dagrun] dagrun=<DagRun trade_backfill_pipeline @ 2026-10-02 01:43:59.311688+00:00: manual__2026-10-02T01:43:59.763749+00:00, state:running, queued_at: None. run_type: manual> loc=dagrun.py:2464
2026-10-02T01:43:59.861015Z [info     ] [DAG TEST] starting task_id=preflight map_index=-1 [airflow.sdk.definitions.dag] loc=dag.py:1501
2026-10-02T01:43:59.861319Z [info     ] [DAG TEST] running task <TaskInstance: trade_backfill_pipeline.preflight manual__2026-10-02T01:43:59.763749+00:00 [TaskInstanceState.SCHEDULED] ti_id=01a0fa48-566d-757d-a8f8-ef6a7b4aca60> [airflow.sdk.definitions.dag] loc=dag.py:1504
2026-10-02T01:44:01.534735Z [info     ] Task started                   [airflow.api_fastapi.execution_api.routes.task_instances] correlation_id=01a0fa48-577d-7f85-8b1e-883c1e2c99c3 hostname=afe341678f81 loc=task_instances.py:226 previous_state=queued ti_id=01a0fa48-566d-757d-a8f8-ef6a7b4aca60
2026-10-02T01:44:01.536068Z [info     ] Task instance state updated    [airflow.api_fastapi.execution_api.routes.task_instances] correlation_id=01a0fa48-577d-7f85-8b1e-883c1e2c99c3 loc=task_instances.py:254 rows_affected=1 ti_id=01a0fa48-566d-757d-a8f8-ef6a7b4aca60
2026-10-02T01:44:01.548132Z [info     ] Updating RenderedTaskInstanceFields [airflow.api_fastapi.execution_api.routes.task_instances] correlation_id=01a0fa48-5d09-7a7d-b87b-6ede029503cd field_count=3 loc=task_instances.py:1017 ti_id=01a0fa48-566d-757d-a8f8-ef6a7b4aca60
Task instance is in running state
 Previous state of the Task instance: TaskInstanceState.QUEUED
Current task name:preflight
Dag name:trade_backfill_pipeline
2026-10-02T01:44:01.553910Z [info     ] ::endgroup::                   [task] loc=task_runner.py:2232
{"dag_run_id": "manual__2026-10-02T01:43:59.763749+00:00", "items": [{"period": "202602", "revisions": {"partner_detail": 1, "world_total": 1}, "run_id": "backfill-202602-8f2b32796c924f65", "sources": {"partner_detail": true, "world_total": true}, "status": "ready"}, {"period": "202603", "revisions": {"partner_detail": 1, "world_total": 1}, "run_id": "backfill-202603-8f2b32796c924f65", "sources": {"partner_detail": true, "world_total": true}, "status": "ready"}, {"period": "202604", "revisions": {"partner_detail": 1, "world_total": 1}, "run_id": "backfill-202604-8f2b32796c924f65", "sources": {"partner_detail": true, "world_total": true}, "status": "ready"}]}

2026-10-02T01:44:15.419295Z [info     ] Done. Returned value was: {'dag_run_id': 'manual__2026-10-02T01:43:59.763749+00:00', 'items': [{'period': '202602', 'revisions': {'partner_detail': 1, 'world_total': 1}, 'run_id': 'backfill-202602-8f2b32796c924f65', 'sources': {'partner_detail': True, 'world_total': True}, 'status': 'ready'}, {'period': '202603', 'revisions': {'partner_detail': 1, 'world_total': 1}, 'run_id': 'backfill-202603-8f2b32796c924f65', 'sources': {'partner_detail': True, 'world_total': True}, 'status': 'ready'}, {'period': '202604', 'revisions': {'partner_detail': 1, 'world_total': 1}, 'run_id': 'backfill-202604-8f2b32796c924f65', 'sources': {'partner_detail': True, 'world_total': True}, 'status': 'ready'}]} [airflow.task.operators.airflow.providers.standard.decorators.python._PythonDecoratedOperator] loc=python.py:233
2026-10-02T01:44:15.419637Z [info     ] ::group::Post Execute          [task] loc=task_runner.py:1580
2026-10-02T01:44:15.419897Z [info     ] Pushing xcom                   [task] loc=task_runner.py:2280 ti=RuntimeTaskInstance(id=UUID('01a0fa48-566d-757d-a8f8-ef6a7b4aca60'), task_id='preflight', dag_id='trade_backfill_pipeline', run_id='manual__2026-10-02T01:43:59.763749+00:00', try_number=1, dag_version_id=UUID('01a0f340-b3af-72cd-8aa4-d8e453a1915b'), map_index=-1, hostname='afe341678f81', context_carrier=None, queue='default', task=<Task(_PythonDecoratedOperator): preflight>, max_tries=3, start_date=datetime.datetime(2026, 10, 2, 1, 44, 0, 125337, tzinfo=datetime.timezone.utc), end_date=None, state=<TaskInstanceState.RUNNING: 'running'>, is_mapped=False, rendered_map_index=None, sentry_integration='')
2026-10-02T01:44:15.645755Z [info     ] Task instance state updated    [airflow.api_fastapi.execution_api.routes.task_instances] correlation_id=01a0fa48-9351-79a8-9f07-ca0acef8a5d0 loc=task_instances.py:485 new_state=success rows_affected=1 ti_id=01a0fa48-566d-757d-a8f8-ef6a7b4aca60
Task instance in success state
 Previous state of the Task instance: TaskInstanceState.RUNNING
Task operator:<Task(_PythonDecoratedOperator): preflight>
2026-10-02T01:44:15.649504Z [info     ] ::endgroup::                   [task] loc=task_runner.py:2379
2026-10-02T01:44:15.655635Z [info     ] [DAG TEST] end task task_id=preflight map_index=-1 [airflow.sdk.definitions.dag] loc=dag.py:1563
2026-10-02T01:44:15.666590Z [info     ] [DAG TEST] starting task_id=select_month map_index=-1 [airflow.sdk.definitions.dag] loc=dag.py:1501
2026-10-02T01:44:15.666672Z [info     ] [DAG TEST] running task <TaskInstance: trade_backfill_pipeline.select_month manual__2026-10-02T01:43:59.763749+00:00 [TaskInstanceState.SCHEDULED] ti_id=01a0fa48-566e-7112-87e9-a9b4b6adabe9> [airflow.sdk.definitions.dag] loc=dag.py:1504
2026-10-02T01:44:15.672641Z [info     ] Task started                   [airflow.api_fastapi.execution_api.routes.task_instances] correlation_id=01a0fa48-9434-76dc-bdd1-15891587e898 hostname=afe341678f81 loc=task_instances.py:226 previous_state=queued ti_id=01a0fa48-566e-7112-87e9-a9b4b6adabe9
2026-10-02T01:44:15.673357Z [info     ] Task instance state updated    [airflow.api_fastapi.execution_api.routes.task_instances] correlation_id=01a0fa48-9434-76dc-bdd1-15891587e898 loc=task_instances.py:254 rows_affected=1 ti_id=01a0fa48-566e-7112-87e9-a9b4b6adabe9
2026-10-02T01:44:15.691352Z [info     ] Updating RenderedTaskInstanceFields [airflow.api_fastapi.execution_api.routes.task_instances] correlation_id=01a0fa48-9446-7d1c-b05b-c66506317744 field_count=3 loc=task_instances.py:1017 ti_id=01a0fa48-566e-7112-87e9-a9b4b6adabe9
Task instance is in running state
 Previous state of the Task instance: TaskInstanceState.QUEUED
Current task name:select_month
Dag name:trade_backfill_pipeline
2026-10-02T01:44:15.696549Z [info     ] ::endgroup::                   [task] loc=task_runner.py:2232
2026-10-02T01:44:15.696759Z [info     ] Done. Returned value was: {'period': '202602', 'run_id': 'backfill-202602-8f2b32796c924f65', 'status': 'ready', 'sources': {'world_total': True, 'partner_detail': True}, 'revisions': {'world_total': 1, 'partner_detail': 1}} [airflow.task.operators.airflow.providers.standard.decorators.python._PythonDecoratedOperator] loc=python.py:233
2026-10-02T01:44:15.696804Z [info     ] ::group::Post Execute          [task] loc=task_runner.py:1580
2026-10-02T01:44:15.697043Z [info     ] Pushing xcom                   [task] loc=task_runner.py:2280 ti=RuntimeTaskInstance(id=UUID('01a0fa48-566e-7112-87e9-a9b4b6adabe9'), task_id='select_month', dag_id='trade_backfill_pipeline', run_id='manual__2026-10-02T01:43:59.763749+00:00', try_number=1, dag_version_id=UUID('01a0f340-b3af-72cd-8aa4-d8e453a1915b'), map_index=-1, hostname='afe341678f81', context_carrier=None, queue='default', task=<Task(_PythonDecoratedOperator): select_month>, max_tries=0, start_date=datetime.datetime(2026, 10, 2, 1, 44, 15, 667909, tzinfo=datetime.timezone.utc), end_date=None, state=<TaskInstanceState.RUNNING: 'running'>, is_mapped=False, rendered_map_index=None, sentry_integration='')
2026-10-02T01:44:15.741081Z [info     ] Task instance state updated    [airflow.api_fastapi.execution_api.routes.task_instances] correlation_id=01a0fa48-9477-76e5-b647-1a286325af5b loc=task_instances.py:485 new_state=success rows_affected=1 ti_id=01a0fa48-566e-7112-87e9-a9b4b6adabe9
Task instance in success state
 Previous state of the Task instance: TaskInstanceState.RUNNING
Task operator:<Task(_PythonDecoratedOperator): select_month>
2026-10-02T01:44:15.743246Z [info     ] ::endgroup::                   [task] loc=task_runner.py:2379
2026-10-02T01:44:15.745821Z [info     ] [DAG TEST] end task task_id=select_month map_index=-1 [airflow.sdk.definitions.dag] loc=dag.py:1563
2026-10-02T01:44:15.755242Z [info     ] [DAG TEST] starting task_id=ingest_detail map_index=-1 [airflow.sdk.definitions.dag] loc=dag.py:1501
2026-10-02T01:44:15.755334Z [info     ] [DAG TEST] running task <TaskInstance: trade_backfill_pipeline.ingest_detail manual__2026-10-02T01:43:59.763749+00:00 [TaskInstanceState.SCHEDULED] ti_id=01a0fa48-566f-7e98-883a-587ed77813ae> [airflow.sdk.definitions.dag] loc=dag.py:1504
2026-10-02T01:44:15.764014Z [info     ] Task started                   [airflow.api_fastapi.execution_api.routes.task_instances] correlation_id=01a0fa48-948c-7b11-ae5a-ba7cfa54f94b hostname=afe341678f81 loc=task_instances.py:226 previous_state=queued ti_id=01a0fa48-566f-7e98-883a-587ed77813ae
2026-10-02T01:44:15.765088Z [info     ] Task instance state updated    [airflow.api_fastapi.execution_api.routes.task_instances] correlation_id=01a0fa48-948c-7b11-ae5a-ba7cfa54f94b loc=task_instances.py:254 rows_affected=1 ti_id=01a0fa48-566f-7e98-883a-587ed77813ae
2026-10-02T01:44:15.780681Z [info     ] Updating RenderedTaskInstanceFields [airflow.api_fastapi.execution_api.routes.task_instances] correlation_id=01a0fa48-94a2-7eee-a6b8-ca3945c73d1a field_count=3 loc=task_instances.py:1017 ti_id=01a0fa48-566f-7e98-883a-587ed77813ae
Task instance is in running state
 Previous state of the Task instance: TaskInstanceState.QUEUED
Current task name:ingest_detail
Dag name:trade_backfill_pipeline
2026-10-02T01:44:15.784821Z [info     ] ::endgroup::                   [task] loc=task_runner.py:2232
{"step": "ingest", "kind": "partner_detail", "period": "202602", "run_id": "backfill-202602-8f2b32796c924f65"}
{"checksum": "sha256:8bbbd0529d2a365c146166ab1d3fd24079a4e9bf1276112033f8d380944332ec", "data_uri": "s3://trade-analytics-prod-816079797958-ap-northeast-1-an/un_comtrade/v2/hs_version=H6/cmd_code=8542/period=202602/query_type=partner_detail/revision=1/data.ndjson", "kind": "partner_detail", "manifest_uri": "s3://trade-analytics-prod-816079797958-ap-northeast-1-an/un_comtrade/v2/hs_version=H6/cmd_code=8542/period=202602/query_type=partner_detail/revision=1/manifest.json", "period": "202602", "revision": 1, "row_count": 65, "run_id": "backfill-202602-8f2b32796c924f65", "status": "success", "step": "ingest"}

2026-10-02T01:44:19.802832Z [info     ] Done. Returned value was: {'checksum': 'sha256:8bbbd0529d2a365c146166ab1d3fd24079a4e9bf1276112033f8d380944332ec', 'data_uri': 's3://trade-analytics-prod-816079797958-ap-northeast-1-an/un_comtrade/v2/hs_version=H6/cmd_code=8542/period=202602/query_type=partner_detail/revision=1/data.ndjson', 'kind': 'partner_detail', 'manifest_uri': 's3://trade-analytics-prod-816079797958-ap-northeast-1-an/un_comtrade/v2/hs_version=H6/cmd_code=8542/period=202602/query_type=partner_detail/revision=1/manifest.json', 'period': '202602', 'revision': 1, 'row_count': 65, 'run_id': 'backfill-202602-8f2b32796c924f65', 'status': 'success', 'step': 'ingest'} [airflow.task.operators.airflow.providers.standard.decorators.python._PythonDecoratedOperator] loc=python.py:233
2026-10-02T01:44:19.803147Z [info     ] ::group::Post Execute          [task] loc=task_runner.py:1580
2026-10-02T01:44:19.803354Z [info     ] Pushing xcom                   [task] loc=task_runner.py:2280 ti=RuntimeTaskInstance(id=UUID('01a0fa48-566f-7e98-883a-587ed77813ae'), task_id='ingest_detail', dag_id='trade_backfill_pipeline', run_id='manual__2026-10-02T01:43:59.763749+00:00', try_number=1, dag_version_id=UUID('01a0f340-b3af-72cd-8aa4-d8e453a1915b'), map_index=-1, hostname='afe341678f81', context_carrier=None, queue='default', task=<Task(_PythonDecoratedOperator): ingest_detail>, max_tries=3, start_date=datetime.datetime(2026, 10, 2, 1, 44, 15, 756517, tzinfo=datetime.timezone.utc), end_date=None, state=<TaskInstanceState.RUNNING: 'running'>, is_mapped=False, rendered_map_index=None, sentry_integration='')
2026-10-02T01:44:19.870122Z [info     ] Task instance state updated    [airflow.api_fastapi.execution_api.routes.task_instances] correlation_id=01a0fa48-a497-78d8-9d63-89f8b3be7d35 loc=task_instances.py:485 new_state=success rows_affected=1 ti_id=01a0fa48-566f-7e98-883a-587ed77813ae
Task instance in success state
 Previous state of the Task instance: TaskInstanceState.RUNNING
Task operator:<Task(_PythonDecoratedOperator): ingest_detail>
2026-10-02T01:44:19.873501Z [info     ] ::endgroup::                   [task] loc=task_runner.py:2379
2026-10-02T01:44:19.877472Z [info     ] [DAG TEST] end task task_id=ingest_detail map_index=-1 [airflow.sdk.definitions.dag] loc=dag.py:1563
2026-10-02T01:44:19.877575Z [info     ] [DAG TEST] starting task_id=ingest_world map_index=-1 [airflow.sdk.definitions.dag] loc=dag.py:1501
2026-10-02T01:44:19.877611Z [info     ] [DAG TEST] running task <TaskInstance: trade_backfill_pipeline.ingest_world manual__2026-10-02T01:43:59.763749+00:00 [TaskInstanceState.SCHEDULED] ti_id=01a0fa48-5670-78ed-bc11-fa30bf3c91a4> [airflow.sdk.definitions.dag] loc=dag.py:1504
2026-10-02T01:44:19.885124Z [info     ] Task started                   [airflow.api_fastapi.execution_api.routes.task_instances] correlation_id=01a0fa48-a4a8-74d0-9233-2d0fbc0fff85 hostname=afe341678f81 loc=task_instances.py:226 previous_state=queued ti_id=01a0fa48-5670-78ed-bc11-fa30bf3c91a4
2026-10-02T01:44:19.885915Z [info     ] Task instance state updated    [airflow.api_fastapi.execution_api.routes.task_instances] correlation_id=01a0fa48-a4a8-74d0-9233-2d0fbc0fff85 loc=task_instances.py:254 rows_affected=1 ti_id=01a0fa48-5670-78ed-bc11-fa30bf3c91a4
2026-10-02T01:44:19.899380Z [info     ] Updating RenderedTaskInstanceFields [airflow.api_fastapi.execution_api.routes.task_instances] correlation_id=01a0fa48-a4b9-7b64-87d4-39d77491ff1f field_count=3 loc=task_instances.py:1017 ti_id=01a0fa48-5670-78ed-bc11-fa30bf3c91a4
Task instance is in running state
 Previous state of the Task instance: TaskInstanceState.QUEUED
Current task name:ingest_world
Dag name:trade_backfill_pipeline
2026-10-02T01:44:19.904144Z [info     ] ::endgroup::                   [task] loc=task_runner.py:2232
{"step": "ingest", "kind": "world_total", "period": "202602", "run_id": "backfill-202602-8f2b32796c924f65"}
{"checksum": "sha256:9206a27f1aa1360e40c41c543cef7a65cb5aabfa56ee229e6f8cf455fd1219a5", "data_uri": "s3://trade-analytics-prod-816079797958-ap-northeast-1-an/un_comtrade/v2/hs_version=H6/cmd_code=8542/period=202602/query_type=world_total/revision=1/data.ndjson", "kind": "world_total", "manifest_uri": "s3://trade-analytics-prod-816079797958-ap-northeast-1-an/un_comtrade/v2/hs_version=H6/cmd_code=8542/period=202602/query_type=world_total/revision=1/manifest.json", "period": "202602", "revision": 1, "row_count": 1, "run_id": "backfill-202602-8f2b32796c924f65", "status": "success", "step": "ingest"}

2026-10-02T01:44:22.886445Z [info     ] Done. Returned value was: {'checksum': 'sha256:9206a27f1aa1360e40c41c543cef7a65cb5aabfa56ee229e6f8cf455fd1219a5', 'data_uri': 's3://trade-analytics-prod-816079797958-ap-northeast-1-an/un_comtrade/v2/hs_version=H6/cmd_code=8542/period=202602/query_type=world_total/revision=1/data.ndjson', 'kind': 'world_total', 'manifest_uri': 's3://trade-analytics-prod-816079797958-ap-northeast-1-an/un_comtrade/v2/hs_version=H6/cmd_code=8542/period=202602/query_type=world_total/revision=1/manifest.json', 'period': '202602', 'revision': 1, 'row_count': 1, 'run_id': 'backfill-202602-8f2b32796c924f65', 'status': 'success', 'step': 'ingest'} [airflow.task.operators.airflow.providers.standard.decorators.python._PythonDecoratedOperator] loc=python.py:233
2026-10-02T01:44:22.886620Z [info     ] ::group::Post Execute          [task] loc=task_runner.py:1580
2026-10-02T01:44:22.886761Z [info     ] Pushing xcom                   [task] loc=task_runner.py:2280 ti=RuntimeTaskInstance(id=UUID('01a0fa48-5670-78ed-bc11-fa30bf3c91a4'), task_id='ingest_world', dag_id='trade_backfill_pipeline', run_id='manual__2026-10-02T01:43:59.763749+00:00', try_number=1, dag_version_id=UUID('01a0f340-b3af-72cd-8aa4-d8e453a1915b'), map_index=-1, hostname='afe341678f81', context_carrier=None, queue='default', task=<Task(_PythonDecoratedOperator): ingest_world>, max_tries=3, start_date=datetime.datetime(2026, 10, 2, 1, 44, 19, 880390, tzinfo=datetime.timezone.utc), end_date=None, state=<TaskInstanceState.RUNNING: 'running'>, is_mapped=False, rendered_map_index=None, sentry_integration='')
2026-10-02T01:44:22.937845Z [info     ] Task instance state updated    [airflow.api_fastapi.execution_api.routes.task_instances] correlation_id=01a0fa48-b095-7947-bea6-807dc249a6fe loc=task_instances.py:485 new_state=success rows_affected=1 ti_id=01a0fa48-5670-78ed-bc11-fa30bf3c91a4
Task instance in success state
 Previous state of the Task instance: TaskInstanceState.RUNNING
Task operator:<Task(_PythonDecoratedOperator): ingest_world>
2026-10-02T01:44:22.939848Z [info     ] ::endgroup::                   [task] loc=task_runner.py:2379
2026-10-02T01:44:22.942628Z [info     ] [DAG TEST] end task task_id=ingest_world map_index=-1 [airflow.sdk.definitions.dag] loc=dag.py:1563
2026-10-02T01:44:22.951726Z [info     ] [DAG TEST] starting task_id=load_detail map_index=-1 [airflow.sdk.definitions.dag] loc=dag.py:1501
2026-10-02T01:44:22.951787Z [info     ] [DAG TEST] running task <TaskInstance: trade_backfill_pipeline.load_detail manual__2026-10-02T01:43:59.763749+00:00 [TaskInstanceState.SCHEDULED] ti_id=01a0fa48-5671-7d01-9977-03ce6c78cebe> [airflow.sdk.definitions.dag] loc=dag.py:1504
2026-10-02T01:44:22.956749Z [info     ] Task started                   [airflow.api_fastapi.execution_api.routes.task_instances] correlation_id=01a0fa48-b0a8-7340-90e8-c01204525382 hostname=afe341678f81 loc=task_instances.py:226 previous_state=queued ti_id=01a0fa48-5671-7d01-9977-03ce6c78cebe
2026-10-02T01:44:22.957354Z [info     ] Task instance state updated    [airflow.api_fastapi.execution_api.routes.task_instances] correlation_id=01a0fa48-b0a8-7340-90e8-c01204525382 loc=task_instances.py:254 rows_affected=1 ti_id=01a0fa48-5671-7d01-9977-03ce6c78cebe
2026-10-02T01:44:22.968089Z [info     ] Updating RenderedTaskInstanceFields [airflow.api_fastapi.execution_api.routes.task_instances] correlation_id=01a0fa48-b0b6-77e9-9934-b06f15f70b2a field_count=3 loc=task_instances.py:1017 ti_id=01a0fa48-5671-7d01-9977-03ce6c78cebe
Task instance is in running state
 Previous state of the Task instance: TaskInstanceState.QUEUED
Current task name:load_detail
Dag name:trade_backfill_pipeline
2026-10-02T01:44:22.971448Z [info     ] ::endgroup::                   [task] loc=task_runner.py:2232
{"step": "load", "kind": "partner_detail", "period": "202602", "run_id": "backfill-202602-8f2b32796c924f65"}
{"jobs": [{"job_id": "day11_835a00ebe4a1436f8cad273b44389d1e", "status": "success"}, {"job_id": "day11_103e966c73fc4de99ad25c35597fac62", "status": "success"}, {"job_id": "day11_aaa87a7a575f4f46bf9580d11f866501", "status": "success"}, {"job_id": "day11_dca890b20dd143fdb11c6547f6fd3587", "status": "success"}], "kind": "partner_detail", "period": "202602", "revision": 1, "rows": 65, "status": "success", "step": "load"}

2026-10-02T01:44:36.445320Z [info     ] Done. Returned value was: {'jobs': [{'job_id': 'day11_835a00ebe4a1436f8cad273b44389d1e', 'status': 'success'}, {'job_id': 'day11_103e966c73fc4de99ad25c35597fac62', 'status': 'success'}, {'job_id': 'day11_aaa87a7a575f4f46bf9580d11f866501', 'status': 'success'}, {'job_id': 'day11_dca890b20dd143fdb11c6547f6fd3587', 'status': 'success'}], 'kind': 'partner_detail', 'period': '202602', 'revision': 1, 'rows': 65, 'status': 'success', 'step': 'load'} [airflow.task.operators.airflow.providers.standard.decorators.python._PythonDecoratedOperator] loc=python.py:233
2026-10-02T01:44:36.445884Z [info     ] ::group::Post Execute          [task] loc=task_runner.py:1580
2026-10-02T01:44:36.446147Z [info     ] Pushing xcom                   [task] loc=task_runner.py:2280 ti=RuntimeTaskInstance(id=UUID('01a0fa48-5671-7d01-9977-03ce6c78cebe'), task_id='load_detail', dag_id='trade_backfill_pipeline', run_id='manual__2026-10-02T01:43:59.763749+00:00', try_number=1, dag_version_id=UUID('01a0f340-b3af-72cd-8aa4-d8e453a1915b'), map_index=-1, hostname='afe341678f81', context_carrier=None, queue='default', task=<Task(_PythonDecoratedOperator): load_detail>, max_tries=3, start_date=datetime.datetime(2026, 10, 2, 1, 44, 22, 952680, tzinfo=datetime.timezone.utc), end_date=None, state=<TaskInstanceState.RUNNING: 'running'>, is_mapped=False, rendered_map_index=None, sentry_integration='')
2026-10-02T01:44:36.488522Z [info     ] Task instance state updated    [airflow.api_fastapi.execution_api.routes.task_instances] correlation_id=01a0fa48-e582-7e65-8f8e-fbce96b46216 loc=task_instances.py:485 new_state=success rows_affected=1 ti_id=01a0fa48-5671-7d01-9977-03ce6c78cebe
Task instance in success state
 Previous state of the Task instance: TaskInstanceState.RUNNING
Task operator:<Task(_PythonDecoratedOperator): load_detail>
2026-10-02T01:44:36.491172Z [info     ] ::endgroup::                   [task] loc=task_runner.py:2379
2026-10-02T01:44:36.494872Z [info     ] [DAG TEST] end task task_id=load_detail map_index=-1 [airflow.sdk.definitions.dag] loc=dag.py:1563
2026-10-02T01:44:36.494991Z [info     ] [DAG TEST] starting task_id=load_world map_index=-1 [airflow.sdk.definitions.dag] loc=dag.py:1501
2026-10-02T01:44:36.495037Z [info     ] [DAG TEST] running task <TaskInstance: trade_backfill_pipeline.load_world manual__2026-10-02T01:43:59.763749+00:00 [TaskInstanceState.SCHEDULED] ti_id=01a0fa48-5672-7920-b831-25af62ec0f48> [airflow.sdk.definitions.dag] loc=dag.py:1504
2026-10-02T01:44:36.502435Z [info     ] Task started                   [airflow.api_fastapi.execution_api.routes.task_instances] correlation_id=01a0fa48-e591-7a18-95e8-0c6fcf414d67 hostname=afe341678f81 loc=task_instances.py:226 previous_state=queued ti_id=01a0fa48-5672-7920-b831-25af62ec0f48
2026-10-02T01:44:36.503105Z [info     ] Task instance state updated    [airflow.api_fastapi.execution_api.routes.task_instances] correlation_id=01a0fa48-e591-7a18-95e8-0c6fcf414d67 loc=task_instances.py:254 rows_affected=1 ti_id=01a0fa48-5672-7920-b831-25af62ec0f48
2026-10-02T01:44:36.514534Z [info     ] Updating RenderedTaskInstanceFields [airflow.api_fastapi.execution_api.routes.task_instances] correlation_id=01a0fa48-e5a0-7be7-9c31-c1b77e7214cf field_count=3 loc=task_instances.py:1017 ti_id=01a0fa48-5672-7920-b831-25af62ec0f48
Task instance is in running state
 Previous state of the Task instance: TaskInstanceState.QUEUED
Current task name:load_world
Dag name:trade_backfill_pipeline
2026-10-02T01:44:36.518388Z [info     ] ::endgroup::                   [task] loc=task_runner.py:2232
{"step": "load", "kind": "world_total", "period": "202602", "run_id": "backfill-202602-8f2b32796c924f65"}
{"jobs": [{"job_id": "day11_4287f762ecb042b1936ec6154c59fa48", "status": "success"}, {"job_id": "day11_56582969f24a4dd1bbf97258340b19e7", "status": "success"}, {"job_id": "day11_236fbc8180dd42dc9e55d095cc40d2a4", "status": "success"}, {"job_id": "day11_b0c90c73d7e84bf982cad77fab61e38c", "status": "success"}], "kind": "world_total", "period": "202602", "revision": 1, "rows": 1, "status": "success", "step": "load"}

2026-10-02T01:44:49.208946Z [info     ] Done. Returned value was: {'jobs': [{'job_id': 'day11_4287f762ecb042b1936ec6154c59fa48', 'status': 'success'}, {'job_id': 'day11_56582969f24a4dd1bbf97258340b19e7', 'status': 'success'}, {'job_id': 'day11_236fbc8180dd42dc9e55d095cc40d2a4', 'status': 'success'}, {'job_id': 'day11_b0c90c73d7e84bf982cad77fab61e38c', 'status': 'success'}], 'kind': 'world_total', 'period': '202602', 'revision': 1, 'rows': 1, 'status': 'success', 'step': 'load'} [airflow.task.operators.airflow.providers.standard.decorators.python._PythonDecoratedOperator] loc=python.py:233
2026-10-02T01:44:49.209746Z [info     ] ::group::Post Execute          [task] loc=task_runner.py:1580
2026-10-02T01:44:49.210155Z [info     ] Pushing xcom                   [task] loc=task_runner.py:2280 ti=RuntimeTaskInstance(id=UUID('01a0fa48-5672-7920-b831-25af62ec0f48'), task_id='load_world', dag_id='trade_backfill_pipeline', run_id='manual__2026-10-02T01:43:59.763749+00:00', try_number=1, dag_version_id=UUID('01a0f340-b3af-72cd-8aa4-d8e453a1915b'), map_index=-1, hostname='afe341678f81', context_carrier=None, queue='default', task=<Task(_PythonDecoratedOperator): load_world>, max_tries=3, start_date=datetime.datetime(2026, 10, 2, 1, 44, 36, 497534, tzinfo=datetime.timezone.utc), end_date=None, state=<TaskInstanceState.RUNNING: 'running'>, is_mapped=False, rendered_map_index=None, sentry_integration='')
2026-10-02T01:44:49.270209Z [info     ] Task instance state updated    [airflow.api_fastapi.execution_api.routes.task_instances] correlation_id=01a0fa49-176e-7a52-9c1b-0164e589421e loc=task_instances.py:485 new_state=success rows_affected=1 ti_id=01a0fa48-5672-7920-b831-25af62ec0f48
Task instance in success state
 Previous state of the Task instance: TaskInstanceState.RUNNING
Task operator:<Task(_PythonDecoratedOperator): load_world>
2026-10-02T01:44:49.273683Z [info     ] ::endgroup::                   [task] loc=task_runner.py:2379
2026-10-02T01:44:49.279007Z [info     ] [DAG TEST] end task task_id=load_world map_index=-1 [airflow.sdk.definitions.dag] loc=dag.py:1563
2026-10-02T01:44:49.289572Z [info     ] [DAG TEST] starting task_id=attest map_index=-1 [airflow.sdk.definitions.dag] loc=dag.py:1501
2026-10-02T01:44:49.289645Z [info     ] [DAG TEST] running task <TaskInstance: trade_backfill_pipeline.attest manual__2026-10-02T01:43:59.763749+00:00 [TaskInstanceState.SCHEDULED] ti_id=01a0fa48-5673-79bf-810e-3fed6fa9ca03> [airflow.sdk.definitions.dag] loc=dag.py:1504
2026-10-02T01:44:49.295338Z [info     ] Task started                   [airflow.api_fastapi.execution_api.routes.task_instances] correlation_id=01a0fa49-178b-79aa-95df-e5b7e1e33682 hostname=afe341678f81 loc=task_instances.py:226 previous_state=queued ti_id=01a0fa48-5673-79bf-810e-3fed6fa9ca03
2026-10-02T01:44:49.296006Z [info     ] Task instance state updated    [airflow.api_fastapi.execution_api.routes.task_instances] correlation_id=01a0fa49-178b-79aa-95df-e5b7e1e33682 loc=task_instances.py:254 rows_affected=1 ti_id=01a0fa48-5673-79bf-810e-3fed6fa9ca03
2026-10-02T01:44:49.308997Z [info     ] Updating RenderedTaskInstanceFields [airflow.api_fastapi.execution_api.routes.task_instances] correlation_id=01a0fa49-179a-7e08-af33-e92d9a19e36b field_count=3 loc=task_instances.py:1017 ti_id=01a0fa48-5673-79bf-810e-3fed6fa9ca03
Task instance is in running state
 Previous state of the Task instance: TaskInstanceState.QUEUED
Current task name:attest
Dag name:trade_backfill_pipeline
2026-10-02T01:44:49.313276Z [info     ] ::endgroup::                   [task] loc=task_runner.py:2232
{"step": "attest", "kind": null, "period": "202602", "run_id": "backfill-202602-8f2b32796c924f65"}
{"jobs": [{"job_id": "0dbb6513-8cd1-4f3f-9e3d-910c61016fcd", "result": "success"}, {"job_id": "0502a7cb-4729-49f2-b3e3-76cb40631673", "result": "success"}, {"job_id": "7ead1ce7-3591-4753-be77-ccba68a2a861", "result": "success"}, {"job_id": "c68d9e40-2f74-420d-84e5-11c6e83e07d9", "result": "success"}, {"job_id": "0650f0c7-1165-4501-8ce1-620ca164904a", "result": "success"}, {"job_id": "31c35fe6-5cc0-4f00-875e-76148266da67", "result": "success"}], "period": "202602", "sources": [{"checksum": "sha256:8bbbd0529d2a365c146166ab1d3fd24079a4e9bf1276112033f8d380944332ec", "query_type": "partner_detail", "revision": 1, "snapshot_hash": "621f9b6e0de523776045b88cffba640b53af6e9c799bd2bfaea02dd4e0cfc9a6", "source_file": "s3://trade-analytics-prod-816079797958-ap-northeast-1-an/un_comtrade/v2/hs_version=H6/cmd_code=8542/period=202602/query_type=partner_detail/revision=1/data.ndjson"}, {"checksum": "sha256:9206a27f1aa1360e40c41c543cef7a65cb5aabfa56ee229e6f8cf455fd1219a5", "query_type": "world_total", "revision": 1, "snapshot_hash": "46edf9887fcd3eab42a804605f125417e60cfaa56d2d10968c720574ef7c6485", "source_file": "s3://trade-analytics-prod-816079797958-ap-northeast-1-an/un_comtrade/v2/hs_version=H6/cmd_code=8542/period=202602/query_type=world_total/revision=1/data.ndjson"}], "status": "verified", "step": "attest"}

2026-10-02T01:44:56.196199Z [info     ] Done. Returned value was: {'jobs': [{'job_id': '0dbb6513-8cd1-4f3f-9e3d-910c61016fcd', 'result': 'success'}, {'job_id': '0502a7cb-4729-49f2-b3e3-76cb40631673', 'result': 'success'}, {'job_id': '7ead1ce7-3591-4753-be77-ccba68a2a861', 'result': 'success'}, {'job_id': 'c68d9e40-2f74-420d-84e5-11c6e83e07d9', 'result': 'success'}, {'job_id': '0650f0c7-1165-4501-8ce1-620ca164904a', 'result': 'success'}, {'job_id': '31c35fe6-5cc0-4f00-875e-76148266da67', 'result': 'success'}], 'period': '202602', 'sources': [{'checksum': 'sha256:8bbbd0529d2a365c146166ab1d3fd24079a4e9bf1276112033f8d380944332ec', 'query_type': 'partner_detail', 'revision': 1, 'snapshot_hash': '621f9b6e0de523776045b88cffba640b53af6e9c799bd2bfaea02dd4e0cfc9a6', 'source_file': 's3://trade-analytics-prod-816079797958-ap-northeast-1-an/un_comtrade/v2/hs_version=H6/cmd_code=8542/period=202602/query_type=partner_detail/revision=1/data.ndjson'}, {'checksum': 'sha256:9206a27f1aa1360e40c41c543cef7a65cb5aabfa56ee229e6f8cf455fd1219a5', 'query_type': 'world_total', 'revision': 1, 'snapshot_hash': '46edf9887fcd3eab42a804605f125417e60cfaa56d2d10968c720574ef7c6485', 'source_file': 's3://trade-analytics-prod-816079797958-ap-northeast-1-an/un_comtrade/v2/hs_version=H6/cmd_code=8542/period=202602/query_type=world_total/revision=1/data.ndjson'}], 'status': 'verified', 'step': 'attest'} [airflow.task.operators.airflow.providers.standard.decorators.python._PythonDecoratedOperator] loc=python.py:233
2026-10-02T01:44:56.197406Z [info     ] ::group::Post Execute          [task] loc=task_runner.py:1580
2026-10-02T01:44:56.199469Z [info     ] Pushing xcom                   [task] loc=task_runner.py:2280 ti=RuntimeTaskInstance(id=UUID('01a0fa48-5673-79bf-810e-3fed6fa9ca03'), task_id='attest', dag_id='trade_backfill_pipeline', run_id='manual__2026-10-02T01:43:59.763749+00:00', try_number=1, dag_version_id=UUID('01a0f340-b3af-72cd-8aa4-d8e453a1915b'), map_index=-1, hostname='afe341678f81', context_carrier=None, queue='default', task=<Task(_PythonDecoratedOperator): attest>, max_tries=0, start_date=datetime.datetime(2026, 10, 2, 1, 44, 49, 290947, tzinfo=datetime.timezone.utc), end_date=None, state=<TaskInstanceState.RUNNING: 'running'>, is_mapped=False, rendered_map_index=None, sentry_integration='')
2026-10-02T01:44:56.501938Z [info     ] Task instance state updated    [airflow.api_fastapi.execution_api.routes.task_instances] correlation_id=01a0fa49-338a-7cf7-9b10-9bb3a1bc553b loc=task_instances.py:485 new_state=success rows_affected=1 ti_id=01a0fa48-5673-79bf-810e-3fed6fa9ca03
Task instance in success state
 Previous state of the Task instance: TaskInstanceState.RUNNING
Task operator:<Task(_PythonDecoratedOperator): attest>
2026-10-02T01:44:56.519933Z [info     ] ::endgroup::                   [task] loc=task_runner.py:2379
2026-10-02T01:44:56.545730Z [info     ] [DAG TEST] end task task_id=attest map_index=-1 [airflow.sdk.definitions.dag] loc=dag.py:1563
2026-10-02T01:44:56.623645Z [info     ] [DAG TEST] starting task_id=build map_index=-1 [airflow.sdk.definitions.dag] loc=dag.py:1501
2026-10-02T01:44:56.624186Z [info     ] [DAG TEST] running task <TaskInstance: trade_backfill_pipeline.build manual__2026-10-02T01:43:59.763749+00:00 [TaskInstanceState.SCHEDULED] ti_id=01a0fa48-5674-73b7-8813-0b871d16b485> [airflow.sdk.definitions.dag] loc=dag.py:1504
2026-10-02T01:44:56.668019Z [info     ] Task started                   [airflow.api_fastapi.execution_api.routes.task_instances] correlation_id=01a0fa49-343c-7ee5-9c0c-04593d869d77 hostname=afe341678f81 loc=task_instances.py:226 previous_state=queued ti_id=01a0fa48-5674-73b7-8813-0b871d16b485
2026-10-02T01:44:56.675200Z [info     ] Task instance state updated    [airflow.api_fastapi.execution_api.routes.task_instances] correlation_id=01a0fa49-343c-7ee5-9c0c-04593d869d77 loc=task_instances.py:254 rows_affected=1 ti_id=01a0fa48-5674-73b7-8813-0b871d16b485
2026-10-02T01:44:56.794230Z [info     ] Updating RenderedTaskInstanceFields [airflow.api_fastapi.execution_api.routes.task_instances] correlation_id=01a0fa49-34c4-7964-b8c4-7d1aa050a619 field_count=3 loc=task_instances.py:1017 ti_id=01a0fa48-5674-73b7-8813-0b871d16b485
Task instance is in running state
 Previous state of the Task instance: TaskInstanceState.QUEUED
Current task name:build
Dag name:trade_backfill_pipeline
2026-10-02T01:44:56.849246Z [info     ] ::endgroup::                   [task] loc=task_runner.py:2232
{"step": "build", "kind": null, "period": "202602", "run_id": "backfill-202602-8f2b32796c924f65"}
01:45:01  Running with dbt=1.12.5
01:45:04  Registered adapter: bigquery=1.12.1
01:45:05  Unable to do partial parsing because config vars, config profile, or config target have changed
01:45:11  Found 10 models, 71 data tests, 2 seeds, 3 sources, 563 macros, 5 unit tests
01:45:12
01:45:12  Concurrency: 4 threads (target='day11')
01:45:12
01:45:13  1 of 88 START sql table model trade_analytics_day10_dev.dim_months ............. [RUN]
01:45:13  2 of 88 START sql view model trade_analytics_day10_dev.stg_un_comtrade__partner_trades  [RUN]
01:45:13  3 of 88 START sql view model trade_analytics_day10_dev.stg_un_comtrade__world_totals  [RUN]
01:45:13  4 of 88 START seed file trade_analytics_day10_dev.country_reference ............ [RUN]
01:45:14  3 of 88 OK created sql view model trade_analytics_day10_dev.stg_un_comtrade__world_totals  [CREATE VIEW (0 processed) in 1.07s]
01:45:14  2 of 88 OK created sql view model trade_analytics_day10_dev.stg_un_comtrade__partner_trades  [CREATE VIEW (0 processed) in 1.08s]
01:45:14  5 of 88 START seed file trade_analytics_day10_dev.hs_code_reference ............ [RUN]
01:45:14  6 of 88 START test assert_world_grain_unique ................................... [RUN]
01:45:15  1 of 88 OK created sql table model trade_analytics_day10_dev.dim_months ........ [CREATE TABLE (38.0 rows, 0 processed) in 1.97s]
01:45:15  7 of 88 START test assert_january_2023_exists .................................. [RUN]
01:45:15  6 of 88 PASS assert_world_grain_unique ......................................... [PASS in 1.31s]
01:45:15  8 of 88 START test assert_partner_grain_unique ................................. [RUN]
01:45:16  7 of 88 PASS assert_january_2023_exists ........................................ [PASS in 1.20s]
01:45:16  9 of 88 START test assert_staging_contract ..................................... [RUN]
01:45:16  8 of 88 PASS assert_partner_grain_unique ....................................... [PASS in 1.18s]
01:45:16  10 of 88 START test assert_staging_matches_raw ................................. [RUN]
01:45:17  5 of 88 OK loaded seed file trade_analytics_day10_dev.hs_code_reference ........ [INSERT 1 in 2.94s]
01:45:17  11 of 88 START test assert_month_spine_complete ................................ [RUN]
01:45:17  9 of 88 PASS assert_staging_contract ........................................... [PASS in 1.23s]
01:45:17  12 of 88 START test not_null_dim_months_month_start_date ....................... [RUN]
01:45:18  10 of 88 PASS assert_staging_matches_raw ....................................... [PASS in 1.27s]
01:45:18  13 of 88 START test not_null_dim_months_period ................................. [RUN]
01:45:18  4 of 88 OK loaded seed file trade_analytics_day10_dev.country_reference ........ [INSERT 163 in 4.98s]
01:45:18  14 of 88 START test unique_dim_months_month_start_date ......................... [RUN]
01:45:18  11 of 88 PASS assert_month_spine_complete ...................................... [PASS in 0.97s]
01:45:18  15 of 88 START test unique_dim_months_period ................................... [RUN]
01:45:18  12 of 88 PASS not_null_dim_months_month_start_date ............................. [PASS in 0.82s]
01:45:18  16 of 88 START test compound_unique_hs_code_reference_hs_version__cmd_code ..... [RUN]
01:45:19  13 of 88 PASS not_null_dim_months_period ....................................... [PASS in 0.93s]
01:45:19  17 of 88 START test not_null_hs_code_reference_cmd_code ........................ [RUN]
01:45:19  15 of 88 PASS unique_dim_months_period ......................................... [PASS in 0.92s]
01:45:19  18 of 88 START test not_null_hs_code_reference_code_level ...................... [RUN]
01:45:19  14 of 88 PASS unique_dim_months_month_start_date ............................... [PASS in 1.01s]
01:45:19  19 of 88 START test not_null_hs_code_reference_hs_description .................. [RUN]
01:45:19  16 of 88 PASS compound_unique_hs_code_reference_hs_version__cmd_code ........... [PASS in 0.89s]
01:45:19  20 of 88 START test not_null_hs_code_reference_hs_version ...................... [RUN]
01:45:20  17 of 88 PASS not_null_hs_code_reference_cmd_code .............................. [PASS in 0.93s]
01:45:20  21 of 88 START test not_null_hs_code_reference_parent_code ..................... [RUN]
01:45:20  18 of 88 PASS not_null_hs_code_reference_code_level ............................ [PASS in 1.05s]
01:45:20  22 of 88 START test not_null_hs_code_reference_retrieved_at .................... [RUN]
01:45:20  19 of 88 PASS not_null_hs_code_reference_hs_description ........................ [PASS in 1.07s]
01:45:20  23 of 88 START test not_null_hs_code_reference_source_url ...................... [RUN]
01:45:20  20 of 88 PASS not_null_hs_code_reference_hs_version ............................ [PASS in 1.18s]
01:45:20  24 of 88 START test accepted_values_country_reference_classification_status__verified__needs_review  [RUN]
01:45:20  21 of 88 PASS not_null_hs_code_reference_parent_code ........................... [PASS in 0.91s]
01:45:20  25 of 88 START test accepted_values_country_reference_partner_type__country__world__aggregate__special__unknown  [RUN]
01:45:21  22 of 88 PASS not_null_hs_code_reference_retrieved_at .......................... [PASS in 0.74s]
01:45:21  26 of 88 START test accepted_values_country_reference_reconciliation_role__detail__overlap__world__unresolved  [RUN]
01:45:21  23 of 88 PASS not_null_hs_code_reference_source_url ............................ [PASS in 0.82s]
01:45:21  27 of 88 START test not_null_country_reference_classification_note ............. [RUN]
01:45:21  24 of 88 PASS accepted_values_country_reference_classification_status__verified__needs_review  [PASS in 0.78s]
01:45:21  28 of 88 START test not_null_country_reference_classification_status ........... [RUN]
01:45:21  26 of 88 PASS accepted_values_country_reference_reconciliation_role__detail__overlap__world__unresolved  [PASS in 0.64s]
01:45:21  29 of 88 START test not_null_country_reference_partner_code .................... [RUN]
01:45:21  27 of 88 PASS not_null_country_reference_classification_note ................... [PASS in 0.71s]
01:45:21  30 of 88 START test not_null_country_reference_partner_type .................... [RUN]
01:45:22  28 of 88 PASS not_null_country_reference_classification_status ................. [PASS in 0.82s]
01:45:22  31 of 88 START test not_null_country_reference_reconciliation_role ............. [RUN]
01:45:22  25 of 88 PASS accepted_values_country_reference_partner_type__country__world__aggregate__special__unknown  [PASS in 1.33s]
01:45:22  32 of 88 START test not_null_country_reference_retrieved_at .................... [RUN]
01:45:22  30 of 88 PASS not_null_country_reference_partner_type .......................... [PASS in 0.67s]
01:45:22  33 of 88 START test not_null_country_reference_source_name ..................... [RUN]
01:45:22  31 of 88 PASS not_null_country_reference_reconciliation_role ................... [PASS in 0.67s]
01:45:22  34 of 88 START test not_null_country_reference_source_url ...................... [RUN]
01:45:22  32 of 88 PASS not_null_country_reference_retrieved_at .......................... [PASS in 0.68s]
01:45:22  35 of 88 START test unique_country_reference_partner_code ...................... [RUN]
01:45:23  33 of 88 PASS not_null_country_reference_source_name ........................... [PASS in 0.67s]
01:45:23  36 of 88 START sql table model trade_analytics_day10_dev.dim_hs_codes .......... [RUN]
01:45:23  29 of 88 PASS not_null_country_reference_partner_code .......................... [PASS in 1.80s]
01:45:23  34 of 88 PASS not_null_country_reference_source_url ............................ [PASS in 0.71s]
01:45:23  35 of 88 PASS unique_country_reference_partner_code ............................ [PASS in 0.67s]
01:45:23  37 of 88 START sql table model trade_analytics_day10_dev.dim_countries ......... [RUN]
01:45:24  36 of 88 OK created sql table model trade_analytics_day10_dev.dim_hs_codes ..... [CREATE TABLE (1.0 rows, 154.0 Bytes processed) in 1.63s]
01:45:24  38 of 88 START test assert_hs_reference_contract ............................... [RUN]
01:45:24  39 of 88 START test compound_unique_dim_hs_codes_hs_version__cmd_code .......... [RUN]
01:45:24  40 of 88 START test not_null_dim_hs_codes_cmd_code ............................. [RUN]
01:45:24  37 of 88 OK created sql table model trade_analytics_day10_dev.dim_countries .... [CREATE TABLE (163.0 rows, 86.5 KiB processed) in 1.34s]
01:45:24  41 of 88 START test not_null_dim_hs_codes_code_level ........................... [RUN]
01:45:25  40 of 88 PASS not_null_dim_hs_codes_cmd_code ................................... [PASS in 0.78s]
01:45:25  41 of 88 PASS not_null_dim_hs_codes_code_level ................................. [PASS in 0.73s]
01:45:25  38 of 88 PASS assert_hs_reference_contract ..................................... [PASS in 0.80s]
01:45:25  39 of 88 PASS compound_unique_dim_hs_codes_hs_version__cmd_code ................ [PASS in 0.80s]
01:45:25  42 of 88 START test not_null_dim_hs_codes_hs_version ........................... [RUN]
01:45:25  44 of 88 START test accepted_values_dim_countries_partner_type__country__world__aggregate__special__unknown  [RUN]
01:45:25  43 of 88 START test accepted_values_dim_countries_classification_status__verified__needs_review  [RUN]
01:45:25  45 of 88 START test accepted_values_dim_countries_reconciliation_role__detail__overlap__world__unresolved  [RUN]
01:45:26  43 of 88 PASS accepted_values_dim_countries_classification_status__verified__needs_review  [PASS in 0.76s]
01:45:26  46 of 88 START test assert_special_partner_contract ............................ [RUN]
01:45:26  42 of 88 PASS not_null_dim_hs_codes_hs_version ................................. [PASS in 0.77s]
01:45:26  47 of 88 START test not_null_dim_countries_classification_status ............... [RUN]
01:45:26  45 of 88 PASS accepted_values_dim_countries_reconciliation_role__detail__overlap__world__unresolved  [PASS in 0.77s]
01:45:26  48 of 88 START test not_null_dim_countries_partner_code ........................ [RUN]
01:45:26  44 of 88 PASS accepted_values_dim_countries_partner_type__country__world__aggregate__special__unknown  [PASS in 0.79s]
01:45:26  49 of 88 START test not_null_dim_countries_partner_type ........................ [RUN]
01:45:27  49 of 88 PASS not_null_dim_countries_partner_type .............................. [PASS in 0.63s]
01:45:27  50 of 88 START test not_null_dim_countries_reconciliation_role ................. [RUN]
01:45:27  48 of 88 PASS not_null_dim_countries_partner_code .............................. [PASS in 0.68s]
01:45:27  51 of 88 START test unique_dim_countries_partner_code .......................... [RUN]
01:45:27  46 of 88 PASS assert_special_partner_contract .................................. [PASS in 0.72s]
01:45:27  47 of 88 PASS not_null_dim_countries_classification_status ..................... [PASS in 0.71s]
01:45:27  50 of 88 PASS not_null_dim_countries_reconciliation_role ....................... [PASS in 0.72s]
01:45:27  51 of 88 PASS unique_dim_countries_partner_code ................................ [PASS in 0.70s]
01:45:27  52 of 88 START sql table model trade_analytics_day10_dev.audit_partner_mapping_issues  [RUN]
01:45:27  53 of 88 START sql table model trade_analytics_day10_dev.fct_monthly_semiconductor_imports  [RUN]
01:45:29  52 of 88 OK created sql table model trade_analytics_day10_dev.audit_partner_mapping_issues  [CREATE TABLE (38.0 rows, 598.0 KiB processed) in 2.02s]
01:45:29  53 of 88 OK created sql table model trade_analytics_day10_dev.fct_monthly_semiconductor_imports  [CREATE TABLE (2.5k rows, 890.3 KiB processed) in 2.02s]
01:45:29  54 of 88 START test accepted_values_fct_monthly_semiconductor_imports_classification_status__verified__needs_review  [RUN]
01:45:29  55 of 88 START test accepted_values_fct_monthly_semiconductor_imports_partner_type__country__world__aggregate__special__unknown  [RUN]
01:45:29  56 of 88 START test accepted_values_fct_monthly_semiconductor_imports_reconciliation_role__detail__overlap__world__unresolved  [RUN]
01:45:29  57 of 88 START test assert_fact_contract ....................................... [RUN]
01:45:30  57 of 88 PASS assert_fact_contract ............................................. [PASS in 0.74s]
01:45:30  58 of 88 START test assert_fact_preserves_staging .............................. [RUN]
01:45:30  56 of 88 PASS accepted_values_fct_monthly_semiconductor_imports_reconciliation_role__detail__overlap__world__unresolved  [PASS in 0.75s]
01:45:30  55 of 88 PASS accepted_values_fct_monthly_semiconductor_imports_partner_type__country__world__aggregate__special__unknown  [PASS in 0.76s]
01:45:30  59 of 88 START test compound_unique_fct_monthly_semiconductor_imports_period_start_date__partner_code__cmd_code__hs_version  [RUN]
01:45:30  60 of 88 START test not_null_fct_monthly_semiconductor_imports_cmd_code ........ [RUN]
01:45:30  54 of 88 PASS accepted_values_fct_monthly_semiconductor_imports_classification_status__verified__needs_review  [PASS in 0.78s]
01:45:30  61 of 88 START test not_null_fct_monthly_semiconductor_imports_country_mapping_found  [RUN]
01:45:31  61 of 88 PASS not_null_fct_monthly_semiconductor_imports_country_mapping_found . [PASS in 0.66s]
01:45:31  62 of 88 START test not_null_fct_monthly_semiconductor_imports_hs_mapping_found  [RUN]
01:45:31  59 of 88 PASS compound_unique_fct_monthly_semiconductor_imports_period_start_date__partner_code__cmd_code__hs_version  [PASS in 0.74s]
01:45:31  63 of 88 START test not_null_fct_monthly_semiconductor_imports_hs_version ...... [RUN]
01:45:31  60 of 88 PASS not_null_fct_monthly_semiconductor_imports_cmd_code .............. [PASS in 0.76s]
01:45:31  64 of 88 START test not_null_fct_monthly_semiconductor_imports_month_mapping_found  [RUN]
01:45:32  62 of 88 PASS not_null_fct_monthly_semiconductor_imports_hs_mapping_found ...... [PASS in 0.76s]
01:45:32  65 of 88 START test not_null_fct_monthly_semiconductor_imports_partner_code .... [RUN]
01:45:32  63 of 88 PASS not_null_fct_monthly_semiconductor_imports_hs_version ............ [PASS in 0.74s]
01:45:32  66 of 88 START test not_null_fct_monthly_semiconductor_imports_period_start_date  [RUN]
01:45:32  58 of 88 PASS assert_fact_preserves_staging .................................... [PASS in 1.51s]
01:45:32  67 of 88 START test assert_missing_country_audited ............................. [RUN]
01:45:32  64 of 88 PASS not_null_fct_monthly_semiconductor_imports_month_mapping_found ... [PASS in 0.92s]
01:45:32  68 of 88 START test not_null_audit_partner_mapping_issues_issue_type ........... [RUN]
01:45:32  65 of 88 PASS not_null_fct_monthly_semiconductor_imports_partner_code .......... [PASS in 0.68s]
01:45:32  66 of 88 PASS not_null_fct_monthly_semiconductor_imports_period_start_date ..... [PASS in 0.65s]
01:45:32  69 of 88 START test not_null_audit_partner_mapping_issues_observed_at .......... [RUN]
01:45:32  70 of 88 START test not_null_audit_partner_mapping_issues_partner_code ......... [RUN]
01:45:33  68 of 88 PASS not_null_audit_partner_mapping_issues_issue_type ................. [PASS in 0.66s]
01:45:33  71 of 88 START unit_test int_partner_market_share::day09_calendar_growth_and_weights  [RUN]
01:45:33  69 of 88 PASS not_null_audit_partner_mapping_issues_observed_at ................ [PASS in 0.67s]
01:45:33  67 of 88 PASS assert_missing_country_audited ................................... [PASS in 1.47s]
01:45:33  70 of 88 PASS not_null_audit_partner_mapping_issues_partner_code ............... [PASS in 0.88s]
01:45:35  71 of 88 PASS int_partner_market_share::day09_calendar_growth_and_weights ...... [PASS in 2.42s]
01:45:35  72 of 88 START unit_test int_partner_market_share::day09_invalid_denominators_and_zero_current  [RUN]
01:45:38  72 of 88 PASS int_partner_market_share::day09_invalid_denominators_and_zero_current  [PASS in 2.62s]
01:45:38  73 of 88 START unit_test int_partner_market_share::day09_partner_and_version_isolation  [RUN]
01:45:40  73 of 88 PASS int_partner_market_share::day09_partner_and_version_isolation .... [PASS in 2.43s]
01:45:40  74 of 88 START sql view model trade_analytics_day10_dev.int_partner_market_share  [RUN]
01:45:41  74 of 88 OK created sql view model trade_analytics_day10_dev.int_partner_market_share  [CREATE VIEW (0 processed) in 0.81s]
01:45:41  75 of 88 START test accepted_values_int_partner_market_share_market_share_status__ok__missing_world__invalid_world__missing_value  [RUN]
01:45:41  76 of 88 START test compound_unique_int_partner_market_share_period_start_date__partner_code__cmd_code__hs_version  [RUN]
01:45:41  77 of 88 START test not_null_int_partner_market_share_market_share_status ...... [RUN]
01:45:42  77 of 88 PASS not_null_int_partner_market_share_market_share_status ............ [PASS in 1.00s]
01:45:42  76 of 88 PASS compound_unique_int_partner_market_share_period_start_date__partner_code__cmd_code__hs_version  [PASS in 1.11s]
01:45:42  75 of 88 PASS accepted_values_int_partner_market_share_market_share_status__ok__missing_world__invalid_world__missing_value  [PASS in 1.14s]
01:45:42  78 of 88 START unit_test int_market_concentration_hhi::day09_hhi_hand_calculations_and_coverage  [RUN]
01:45:45  78 of 88 PASS int_market_concentration_hhi::day09_hhi_hand_calculations_and_coverage  [PASS in 2.74s]
01:45:45  79 of 88 START unit_test int_market_concentration_hhi::day09_hhi_unreviewed_country  [RUN]
01:45:47  79 of 88 PASS int_market_concentration_hhi::day09_hhi_unreviewed_country ....... [PASS in 2.32s]
01:45:47  80 of 88 START sql view model trade_analytics_day10_dev.int_market_concentration_hhi  [RUN]
01:45:48  80 of 88 OK created sql view model trade_analytics_day10_dev.int_market_concentration_hhi  [CREATE VIEW (0 processed) in 0.94s]
01:45:48  81 of 88 START test accepted_values_int_market_concentration_hhi_hhi_status__ok__missing_world__invalid_world__no_countries__missing_country_value__negative_country_value__unreviewed_country__insufficient_coverage  [RUN]
01:45:48  82 of 88 START test compound_unique_int_market_concentration_hhi_period_start_date__cmd_code__hs_version  [RUN]
01:45:48  83 of 88 START test not_null_int_market_concentration_hhi_hhi_status ........... [RUN]
01:45:49  81 of 88 PASS accepted_values_int_market_concentration_hhi_hhi_status__ok__missing_world__invalid_world__no_countries__missing_country_value__negative_country_value__unreviewed_country__insufficient_coverage  [PASS in 1.12s]
01:45:49  82 of 88 PASS compound_unique_int_market_concentration_hhi_period_start_date__cmd_code__hs_version  [PASS in 1.15s]
01:45:49  83 of 88 PASS not_null_int_market_concentration_hhi_hhi_status ................. [PASS in 1.15s]
01:45:49  84 of 88 START sql table model trade_analytics_day10_dev.mart_us_semiconductor_supply_chain_candidate  [RUN]
01:45:51  84 of 88 OK created sql table model trade_analytics_day10_dev.mart_us_semiconductor_supply_chain_candidate  [CREATE TABLE (2.5k rows, 1.1 MiB processed) in 2.00s]
01:45:51  85 of 88 START test assert_day09_candidate_preserves_fact ...................... [RUN]
01:45:51  86 of 88 START test assert_day09_metric_contract ............................... [RUN]
01:45:51  87 of 88 START test compound_unique_mart_us_semiconductor_supply_chain_candidate_period_start_date__partner_code__cmd_code__hs_version  [RUN]
01:45:51  88 of 88 START test not_null_mart_us_semiconductor_supply_chain_candidate_hhi_status  [RUN]
01:45:52  87 of 88 PASS compound_unique_mart_us_semiconductor_supply_chain_candidate_period_start_date__partner_code__cmd_code__hs_version  [PASS in 0.70s]
01:45:52  86 of 88 PASS assert_day09_metric_contract ..................................... [PASS in 0.71s]
01:45:52  88 of 88 PASS not_null_mart_us_semiconductor_supply_chain_candidate_hhi_status . [PASS in 0.72s]
01:45:52  85 of 88 PASS assert_day09_candidate_preserves_fact ............................ [PASS in 0.89s]
01:45:52
01:45:52  Finished running 2 seeds, 6 table models, 71 data tests, 5 unit tests, 4 view models in 0 hours 0 minutes and 40.57 seconds (40.57s).
01:45:52
01:45:52  Completed successfully
01:45:52
01:45:52  Done. PASS=88 WARN=0 ERROR=0 SKIP=0 NO-OP=0 REUSED=0 TOTAL=88
{"period": "202602", "status": "success", "step": "build", "vars": {"month_spine_end_date": "2026-02-01", "month_spine_start_date": "2023-01-01", "raw_end_date": "2026-03-01", "raw_start_date": "2023-01-01"}}

2026-10-02T01:45:53.498703Z [info     ] Done. Returned value was: {'period': '202602', 'status': 'success', 'step': 'build', 'vars': {'month_spine_end_date': '2026-02-01', 'month_spine_start_date': '2023-01-01', 'raw_end_date': '2026-03-01', 'raw_start_date': '2023-01-01'}} [airflow.task.operators.airflow.providers.standard.decorators.python._PythonDecoratedOperator] loc=python.py:233
2026-10-02T01:45:53.499760Z [info     ] ::group::Post Execute          [task] loc=task_runner.py:1580
2026-10-02T01:45:53.500260Z [info     ] Pushing xcom                   [task] loc=task_runner.py:2280 ti=RuntimeTaskInstance(id=UUID('01a0fa48-5674-73b7-8813-0b871d16b485'), task_id='build', dag_id='trade_backfill_pipeline', run_id='manual__2026-10-02T01:43:59.763749+00:00', try_number=1, dag_version_id=UUID('01a0f340-b3af-72cd-8aa4-d8e453a1915b'), map_index=-1, hostname='afe341678f81', context_carrier=None, queue='default', task=<Task(_PythonDecoratedOperator): build>, max_tries=0, start_date=datetime.datetime(2026, 10, 2, 1, 44, 56, 635288, tzinfo=datetime.timezone.utc), end_date=None, state=<TaskInstanceState.RUNNING: 'running'>, is_mapped=False, rendered_map_index=None, sentry_integration='')
2026-10-02T01:45:53.651017Z [info     ] Task instance state updated    [airflow.api_fastapi.execution_api.routes.task_instances] correlation_id=01a0fa4a-12cb-7002-9c1b-1a8ff382d378 loc=task_instances.py:485 new_state=success rows_affected=1 ti_id=01a0fa48-5674-73b7-8813-0b871d16b485
Task instance in success state
 Previous state of the Task instance: TaskInstanceState.RUNNING
Task operator:<Task(_PythonDecoratedOperator): build>
2026-10-02T01:45:53.664277Z [info     ] ::endgroup::                   [task] loc=task_runner.py:2379
2026-10-02T01:45:53.697120Z [info     ] [DAG TEST] end task task_id=build map_index=-1 [airflow.sdk.definitions.dag] loc=dag.py:1563
2026-10-02T01:45:53.732763Z [info     ] [DAG TEST] starting task_id=audit map_index=-1 [airflow.sdk.definitions.dag] loc=dag.py:1501
2026-10-02T01:45:53.732893Z [info     ] [DAG TEST] running task <TaskInstance: trade_backfill_pipeline.audit manual__2026-10-02T01:43:59.763749+00:00 [TaskInstanceState.SCHEDULED] ti_id=01a0fa48-5675-70b2-bbf7-d545bdef7975> [airflow.sdk.definitions.dag] loc=dag.py:1504
2026-10-02T01:45:53.758795Z [info     ] Task started                   [airflow.api_fastapi.execution_api.routes.task_instances] correlation_id=01a0fa4a-134d-7502-ab30-1b589d23d21a hostname=afe341678f81 loc=task_instances.py:226 previous_state=queued ti_id=01a0fa48-5675-70b2-bbf7-d545bdef7975
2026-10-02T01:45:53.761204Z [info     ] Task instance state updated    [airflow.api_fastapi.execution_api.routes.task_instances] correlation_id=01a0fa4a-134d-7502-ab30-1b589d23d21a loc=task_instances.py:254 rows_affected=1 ti_id=01a0fa48-5675-70b2-bbf7-d545bdef7975
2026-10-02T01:45:53.831148Z [info     ] Updating RenderedTaskInstanceFields [airflow.api_fastapi.execution_api.routes.task_instances] correlation_id=01a0fa4a-1399-79d5-bb85-ed313ea328f5 field_count=3 loc=task_instances.py:1017 ti_id=01a0fa48-5675-70b2-bbf7-d545bdef7975
Task instance is in running state
 Previous state of the Task instance: TaskInstanceState.QUEUED
Current task name:audit
Dag name:trade_backfill_pipeline
2026-10-02T01:45:53.846405Z [info     ] ::endgroup::                   [task] loc=task_runner.py:2232
{"step": "audit", "kind": null, "period": "202602", "run_id": "backfill-202602-8f2b32796c924f65"}
{"jobs": [{"job_id": "154046be-113b-43eb-855a-0028b722c67c", "result": "success"}, {"job_id": "0c53d8a3-4ed1-4325-a9bc-28c7b740d9cc", "result": "success"}, {"job_id": "b0a42d9d-eefd-4fa4-9f5b-59b52bb01aec", "result": "success"}], "period": "202602", "reason_codes": [], "run_id": "backfill-202602-8f2b32796c924f65", "status": "PASS", "step": "audit"}

2026-10-02T01:46:02.280375Z [info     ] Done. Returned value was: {'jobs': [{'job_id': '154046be-113b-43eb-855a-0028b722c67c', 'result': 'success'}, {'job_id': '0c53d8a3-4ed1-4325-a9bc-28c7b740d9cc', 'result': 'success'}, {'job_id': 'b0a42d9d-eefd-4fa4-9f5b-59b52bb01aec', 'result': 'success'}], 'period': '202602', 'reason_codes': [], 'run_id': 'backfill-202602-8f2b32796c924f65', 'status': 'PASS', 'step': 'audit'} [airflow.task.operators.airflow.providers.standard.decorators.python._PythonDecoratedOperator] loc=python.py:233
2026-10-02T01:46:02.281055Z [info     ] ::group::Post Execute          [task] loc=task_runner.py:1580
2026-10-02T01:46:02.281447Z [info     ] Pushing xcom                   [task] loc=task_runner.py:2280 ti=RuntimeTaskInstance(id=UUID('01a0fa48-5675-70b2-bbf7-d545bdef7975'), task_id='audit', dag_id='trade_backfill_pipeline', run_id='manual__2026-10-02T01:43:59.763749+00:00', try_number=1, dag_version_id=UUID('01a0f340-b3af-72cd-8aa4-d8e453a1915b'), map_index=-1, hostname='afe341678f81', context_carrier=None, queue='default', task=<Task(_PythonDecoratedOperator): audit>, max_tries=0, start_date=datetime.datetime(2026, 10, 2, 1, 45, 53, 740430, tzinfo=datetime.timezone.utc), end_date=None, state=<TaskInstanceState.RUNNING: 'running'>, is_mapped=False, rendered_map_index=None, sentry_integration='')
2026-10-02T01:46:02.323807Z [info     ] Task instance state updated    [airflow.api_fastapi.execution_api.routes.task_instances] correlation_id=01a0fa4a-34cc-76fd-a632-ced2d4676032 loc=task_instances.py:485 new_state=success rows_affected=1 ti_id=01a0fa48-5675-70b2-bbf7-d545bdef7975
Task instance in success state
 Previous state of the Task instance: TaskInstanceState.RUNNING
Task operator:<Task(_PythonDecoratedOperator): audit>
2026-10-02T01:46:02.326369Z [info     ] ::endgroup::                   [task] loc=task_runner.py:2379
2026-10-02T01:46:02.330442Z [info     ] [DAG TEST] end task task_id=audit map_index=-1 [airflow.sdk.definitions.dag] loc=dag.py:1563
2026-10-02T01:46:02.339601Z [info     ] [DAG TEST] starting task_id=gate map_index=-1 [airflow.sdk.definitions.dag] loc=dag.py:1501
2026-10-02T01:46:02.339661Z [info     ] [DAG TEST] running task <TaskInstance: trade_backfill_pipeline.gate manual__2026-10-02T01:43:59.763749+00:00 [TaskInstanceState.SCHEDULED] ti_id=01a0fa48-5676-7192-9bc7-0ccc293ed17b> [airflow.sdk.definitions.dag] loc=dag.py:1504
2026-10-02T01:46:02.344943Z [info     ] Task started                   [airflow.api_fastapi.execution_api.routes.task_instances] correlation_id=01a0fa4a-34e4-7279-aad1-f4bb7a3cfc09 hostname=afe341678f81 loc=task_instances.py:226 previous_state=queued ti_id=01a0fa48-5676-7192-9bc7-0ccc293ed17b
2026-10-02T01:46:02.345601Z [info     ] Task instance state updated    [airflow.api_fastapi.execution_api.routes.task_instances] correlation_id=01a0fa4a-34e4-7279-aad1-f4bb7a3cfc09 loc=task_instances.py:254 rows_affected=1 ti_id=01a0fa48-5676-7192-9bc7-0ccc293ed17b
2026-10-02T01:46:02.355654Z [info     ] Updating RenderedTaskInstanceFields [airflow.api_fastapi.execution_api.routes.task_instances] correlation_id=01a0fa4a-34f1-7cdd-bef4-49b38afd7da1 field_count=3 loc=task_instances.py:1017 ti_id=01a0fa48-5676-7192-9bc7-0ccc293ed17b
Task instance is in running state
 Previous state of the Task instance: TaskInstanceState.QUEUED
Current task name:gate
Dag name:trade_backfill_pipeline
2026-10-02T01:46:02.358844Z [info     ] ::endgroup::                   [task] loc=task_runner.py:2232
{"step": "gate", "kind": null, "period": "202602", "run_id": "backfill-202602-8f2b32796c924f65"}
{"jobs": [{"job_id": "0156d9ce-40a5-430a-beeb-e5482642d5a6", "result": "success"}], "period": "202602", "run_id": "backfill-202602-8f2b32796c924f65", "status": "PASS", "step": "gate"}

2026-10-02T01:46:03.685057Z [info     ] Done. Returned value was: {'jobs': [{'job_id': '0156d9ce-40a5-430a-beeb-e5482642d5a6', 'result': 'success'}], 'period': '202602', 'run_id': 'backfill-202602-8f2b32796c924f65', 'status': 'PASS', 'step': 'gate'} [airflow.task.operators.airflow.providers.standard.decorators.python._PythonDecoratedOperator] loc=python.py:233
2026-10-02T01:46:03.685226Z [info     ] ::group::Post Execute          [task] loc=task_runner.py:1580
2026-10-02T01:46:03.685329Z [info     ] Pushing xcom                   [task] loc=task_runner.py:2280 ti=RuntimeTaskInstance(id=UUID('01a0fa48-5676-7192-9bc7-0ccc293ed17b'), task_id='gate', dag_id='trade_backfill_pipeline', run_id='manual__2026-10-02T01:43:59.763749+00:00', try_number=1, dag_version_id=UUID('01a0f340-b3af-72cd-8aa4-d8e453a1915b'), map_index=-1, hostname='afe341678f81', context_carrier=None, queue='default', task=<Task(_PythonDecoratedOperator): gate>, max_tries=0, start_date=datetime.datetime(2026, 10, 2, 1, 46, 2, 340720, tzinfo=datetime.timezone.utc), end_date=None, state=<TaskInstanceState.RUNNING: 'running'>, is_mapped=False, rendered_map_index=None, sentry_integration='')
2026-10-02T01:46:03.728325Z [info     ] Task instance state updated    [airflow.api_fastapi.execution_api.routes.task_instances] correlation_id=01a0fa4a-3a48-741c-9e7e-d36cfd46b7d5 loc=task_instances.py:485 new_state=success rows_affected=1 ti_id=01a0fa48-5676-7192-9bc7-0ccc293ed17b
Task instance in success state
 Previous state of the Task instance: TaskInstanceState.RUNNING
Task operator:<Task(_PythonDecoratedOperator): gate>
2026-10-02T01:46:03.730416Z [info     ] ::endgroup::                   [task] loc=task_runner.py:2379
2026-10-02T01:46:03.732740Z [info     ] [DAG TEST] end task task_id=gate map_index=-1 [airflow.sdk.definitions.dag] loc=dag.py:1563
2026-10-02T01:46:03.739799Z [info     ] [DAG TEST] starting task_id=publish map_index=-1 [airflow.sdk.definitions.dag] loc=dag.py:1501
2026-10-02T01:46:03.739865Z [info     ] [DAG TEST] running task <TaskInstance: trade_backfill_pipeline.publish manual__2026-10-02T01:43:59.763749+00:00 [TaskInstanceState.SCHEDULED] ti_id=01a0fa48-5677-79b9-9881-5aabd781ec18> [airflow.sdk.definitions.dag] loc=dag.py:1504
2026-10-02T01:46:03.745627Z [info     ] Task started                   [airflow.api_fastapi.execution_api.routes.task_instances] correlation_id=01a0fa4a-3a5c-7b9a-8910-fb945b68979e hostname=afe341678f81 loc=task_instances.py:226 previous_state=queued ti_id=01a0fa48-5677-79b9-9881-5aabd781ec18
2026-10-02T01:46:03.746325Z [info     ] Task instance state updated    [airflow.api_fastapi.execution_api.routes.task_instances] correlation_id=01a0fa4a-3a5c-7b9a-8910-fb945b68979e loc=task_instances.py:254 rows_affected=1 ti_id=01a0fa48-5677-79b9-9881-5aabd781ec18
2026-10-02T01:46:03.767253Z [info     ] Updating RenderedTaskInstanceFields [airflow.api_fastapi.execution_api.routes.task_instances] correlation_id=01a0fa4a-3a6a-7cbc-93ee-e1db0798bb81 field_count=3 loc=task_instances.py:1017 ti_id=01a0fa48-5677-79b9-9881-5aabd781ec18
Task instance is in running state
 Previous state of the Task instance: TaskInstanceState.QUEUED
Current task name:publish
Dag name:trade_backfill_pipeline
2026-10-02T01:46:03.797640Z [info     ] ::endgroup::                   [task] loc=task_runner.py:2232
{"step": "publish", "kind": null, "period": "202602", "run_id": "backfill-202602-8f2b32796c924f65"}
{"jobs": [{"job_id": "7bacbc5e-7194-4fd8-bb0e-d00cc5058c9f", "result": "success"}, {"job_id": "38e03e7c-585a-4752-923e-076ec73ff63d", "result": "success"}, {"job_id": "539087b9-61f7-413e-b7be-bdb7d4333503", "result": "success"}], "period": "202602", "run_id": "backfill-202602-8f2b32796c924f65", "status": "published", "step": "publish"}

2026-10-02T01:46:15.734660Z [info     ] Done. Returned value was: {'jobs': [{'job_id': '7bacbc5e-7194-4fd8-bb0e-d00cc5058c9f', 'result': 'success'}, {'job_id': '38e03e7c-585a-4752-923e-076ec73ff63d', 'result': 'success'}, {'job_id': '539087b9-61f7-413e-b7be-bdb7d4333503', 'result': 'success'}], 'period': '202602', 'run_id': 'backfill-202602-8f2b32796c924f65', 'status': 'published', 'step': 'publish'} [airflow.task.operators.airflow.providers.standard.decorators.python._PythonDecoratedOperator] loc=python.py:233
2026-10-02T01:46:15.736655Z [info     ] ::group::Post Execute          [task] loc=task_runner.py:1580
2026-10-02T01:46:15.737531Z [info     ] Pushing xcom                   [task] loc=task_runner.py:2280 ti=RuntimeTaskInstance(id=UUID('01a0fa48-5677-79b9-9881-5aabd781ec18'), task_id='publish', dag_id='trade_backfill_pipeline', run_id='manual__2026-10-02T01:43:59.763749+00:00', try_number=1, dag_version_id=UUID('01a0f340-b3af-72cd-8aa4-d8e453a1915b'), map_index=-1, hostname='afe341678f81', context_carrier=None, queue='default', task=<Task(_PythonDecoratedOperator): publish>, max_tries=0, start_date=datetime.datetime(2026, 10, 2, 1, 46, 3, 740799, tzinfo=datetime.timezone.utc), end_date=None, state=<TaskInstanceState.RUNNING: 'running'>, is_mapped=False, rendered_map_index=None, sentry_integration='')
2026-10-02T01:46:16.013862Z [info     ] Task instance state updated    [airflow.api_fastapi.execution_api.routes.task_instances] correlation_id=01a0fa4a-69fe-7409-85ee-aa55dd1e506a loc=task_instances.py:485 new_state=success rows_affected=1 ti_id=01a0fa48-5677-79b9-9881-5aabd781ec18
Task instance in success state
 Previous state of the Task instance: TaskInstanceState.RUNNING
Task operator:<Task(_PythonDecoratedOperator): publish>
2026-10-02T01:46:16.028005Z [info     ] ::endgroup::                   [task] loc=task_runner.py:2379
2026-10-02T01:46:16.052427Z [info     ] [DAG TEST] end task task_id=publish map_index=-1 [airflow.sdk.definitions.dag] loc=dag.py:1563
2026-10-02T01:46:16.104012Z [info     ] [DAG TEST] starting task_id=select_month_2 map_index=-1 [airflow.sdk.definitions.dag] loc=dag.py:1501
2026-10-02T01:46:16.104687Z [info     ] [DAG TEST] running task <TaskInstance: trade_backfill_pipeline.select_month_2 manual__2026-10-02T01:43:59.763749+00:00 [TaskInstanceState.SCHEDULED] ti_id=01a0fa48-5678-72c7-b58f-d05fcf353465> [airflow.sdk.definitions.dag] loc=dag.py:1504
2026-10-02T01:46:16.149519Z [info     ] Task started                   [airflow.api_fastapi.execution_api.routes.task_instances] correlation_id=01a0fa4a-6ab1-71bc-87a2-af02e16d4990 hostname=afe341678f81 loc=task_instances.py:226 previous_state=queued ti_id=01a0fa48-5678-72c7-b58f-d05fcf353465
2026-10-02T01:46:16.155493Z [info     ] Task instance state updated    [airflow.api_fastapi.execution_api.routes.task_instances] correlation_id=01a0fa4a-6ab1-71bc-87a2-af02e16d4990 loc=task_instances.py:254 rows_affected=1 ti_id=01a0fa48-5678-72c7-b58f-d05fcf353465
2026-10-02T01:46:16.259962Z [info     ] Updating RenderedTaskInstanceFields [airflow.api_fastapi.execution_api.routes.task_instances] correlation_id=01a0fa4a-6b2a-7bf1-91cf-651c18ebbc43 field_count=3 loc=task_instances.py:1017 ti_id=01a0fa48-5678-72c7-b58f-d05fcf353465
Task instance is in running state
 Previous state of the Task instance: TaskInstanceState.QUEUED
Current task name:select_month_2
Dag name:trade_backfill_pipeline
2026-10-02T01:46:16.298882Z [info     ] ::endgroup::                   [task] loc=task_runner.py:2232
2026-10-02T01:46:16.300898Z [info     ] Done. Returned value was: {'period': '202603', 'run_id': 'backfill-202603-8f2b32796c924f65', 'status': 'ready', 'sources': {'world_total': True, 'partner_detail': True}, 'revisions': {'world_total': 1, 'partner_detail': 1}} [airflow.task.operators.airflow.providers.standard.decorators.python._PythonDecoratedOperator] loc=python.py:233
2026-10-02T01:46:16.301544Z [info     ] ::group::Post Execute          [task] loc=task_runner.py:1580
2026-10-02T01:46:16.303397Z [info     ] Pushing xcom                   [task] loc=task_runner.py:2280 ti=RuntimeTaskInstance(id=UUID('01a0fa48-5678-72c7-b58f-d05fcf353465'), task_id='select_month_2', dag_id='trade_backfill_pipeline', run_id='manual__2026-10-02T01:43:59.763749+00:00', try_number=1, dag_version_id=UUID('01a0f340-b3af-72cd-8aa4-d8e453a1915b'), map_index=-1, hostname='afe341678f81', context_carrier=None, queue='default', task=<Task(_PythonDecoratedOperator): select_month_2>, max_tries=0, start_date=datetime.datetime(2026, 10, 2, 1, 46, 16, 111858, tzinfo=datetime.timezone.utc), end_date=None, state=<TaskInstanceState.RUNNING: 'running'>, is_mapped=False, rendered_map_index=None, sentry_integration='')
2026-10-02T01:46:16.538109Z [info     ] Task instance state updated    [airflow.api_fastapi.execution_api.routes.task_instances] correlation_id=01a0fa4a-6c2e-72b3-a000-eb506839704c loc=task_instances.py:485 new_state=success rows_affected=1 ti_id=01a0fa48-5678-72c7-b58f-d05fcf353465
Task instance in success state
 Previous state of the Task instance: TaskInstanceState.RUNNING
Task operator:<Task(_PythonDecoratedOperator): select_month_2>
2026-10-02T01:46:16.550249Z [info     ] ::endgroup::                   [task] loc=task_runner.py:2379
2026-10-02T01:46:16.567113Z [info     ] [DAG TEST] end task task_id=select_month_2 map_index=-1 [airflow.sdk.definitions.dag] loc=dag.py:1563
2026-10-02T01:46:16.626832Z [info     ] [DAG TEST] starting task_id=ingest_detail_2 map_index=-1 [airflow.sdk.definitions.dag] loc=dag.py:1501
2026-10-02T01:46:16.627203Z [info     ] [DAG TEST] running task <TaskInstance: trade_backfill_pipeline.ingest_detail_2 manual__2026-10-02T01:43:59.763749+00:00 [TaskInstanceState.SCHEDULED] ti_id=01a0fa48-5679-70dc-846f-51f99df87e57> [airflow.sdk.definitions.dag] loc=dag.py:1504
2026-10-02T01:46:16.657330Z [info     ] Task started                   [airflow.api_fastapi.execution_api.routes.task_instances] correlation_id=01a0fa4a-6cbc-7c65-959c-3ea25a213ea6 hostname=afe341678f81 loc=task_instances.py:226 previous_state=queued ti_id=01a0fa48-5679-70dc-846f-51f99df87e57
2026-10-02T01:46:16.661057Z [info     ] Task instance state updated    [airflow.api_fastapi.execution_api.routes.task_instances] correlation_id=01a0fa4a-6cbc-7c65-959c-3ea25a213ea6 loc=task_instances.py:254 rows_affected=1 ti_id=01a0fa48-5679-70dc-846f-51f99df87e57
2026-10-02T01:46:16.746655Z [info     ] Updating RenderedTaskInstanceFields [airflow.api_fastapi.execution_api.routes.task_instances] correlation_id=01a0fa4a-6d1c-7fa0-b379-c2ed8905e413 field_count=3 loc=task_instances.py:1017 ti_id=01a0fa48-5679-70dc-846f-51f99df87e57
Task instance is in running state
 Previous state of the Task instance: TaskInstanceState.QUEUED
Current task name:ingest_detail_2
Dag name:trade_backfill_pipeline
2026-10-02T01:46:16.769758Z [info     ] ::endgroup::                   [task] loc=task_runner.py:2232
{"step": "ingest", "kind": "partner_detail", "period": "202603", "run_id": "backfill-202603-8f2b32796c924f65"}
{"checksum": "sha256:cc34f49a164908d3af3c2128185ad6ac32728717babc8f2c7b4ca5f329b4411d", "data_uri": "s3://trade-analytics-prod-816079797958-ap-northeast-1-an/un_comtrade/v2/hs_version=H6/cmd_code=8542/period=202603/query_type=partner_detail/revision=1/data.ndjson", "kind": "partner_detail", "manifest_uri": "s3://trade-analytics-prod-816079797958-ap-northeast-1-an/un_comtrade/v2/hs_version=H6/cmd_code=8542/period=202603/query_type=partner_detail/revision=1/manifest.json", "period": "202603", "revision": 1, "row_count": 66, "run_id": "backfill-202603-8f2b32796c924f65", "status": "success", "step": "ingest"}

2026-10-02T01:46:21.716574Z [info     ] Done. Returned value was: {'checksum': 'sha256:cc34f49a164908d3af3c2128185ad6ac32728717babc8f2c7b4ca5f329b4411d', 'data_uri': 's3://trade-analytics-prod-816079797958-ap-northeast-1-an/un_comtrade/v2/hs_version=H6/cmd_code=8542/period=202603/query_type=partner_detail/revision=1/data.ndjson', 'kind': 'partner_detail', 'manifest_uri': 's3://trade-analytics-prod-816079797958-ap-northeast-1-an/un_comtrade/v2/hs_version=H6/cmd_code=8542/period=202603/query_type=partner_detail/revision=1/manifest.json', 'period': '202603', 'revision': 1, 'row_count': 66, 'run_id': 'backfill-202603-8f2b32796c924f65', 'status': 'success', 'step': 'ingest'} [airflow.task.operators.airflow.providers.standard.decorators.python._PythonDecoratedOperator] loc=python.py:233
2026-10-02T01:46:21.718584Z [info     ] ::group::Post Execute          [task] loc=task_runner.py:1580
2026-10-02T01:46:21.720606Z [info     ] Pushing xcom                   [task] loc=task_runner.py:2280 ti=RuntimeTaskInstance(id=UUID('01a0fa48-5679-70dc-846f-51f99df87e57'), task_id='ingest_detail_2', dag_id='trade_backfill_pipeline', run_id='manual__2026-10-02T01:43:59.763749+00:00', try_number=1, dag_version_id=UUID('01a0f340-b3af-72cd-8aa4-d8e453a1915b'), map_index=-1, hostname='afe341678f81', context_carrier=None, queue='default', task=<Task(_PythonDecoratedOperator): ingest_detail_2>, max_tries=3, start_date=datetime.datetime(2026, 10, 2, 1, 46, 16, 635277, tzinfo=datetime.timezone.utc), end_date=None, state=<TaskInstanceState.RUNNING: 'running'>, is_mapped=False, rendered_map_index=None, sentry_integration='')
2026-10-02T01:46:21.819800Z [info     ] Task instance state updated    [airflow.api_fastapi.execution_api.routes.task_instances] correlation_id=01a0fa4a-80f2-711e-87c2-e48769f2e5a2 loc=task_instances.py:485 new_state=success rows_affected=1 ti_id=01a0fa48-5679-70dc-846f-51f99df87e57
Task instance in success state
 Previous state of the Task instance: TaskInstanceState.RUNNING
Task operator:<Task(_PythonDecoratedOperator): ingest_detail_2>
2026-10-02T01:46:21.823887Z [info     ] ::endgroup::                   [task] loc=task_runner.py:2379
2026-10-02T01:46:21.829699Z [info     ] [DAG TEST] end task task_id=ingest_detail_2 map_index=-1 [airflow.sdk.definitions.dag] loc=dag.py:1563
2026-10-02T01:46:21.829880Z [info     ] [DAG TEST] starting task_id=ingest_world_2 map_index=-1 [airflow.sdk.definitions.dag] loc=dag.py:1501
2026-10-02T01:46:21.829951Z [info     ] [DAG TEST] running task <TaskInstance: trade_backfill_pipeline.ingest_world_2 manual__2026-10-02T01:43:59.763749+00:00 [TaskInstanceState.SCHEDULED] ti_id=01a0fa48-567a-7dea-a58e-1967ad21b71a> [airflow.sdk.definitions.dag] loc=dag.py:1504
2026-10-02T01:46:21.837744Z [info     ] Task started                   [airflow.api_fastapi.execution_api.routes.task_instances] correlation_id=01a0fa4a-8109-7cd2-9bb5-279782c4d217 hostname=afe341678f81 loc=task_instances.py:226 previous_state=queued ti_id=01a0fa48-567a-7dea-a58e-1967ad21b71a
2026-10-02T01:46:21.838594Z [info     ] Task instance state updated    [airflow.api_fastapi.execution_api.routes.task_instances] correlation_id=01a0fa4a-8109-7cd2-9bb5-279782c4d217 loc=task_instances.py:254 rows_affected=1 ti_id=01a0fa48-567a-7dea-a58e-1967ad21b71a
2026-10-02T01:46:21.852748Z [info     ] Updating RenderedTaskInstanceFields [airflow.api_fastapi.execution_api.routes.task_instances] correlation_id=01a0fa4a-811a-713b-865a-bad4e19c946d field_count=3 loc=task_instances.py:1017 ti_id=01a0fa48-567a-7dea-a58e-1967ad21b71a
Task instance is in running state
 Previous state of the Task instance: TaskInstanceState.QUEUED
Current task name:ingest_world_2
Dag name:trade_backfill_pipeline
2026-10-02T01:46:21.857551Z [info     ] ::endgroup::                   [task] loc=task_runner.py:2232
{"step": "ingest", "kind": "world_total", "period": "202603", "run_id": "backfill-202603-8f2b32796c924f65"}
{"checksum": "sha256:0aac4639767fd0376ac4537d155190232515fbe5c1da17a2944b421d202a9245", "data_uri": "s3://trade-analytics-prod-816079797958-ap-northeast-1-an/un_comtrade/v2/hs_version=H6/cmd_code=8542/period=202603/query_type=world_total/revision=1/data.ndjson", "kind": "world_total", "manifest_uri": "s3://trade-analytics-prod-816079797958-ap-northeast-1-an/un_comtrade/v2/hs_version=H6/cmd_code=8542/period=202603/query_type=world_total/revision=1/manifest.json", "period": "202603", "revision": 1, "row_count": 1, "run_id": "backfill-202603-8f2b32796c924f65", "status": "success", "step": "ingest"}

2026-10-02T01:46:26.069998Z [info     ] Done. Returned value was: {'checksum': 'sha256:0aac4639767fd0376ac4537d155190232515fbe5c1da17a2944b421d202a9245', 'data_uri': 's3://trade-analytics-prod-816079797958-ap-northeast-1-an/un_comtrade/v2/hs_version=H6/cmd_code=8542/period=202603/query_type=world_total/revision=1/data.ndjson', 'kind': 'world_total', 'manifest_uri': 's3://trade-analytics-prod-816079797958-ap-northeast-1-an/un_comtrade/v2/hs_version=H6/cmd_code=8542/period=202603/query_type=world_total/revision=1/manifest.json', 'period': '202603', 'revision': 1, 'row_count': 1, 'run_id': 'backfill-202603-8f2b32796c924f65', 'status': 'success', 'step': 'ingest'} [airflow.task.operators.airflow.providers.standard.decorators.python._PythonDecoratedOperator] loc=python.py:233
2026-10-02T01:46:26.082746Z [info     ] ::group::Post Execute          [task] loc=task_runner.py:1580
2026-10-02T01:46:26.089089Z [info     ] Pushing xcom                   [task] loc=task_runner.py:2280 ti=RuntimeTaskInstance(id=UUID('01a0fa48-567a-7dea-a58e-1967ad21b71a'), task_id='ingest_world_2', dag_id='trade_backfill_pipeline', run_id='manual__2026-10-02T01:43:59.763749+00:00', try_number=1, dag_version_id=UUID('01a0f340-b3af-72cd-8aa4-d8e453a1915b'), map_index=-1, hostname='afe341678f81', context_carrier=None, queue='default', task=<Task(_PythonDecoratedOperator): ingest_world_2>, max_tries=3, start_date=datetime.datetime(2026, 10, 2, 1, 46, 21, 832840, tzinfo=datetime.timezone.utc), end_date=None, state=<TaskInstanceState.RUNNING: 'running'>, is_mapped=False, rendered_map_index=None, sentry_integration='')
2026-10-02T01:46:27.525517Z [info     ] Task instance state updated    [airflow.api_fastapi.execution_api.routes.task_instances] correlation_id=01a0fa4a-96f0-71e9-b67f-452cbfcb9093 loc=task_instances.py:485 new_state=success rows_affected=1 ti_id=01a0fa48-567a-7dea-a58e-1967ad21b71a
Task instance in success state
 Previous state of the Task instance: TaskInstanceState.RUNNING
Task operator:<Task(_PythonDecoratedOperator): ingest_world_2>
2026-10-02T01:46:27.569284Z [info     ] ::endgroup::                   [task] loc=task_runner.py:2379
2026-10-02T01:46:27.639044Z [info     ] [DAG TEST] end task task_id=ingest_world_2 map_index=-1 [airflow.sdk.definitions.dag] loc=dag.py:1563
2026-10-02T01:46:28.045211Z [info     ] [DAG TEST] starting task_id=load_world_2 map_index=-1 [airflow.sdk.definitions.dag] loc=dag.py:1501
2026-10-02T01:46:28.045743Z [info     ] [DAG TEST] running task <TaskInstance: trade_backfill_pipeline.load_world_2 manual__2026-10-02T01:43:59.763749+00:00 [TaskInstanceState.SCHEDULED] ti_id=01a0fa48-567c-7374-bbaa-af0c3f3cd64c> [airflow.sdk.definitions.dag] loc=dag.py:1504
2026-10-02T01:46:28.139028Z [info     ] Task started                   [airflow.api_fastapi.execution_api.routes.task_instances] correlation_id=01a0fa4a-996d-7fd9-8bad-d768a1270186 hostname=afe341678f81 loc=task_instances.py:226 previous_state=queued ti_id=01a0fa48-567c-7374-bbaa-af0c3f3cd64c
2026-10-02T01:46:28.147541Z [info     ] Task instance state updated    [airflow.api_fastapi.execution_api.routes.task_instances] correlation_id=01a0fa4a-996d-7fd9-8bad-d768a1270186 loc=task_instances.py:254 rows_affected=1 ti_id=01a0fa48-567c-7374-bbaa-af0c3f3cd64c
2026-10-02T01:46:28.313532Z [info     ] Updating RenderedTaskInstanceFields [airflow.api_fastapi.execution_api.routes.task_instances] correlation_id=01a0fa4a-9a39-7a09-9c42-4075e0ec3157 field_count=3 loc=task_instances.py:1017 ti_id=01a0fa48-567c-7374-bbaa-af0c3f3cd64c
Task instance is in running state
 Previous state of the Task instance: TaskInstanceState.QUEUED
Current task name:load_world_2
Dag name:trade_backfill_pipeline
2026-10-02T01:46:28.388648Z [info     ] ::endgroup::                   [task] loc=task_runner.py:2232
{"step": "load", "kind": "world_total", "period": "202603", "run_id": "backfill-202603-8f2b32796c924f65"}
{"jobs": [{"job_id": "day11_67a0d37b51f0473792b079e8e58fbdff", "status": "success"}, {"job_id": "day11_4db287814421471993384ae0ad06099b", "status": "success"}, {"job_id": "day11_2c7ff291cd1249b1b5fd72e52be2312f", "status": "success"}, {"job_id": "day11_2b4c4c741ccc4a52b7e88552eb73f69e", "status": "success"}], "kind": "world_total", "period": "202603", "revision": 1, "rows": 1, "status": "success", "step": "load"}

2026-10-02T01:46:47.879749Z [info     ] Done. Returned value was: {'jobs': [{'job_id': 'day11_67a0d37b51f0473792b079e8e58fbdff', 'status': 'success'}, {'job_id': 'day11_4db287814421471993384ae0ad06099b', 'status': 'success'}, {'job_id': 'day11_2c7ff291cd1249b1b5fd72e52be2312f', 'status': 'success'}, {'job_id': 'day11_2b4c4c741ccc4a52b7e88552eb73f69e', 'status': 'success'}], 'kind': 'world_total', 'period': '202603', 'revision': 1, 'rows': 1, 'status': 'success', 'step': 'load'} [airflow.task.operators.airflow.providers.standard.decorators.python._PythonDecoratedOperator] loc=python.py:233
2026-10-02T01:46:47.880497Z [info     ] ::group::Post Execute          [task] loc=task_runner.py:1580
2026-10-02T01:46:47.881121Z [info     ] Pushing xcom                   [task] loc=task_runner.py:2280 ti=RuntimeTaskInstance(id=UUID('01a0fa48-567c-7374-bbaa-af0c3f3cd64c'), task_id='load_world_2', dag_id='trade_backfill_pipeline', run_id='manual__2026-10-02T01:43:59.763749+00:00', try_number=1, dag_version_id=UUID('01a0f340-b3af-72cd-8aa4-d8e453a1915b'), map_index=-1, hostname='afe341678f81', context_carrier=None, queue='default', task=<Task(_PythonDecoratedOperator): load_world_2>, max_tries=3, start_date=datetime.datetime(2026, 10, 2, 1, 46, 28, 76466, tzinfo=datetime.timezone.utc), end_date=None, state=<TaskInstanceState.RUNNING: 'running'>, is_mapped=False, rendered_map_index=None, sentry_integration='')
2026-10-02T01:46:48.157827Z [info     ] Task instance state updated    [airflow.api_fastapi.execution_api.routes.task_instances] correlation_id=01a0fa4a-e7b9-7708-8161-743cac34e72b loc=task_instances.py:485 new_state=success rows_affected=1 ti_id=01a0fa48-567c-7374-bbaa-af0c3f3cd64c
Task instance in success state
 Previous state of the Task instance: TaskInstanceState.RUNNING
Task operator:<Task(_PythonDecoratedOperator): load_world_2>
2026-10-02T01:46:48.171077Z [info     ] ::endgroup::                   [task] loc=task_runner.py:2379
2026-10-02T01:46:48.190710Z [info     ] [DAG TEST] end task task_id=load_world_2 map_index=-1 [airflow.sdk.definitions.dag] loc=dag.py:1563
2026-10-02T01:46:48.191231Z [info     ] [DAG TEST] starting task_id=load_detail_2 map_index=-1 [airflow.sdk.definitions.dag] loc=dag.py:1501
2026-10-02T01:46:48.191422Z [info     ] [DAG TEST] running task <TaskInstance: trade_backfill_pipeline.load_detail_2 manual__2026-10-02T01:43:59.763749+00:00 [TaskInstanceState.SCHEDULED] ti_id=01a0fa48-567b-7792-918c-c4f389f54b84> [airflow.sdk.definitions.dag] loc=dag.py:1504
2026-10-02T01:46:48.241319Z [info     ] Task started                   [airflow.api_fastapi.execution_api.routes.task_instances] correlation_id=01a0fa4a-e813-76b8-81d1-24f112086f73 hostname=afe341678f81 loc=task_instances.py:226 previous_state=queued ti_id=01a0fa48-567b-7792-918c-c4f389f54b84
2026-10-02T01:46:48.247122Z [info     ] Task instance state updated    [airflow.api_fastapi.execution_api.routes.task_instances] correlation_id=01a0fa4a-e813-76b8-81d1-24f112086f73 loc=task_instances.py:254 rows_affected=1 ti_id=01a0fa48-567b-7792-918c-c4f389f54b84
2026-10-02T01:46:48.319312Z [info     ] Updating RenderedTaskInstanceFields [airflow.api_fastapi.execution_api.routes.task_instances] correlation_id=01a0fa4a-e873-7b43-9f17-80dc1301ef4a field_count=3 loc=task_instances.py:1017 ti_id=01a0fa48-567b-7792-918c-c4f389f54b84
Task instance is in running state
 Previous state of the Task instance: TaskInstanceState.QUEUED
Current task name:load_detail_2
Dag name:trade_backfill_pipeline
2026-10-02T01:46:48.344039Z [info     ] ::endgroup::                   [task] loc=task_runner.py:2232
{"step": "load", "kind": "partner_detail", "period": "202603", "run_id": "backfill-202603-8f2b32796c924f65"}
{"jobs": [{"job_id": "day11_70d0b6ce7e574666bc0e4c251f82b8c9", "status": "success"}, {"job_id": "day11_62c9ee716d9b42aa8465a7d3cb9723b3", "status": "success"}, {"job_id": "day11_9d72a6a61559451a80b6d12c6c98391e", "status": "success"}, {"job_id": "day11_e63b9af996fa4b229f098931c2a2eb4e", "status": "success"}], "kind": "partner_detail", "period": "202603", "revision": 1, "rows": 66, "status": "success", "step": "load"}

2026-10-02T01:47:05.798677Z [info     ] Done. Returned value was: {'jobs': [{'job_id': 'day11_70d0b6ce7e574666bc0e4c251f82b8c9', 'status': 'success'}, {'job_id': 'day11_62c9ee716d9b42aa8465a7d3cb9723b3', 'status': 'success'}, {'job_id': 'day11_9d72a6a61559451a80b6d12c6c98391e', 'status': 'success'}, {'job_id': 'day11_e63b9af996fa4b229f098931c2a2eb4e', 'status': 'success'}], 'kind': 'partner_detail', 'period': '202603', 'revision': 1, 'rows': 66, 'status': 'success', 'step': 'load'} [airflow.task.operators.airflow.providers.standard.decorators.python._PythonDecoratedOperator] loc=python.py:233
2026-10-02T01:47:05.799269Z [info     ] ::group::Post Execute          [task] loc=task_runner.py:1580
2026-10-02T01:47:05.799650Z [info     ] Pushing xcom                   [task] loc=task_runner.py:2280 ti=RuntimeTaskInstance(id=UUID('01a0fa48-567b-7792-918c-c4f389f54b84'), task_id='load_detail_2', dag_id='trade_backfill_pipeline', run_id='manual__2026-10-02T01:43:59.763749+00:00', try_number=1, dag_version_id=UUID('01a0f340-b3af-72cd-8aa4-d8e453a1915b'), map_index=-1, hostname='afe341678f81', context_carrier=None, queue='default', task=<Task(_PythonDecoratedOperator): load_detail_2>, max_tries=3, start_date=datetime.datetime(2026, 10, 2, 1, 46, 48, 210042, tzinfo=datetime.timezone.utc), end_date=None, state=<TaskInstanceState.RUNNING: 'running'>, is_mapped=False, rendered_map_index=None, sentry_integration='')
2026-10-02T01:47:06.253704Z [info     ] Task instance state updated    [airflow.api_fastapi.execution_api.routes.task_instances] correlation_id=01a0fa4b-2e61-7b59-a0d8-367bbd7af0f9 loc=task_instances.py:485 new_state=success rows_affected=1 ti_id=01a0fa48-567b-7792-918c-c4f389f54b84
Task instance in success state
 Previous state of the Task instance: TaskInstanceState.RUNNING
Task operator:<Task(_PythonDecoratedOperator): load_detail_2>
2026-10-02T01:47:06.275773Z [info     ] ::endgroup::                   [task] loc=task_runner.py:2379
2026-10-02T01:47:06.310279Z [info     ] [DAG TEST] end task task_id=load_detail_2 map_index=-1 [airflow.sdk.definitions.dag] loc=dag.py:1563
2026-10-02T01:47:06.413679Z [info     ] [DAG TEST] starting task_id=attest_2 map_index=-1 [airflow.sdk.definitions.dag] loc=dag.py:1501
2026-10-02T01:47:06.415835Z [info     ] [DAG TEST] running task <TaskInstance: trade_backfill_pipeline.attest_2 manual__2026-10-02T01:43:59.763749+00:00 [TaskInstanceState.SCHEDULED] ti_id=01a0fa48-567d-7b98-a5f7-c2ddf9d3fef8> [airflow.sdk.definitions.dag] loc=dag.py:1504
2026-10-02T01:47:06.516299Z [info     ] Task started                   [airflow.api_fastapi.execution_api.routes.task_instances] correlation_id=01a0fa4b-2f41-7264-94b3-8e9bff8ecd0b hostname=afe341678f81 loc=task_instances.py:226 previous_state=queued ti_id=01a0fa48-567d-7b98-a5f7-c2ddf9d3fef8
2026-10-02T01:47:06.525929Z [info     ] Task instance state updated    [airflow.api_fastapi.execution_api.routes.task_instances] correlation_id=01a0fa4b-2f41-7264-94b3-8e9bff8ecd0b loc=task_instances.py:254 rows_affected=1 ti_id=01a0fa48-567d-7b98-a5f7-c2ddf9d3fef8
2026-10-02T01:47:06.645430Z [info     ] Updating RenderedTaskInstanceFields [airflow.api_fastapi.execution_api.routes.task_instances] correlation_id=01a0fa4b-3004-72d4-bf22-e048cbbb00f4 field_count=3 loc=task_instances.py:1017 ti_id=01a0fa48-567d-7b98-a5f7-c2ddf9d3fef8
Task instance is in running state
 Previous state of the Task instance: TaskInstanceState.QUEUED
Current task name:attest_2
Dag name:trade_backfill_pipeline
2026-10-02T01:47:06.687333Z [info     ] ::endgroup::                   [task] loc=task_runner.py:2232
{"step": "attest", "kind": null, "period": "202603", "run_id": "backfill-202603-8f2b32796c924f65"}
{"jobs": [{"job_id": "3f6bc762-42a7-4962-a573-408a5e307d80", "result": "success"}, {"job_id": "8c4edc5c-8f1c-49f1-831f-ae9dd95703f3", "result": "success"}, {"job_id": "bc33ec2e-5593-4bb3-81b0-811aa5407de4", "result": "success"}, {"job_id": "11cdc3c2-e397-4056-a303-6e0a2c843cc7", "result": "success"}, {"job_id": "d4289b9e-e762-431d-a10c-a82a57c0d93a", "result": "success"}, {"job_id": "d43b64b8-db43-4809-be0f-7b7663d0814e", "result": "success"}], "period": "202603", "sources": [{"checksum": "sha256:cc34f49a164908d3af3c2128185ad6ac32728717babc8f2c7b4ca5f329b4411d", "query_type": "partner_detail", "revision": 1, "snapshot_hash": "49bb62af153a8d6b24aa1c2a261ea615ebd360afc42ca9987da6be343434cccc", "source_file": "s3://trade-analytics-prod-816079797958-ap-northeast-1-an/un_comtrade/v2/hs_version=H6/cmd_code=8542/period=202603/query_type=partner_detail/revision=1/data.ndjson"}, {"checksum": "sha256:0aac4639767fd0376ac4537d155190232515fbe5c1da17a2944b421d202a9245", "query_type": "world_total", "revision": 1, "snapshot_hash": "1429078fda4bffb6f542e234fba2d292814fcc6516c2944a5a198263cae590c3", "source_file": "s3://trade-analytics-prod-816079797958-ap-northeast-1-an/un_comtrade/v2/hs_version=H6/cmd_code=8542/period=202603/query_type=world_total/revision=1/data.ndjson"}], "status": "verified", "step": "attest"}

2026-10-02T01:47:19.657611Z [info     ] Done. Returned value was: {'jobs': [{'job_id': '3f6bc762-42a7-4962-a573-408a5e307d80', 'result': 'success'}, {'job_id': '8c4edc5c-8f1c-49f1-831f-ae9dd95703f3', 'result': 'success'}, {'job_id': 'bc33ec2e-5593-4bb3-81b0-811aa5407de4', 'result': 'success'}, {'job_id': '11cdc3c2-e397-4056-a303-6e0a2c843cc7', 'result': 'success'}, {'job_id': 'd4289b9e-e762-431d-a10c-a82a57c0d93a', 'result': 'success'}, {'job_id': 'd43b64b8-db43-4809-be0f-7b7663d0814e', 'result': 'success'}], 'period': '202603', 'sources': [{'checksum': 'sha256:cc34f49a164908d3af3c2128185ad6ac32728717babc8f2c7b4ca5f329b4411d', 'query_type': 'partner_detail', 'revision': 1, 'snapshot_hash': '49bb62af153a8d6b24aa1c2a261ea615ebd360afc42ca9987da6be343434cccc', 'source_file': 's3://trade-analytics-prod-816079797958-ap-northeast-1-an/un_comtrade/v2/hs_version=H6/cmd_code=8542/period=202603/query_type=partner_detail/revision=1/data.ndjson'}, {'checksum': 'sha256:0aac4639767fd0376ac4537d155190232515fbe5c1da17a2944b421d202a9245', 'query_type': 'world_total', 'revision': 1, 'snapshot_hash': '1429078fda4bffb6f542e234fba2d292814fcc6516c2944a5a198263cae590c3', 'source_file': 's3://trade-analytics-prod-816079797958-ap-northeast-1-an/un_comtrade/v2/hs_version=H6/cmd_code=8542/period=202603/query_type=world_total/revision=1/data.ndjson'}], 'status': 'verified', 'step': 'attest'} [airflow.task.operators.airflow.providers.standard.decorators.python._PythonDecoratedOperator] loc=python.py:233
2026-10-02T01:47:19.662303Z [info     ] ::group::Post Execute          [task] loc=task_runner.py:1580
2026-10-02T01:47:19.665459Z [info     ] Pushing xcom                   [task] loc=task_runner.py:2280 ti=RuntimeTaskInstance(id=UUID('01a0fa48-567d-7b98-a5f7-c2ddf9d3fef8'), task_id='attest_2', dag_id='trade_backfill_pipeline', run_id='manual__2026-10-02T01:43:59.763749+00:00', try_number=1, dag_version_id=UUID('01a0f340-b3af-72cd-8aa4-d8e453a1915b'), map_index=-1, hostname='afe341678f81', context_carrier=None, queue='default', task=<Task(_PythonDecoratedOperator): attest_2>, max_tries=0, start_date=datetime.datetime(2026, 10, 2, 1, 47, 6, 431230, tzinfo=datetime.timezone.utc), end_date=None, state=<TaskInstanceState.RUNNING: 'running'>, is_mapped=False, rendered_map_index=None, sentry_integration='')
2026-10-02T01:47:19.967058Z [info     ] Task instance state updated    [airflow.api_fastapi.execution_api.routes.task_instances] correlation_id=01a0fa4b-63f8-7cf4-b695-b0c6446ccb84 loc=task_instances.py:485 new_state=success rows_affected=1 ti_id=01a0fa48-567d-7b98-a5f7-c2ddf9d3fef8
Task instance in success state
 Previous state of the Task instance: TaskInstanceState.RUNNING
Task operator:<Task(_PythonDecoratedOperator): attest_2>
2026-10-02T01:47:19.979942Z [info     ] ::endgroup::                   [task] loc=task_runner.py:2379
2026-10-02T01:47:19.995502Z [info     ] [DAG TEST] end task task_id=attest_2 map_index=-1 [airflow.sdk.definitions.dag] loc=dag.py:1563
2026-10-02T01:47:20.043511Z [info     ] [DAG TEST] starting task_id=build_2 map_index=-1 [airflow.sdk.definitions.dag] loc=dag.py:1501
2026-10-02T01:47:20.043748Z [info     ] [DAG TEST] running task <TaskInstance: trade_backfill_pipeline.build_2 manual__2026-10-02T01:43:59.763749+00:00 [TaskInstanceState.SCHEDULED] ti_id=01a0fa48-567e-702d-92ed-b2cd4433fcfa> [airflow.sdk.definitions.dag] loc=dag.py:1504
2026-10-02T01:47:20.076059Z [info     ] Task started                   [airflow.api_fastapi.execution_api.routes.task_instances] correlation_id=01a0fa4b-6472-7411-84de-28ca0f9df821 hostname=afe341678f81 loc=task_instances.py:226 previous_state=queued ti_id=01a0fa48-567e-702d-92ed-b2cd4433fcfa
2026-10-02T01:47:20.081135Z [info     ] Task instance state updated    [airflow.api_fastapi.execution_api.routes.task_instances] correlation_id=01a0fa4b-6472-7411-84de-28ca0f9df821 loc=task_instances.py:254 rows_affected=1 ti_id=01a0fa48-567e-702d-92ed-b2cd4433fcfa
2026-10-02T01:47:20.158098Z [info     ] Updating RenderedTaskInstanceFields [airflow.api_fastapi.execution_api.routes.task_instances] correlation_id=01a0fa4b-64cf-7f49-be6b-4ae9994b8fb3 field_count=3 loc=task_instances.py:1017 ti_id=01a0fa48-567e-702d-92ed-b2cd4433fcfa
Task instance is in running state
 Previous state of the Task instance: TaskInstanceState.QUEUED
Current task name:build_2
Dag name:trade_backfill_pipeline
2026-10-02T01:47:20.183118Z [info     ] ::endgroup::                   [task] loc=task_runner.py:2232
{"step": "build", "kind": null, "period": "202603", "run_id": "backfill-202603-8f2b32796c924f65"}
01:47:26  Running with dbt=1.12.5
01:47:29  Registered adapter: bigquery=1.12.1
01:47:30  Unable to do partial parsing because config vars, config profile, or config target have changed
01:47:38  Found 10 models, 71 data tests, 2 seeds, 3 sources, 563 macros, 5 unit tests
01:47:38
01:47:38  Concurrency: 4 threads (target='day11')
01:47:38
01:47:39  1 of 88 START sql table model trade_analytics_day10_dev.dim_months ............. [RUN]
01:47:39  2 of 88 START sql view model trade_analytics_day10_dev.stg_un_comtrade__partner_trades  [RUN]
01:47:39  3 of 88 START sql view model trade_analytics_day10_dev.stg_un_comtrade__world_totals  [RUN]
01:47:39  4 of 88 START seed file trade_analytics_day10_dev.country_reference ............ [RUN]
01:47:40  3 of 88 OK created sql view model trade_analytics_day10_dev.stg_un_comtrade__world_totals  [CREATE VIEW (0 processed) in 1.00s]
01:47:40  2 of 88 OK created sql view model trade_analytics_day10_dev.stg_un_comtrade__partner_trades  [CREATE VIEW (0 processed) in 1.01s]
01:47:40  5 of 88 START seed file trade_analytics_day10_dev.hs_code_reference ............ [RUN]
01:47:40  6 of 88 START test assert_world_grain_unique ................................... [RUN]
01:47:41  1 of 88 OK created sql table model trade_analytics_day10_dev.dim_months ........ [CREATE TABLE (39.0 rows, 0 processed) in 1.90s]
01:47:41  7 of 88 START test assert_january_2023_exists .................................. [RUN]
01:47:42  6 of 88 PASS assert_world_grain_unique ......................................... [PASS in 1.41s]
01:47:42  8 of 88 START test assert_partner_grain_unique ................................. [RUN]
01:47:42  7 of 88 PASS assert_january_2023_exists ........................................ [PASS in 1.07s]
01:47:42  9 of 88 START test assert_staging_contract ..................................... [RUN]
01:47:43  4 of 88 OK loaded seed file trade_analytics_day10_dev.country_reference ........ [INSERT 163 in 3.31s]
01:47:43  10 of 88 START test assert_staging_matches_raw ................................. [RUN]
01:47:43  8 of 88 PASS assert_partner_grain_unique ....................................... [PASS in 1.18s]
01:47:43  11 of 88 START test assert_month_spine_complete ................................ [RUN]
01:47:43  5 of 88 OK loaded seed file trade_analytics_day10_dev.hs_code_reference ........ [INSERT 1 in 2.85s]
01:47:43  12 of 88 START test not_null_dim_months_month_start_date ....................... [RUN]
01:47:44  10 of 88 PASS assert_staging_matches_raw ....................................... [PASS in 1.24s]
01:47:44  13 of 88 START test not_null_dim_months_period ................................. [RUN]
01:47:44  11 of 88 PASS assert_month_spine_complete ...................................... [PASS in 0.93s]
01:47:44  14 of 88 START test unique_dim_months_month_start_date ......................... [RUN]
01:47:44  12 of 88 PASS not_null_dim_months_month_start_date ............................. [PASS in 0.87s]
01:47:44  15 of 88 START test unique_dim_months_period ................................... [RUN]
01:47:44  9 of 88 PASS assert_staging_contract ........................................... [PASS in 2.14s]
01:47:44  16 of 88 START test accepted_values_country_reference_classification_status__verified__needs_review  [RUN]
01:47:45  13 of 88 PASS not_null_dim_months_period ....................................... [PASS in 1.29s]
01:47:45  17 of 88 START test accepted_values_country_reference_partner_type__country__world__aggregate__special__unknown  [RUN]
01:47:45  14 of 88 PASS unique_dim_months_month_start_date ............................... [PASS in 1.27s]
01:47:45  18 of 88 START test accepted_values_country_reference_reconciliation_role__detail__overlap__world__unresolved  [RUN]
01:47:46  16 of 88 PASS accepted_values_country_reference_classification_status__verified__needs_review  [PASS in 1.09s]
01:47:46  15 of 88 PASS unique_dim_months_period ......................................... [PASS in 1.56s]
01:47:46  19 of 88 START test not_null_country_reference_classification_note ............. [RUN]
01:47:46  20 of 88 START test not_null_country_reference_classification_status ........... [RUN]
01:47:47  17 of 88 PASS accepted_values_country_reference_partner_type__country__world__aggregate__special__unknown  [PASS in 1.45s]
01:47:47  21 of 88 START test not_null_country_reference_partner_code .................... [RUN]
01:47:47  18 of 88 PASS accepted_values_country_reference_reconciliation_role__detail__overlap__world__unresolved  [PASS in 1.62s]
01:47:47  19 of 88 PASS not_null_country_reference_classification_note ................... [PASS in 1.22s]
01:47:47  22 of 88 START test not_null_country_reference_partner_type .................... [RUN]
01:47:47  23 of 88 START test not_null_country_reference_reconciliation_role ............. [RUN]
01:47:47  20 of 88 PASS not_null_country_reference_classification_status ................. [PASS in 1.35s]
01:47:47  24 of 88 START test not_null_country_reference_retrieved_at .................... [RUN]
01:47:48  21 of 88 PASS not_null_country_reference_partner_code .......................... [PASS in 1.10s]
01:47:48  25 of 88 START test not_null_country_reference_source_name ..................... [RUN]
01:47:48  23 of 88 PASS not_null_country_reference_reconciliation_role ................... [PASS in 1.07s]
01:47:48  22 of 88 PASS not_null_country_reference_partner_type .......................... [PASS in 1.09s]
01:47:48  26 of 88 START test not_null_country_reference_source_url ...................... [RUN]
01:47:48  27 of 88 START test unique_country_reference_partner_code ...................... [RUN]
01:47:48  24 of 88 PASS not_null_country_reference_retrieved_at .......................... [PASS in 1.09s]
01:47:48  28 of 88 START test compound_unique_hs_code_reference_hs_version__cmd_code ..... [RUN]
01:47:49  25 of 88 PASS not_null_country_reference_source_name ........................... [PASS in 1.09s]
01:47:49  29 of 88 START test not_null_hs_code_reference_cmd_code ........................ [RUN]
01:47:49  26 of 88 PASS not_null_country_reference_source_url ............................ [PASS in 1.18s]
01:47:49  30 of 88 START test not_null_hs_code_reference_code_level ...................... [RUN]
01:47:49  27 of 88 PASS unique_country_reference_partner_code ............................ [PASS in 1.22s]
01:47:49  28 of 88 PASS compound_unique_hs_code_reference_hs_version__cmd_code ........... [PASS in 1.07s]
01:47:49  31 of 88 START test not_null_hs_code_reference_hs_description .................. [RUN]
01:47:49  32 of 88 START test not_null_hs_code_reference_hs_version ...................... [RUN]
01:47:50  29 of 88 PASS not_null_hs_code_reference_cmd_code .............................. [PASS in 1.04s]
01:47:50  33 of 88 START test not_null_hs_code_reference_parent_code ..................... [RUN]
01:47:51  30 of 88 PASS not_null_hs_code_reference_code_level ............................ [PASS in 1.31s]
01:47:51  31 of 88 PASS not_null_hs_code_reference_hs_description ........................ [PASS in 1.21s]
01:47:51  34 of 88 START test not_null_hs_code_reference_retrieved_at .................... [RUN]
01:47:51  35 of 88 START test not_null_hs_code_reference_source_url ...................... [RUN]
01:47:51  32 of 88 PASS not_null_hs_code_reference_hs_version ............................ [PASS in 1.29s]
01:47:51  36 of 88 START sql table model trade_analytics_day10_dev.dim_countries ......... [RUN]
01:47:51  33 of 88 PASS not_null_hs_code_reference_parent_code ........................... [PASS in 1.07s]
01:47:52  34 of 88 PASS not_null_hs_code_reference_retrieved_at .......................... [PASS in 1.59s]
01:47:52  35 of 88 PASS not_null_hs_code_reference_source_url ............................ [PASS in 1.56s]
01:47:52  37 of 88 START sql table model trade_analytics_day10_dev.dim_hs_codes .......... [RUN]
01:47:53  36 of 88 OK created sql table model trade_analytics_day10_dev.dim_countries .... [CREATE TABLE (163.0 rows, 86.5 KiB processed) in 1.94s]
01:47:53  38 of 88 START test accepted_values_dim_countries_classification_status__verified__needs_review  [RUN]
01:47:53  39 of 88 START test accepted_values_dim_countries_partner_type__country__world__aggregate__special__unknown  [RUN]
01:47:53  40 of 88 START test accepted_values_dim_countries_reconciliation_role__detail__overlap__world__unresolved  [RUN]
01:47:54  37 of 88 OK created sql table model trade_analytics_day10_dev.dim_hs_codes ..... [CREATE TABLE (1.0 rows, 154.0 Bytes processed) in 1.84s]
01:47:54  41 of 88 START test assert_special_partner_contract ............................ [RUN]
01:47:55  38 of 88 PASS accepted_values_dim_countries_classification_status__verified__needs_review  [PASS in 1.65s]
01:47:55  42 of 88 START test not_null_dim_countries_classification_status ............... [RUN]
01:47:55  40 of 88 PASS accepted_values_dim_countries_reconciliation_role__detail__overlap__world__unresolved  [PASS in 1.74s]
01:47:55  43 of 88 START test not_null_dim_countries_partner_code ........................ [RUN]
01:47:55  39 of 88 PASS accepted_values_dim_countries_partner_type__country__world__aggregate__special__unknown  [PASS in 1.88s]
01:47:55  44 of 88 START test not_null_dim_countries_partner_type ........................ [RUN]
01:47:55  41 of 88 PASS assert_special_partner_contract .................................. [PASS in 1.02s]
01:47:55  45 of 88 START test not_null_dim_countries_reconciliation_role ................. [RUN]
01:47:56  42 of 88 PASS not_null_dim_countries_classification_status ..................... [PASS in 1.28s]
01:47:56  46 of 88 START test unique_dim_countries_partner_code .......................... [RUN]
01:47:56  43 of 88 PASS not_null_dim_countries_partner_code .............................. [PASS in 1.38s]
01:47:56  47 of 88 START test assert_hs_reference_contract ............................... [RUN]
01:47:56  44 of 88 PASS not_null_dim_countries_partner_type .............................. [PASS in 1.40s]
01:47:57  48 of 88 START test compound_unique_dim_hs_codes_hs_version__cmd_code .......... [RUN]
01:47:57  45 of 88 PASS not_null_dim_countries_reconciliation_role ....................... [PASS in 1.53s]
01:47:57  49 of 88 START test not_null_dim_hs_codes_cmd_code ............................. [RUN]
01:47:58  46 of 88 PASS unique_dim_countries_partner_code ................................ [PASS in 1.49s]
01:47:58  50 of 88 START test not_null_dim_hs_codes_code_level ........................... [RUN]
01:47:58  47 of 88 PASS assert_hs_reference_contract ..................................... [PASS in 1.49s]
01:47:58  51 of 88 START test not_null_dim_hs_codes_hs_version ........................... [RUN]
01:47:58  48 of 88 PASS compound_unique_dim_hs_codes_hs_version__cmd_code ................ [PASS in 1.34s]
01:47:58  52 of 88 START sql table model trade_analytics_day10_dev.audit_partner_mapping_issues  [RUN]
01:47:58  49 of 88 PASS not_null_dim_hs_codes_cmd_code ................................... [PASS in 1.24s]
01:47:59  50 of 88 PASS not_null_dim_hs_codes_code_level ................................. [PASS in 1.05s]
01:47:59  51 of 88 PASS not_null_dim_hs_codes_hs_version ................................. [PASS in 1.28s]
01:47:59  53 of 88 START sql table model trade_analytics_day10_dev.fct_monthly_semiconductor_imports  [RUN]
01:48:01  52 of 88 OK created sql table model trade_analytics_day10_dev.audit_partner_mapping_issues  [CREATE TABLE (39.0 rows, 613.1 KiB processed) in 2.63s]
01:48:01  54 of 88 START test assert_missing_country_audited ............................. [RUN]
01:48:01  55 of 88 START test not_null_audit_partner_mapping_issues_issue_type ........... [RUN]
01:48:01  56 of 88 START test not_null_audit_partner_mapping_issues_observed_at .......... [RUN]
01:48:02  53 of 88 OK created sql table model trade_analytics_day10_dev.fct_monthly_semiconductor_imports  [CREATE TABLE (2.5k rows, 913.9 KiB processed) in 2.31s]
01:48:02  57 of 88 START test not_null_audit_partner_mapping_issues_partner_code ......... [RUN]
01:48:02  56 of 88 PASS not_null_audit_partner_mapping_issues_observed_at ................ [PASS in 1.25s]
01:48:02  58 of 88 START test accepted_values_fct_monthly_semiconductor_imports_classification_status__verified__needs_review  [RUN]
01:48:02  55 of 88 PASS not_null_audit_partner_mapping_issues_issue_type ................. [PASS in 1.31s]
01:48:02  59 of 88 START test accepted_values_fct_monthly_semiconductor_imports_partner_type__country__world__aggregate__special__unknown  [RUN]
01:48:03  54 of 88 PASS assert_missing_country_audited ................................... [PASS in 1.76s]
01:48:03  60 of 88 START test accepted_values_fct_monthly_semiconductor_imports_reconciliation_role__detail__overlap__world__unresolved  [RUN]
01:48:03  57 of 88 PASS not_null_audit_partner_mapping_issues_partner_code ............... [PASS in 0.94s]
01:48:03  61 of 88 START test assert_fact_contract ....................................... [RUN]
01:48:03  58 of 88 PASS accepted_values_fct_monthly_semiconductor_imports_classification_status__verified__needs_review  [PASS in 0.96s]
01:48:03  59 of 88 PASS accepted_values_fct_monthly_semiconductor_imports_partner_type__country__world__aggregate__special__unknown  [PASS in 0.87s]
01:48:03  62 of 88 START test assert_fact_preserves_staging .............................. [RUN]
01:48:03  63 of 88 START test compound_unique_fct_monthly_semiconductor_imports_period_start_date__partner_code__cmd_code__hs_version  [RUN]
01:48:03  60 of 88 PASS accepted_values_fct_monthly_semiconductor_imports_reconciliation_role__detail__overlap__world__unresolved  [PASS in 0.88s]
01:48:03  64 of 88 START test not_null_fct_monthly_semiconductor_imports_cmd_code ........ [RUN]
01:48:04  61 of 88 PASS assert_fact_contract ............................................. [PASS in 0.90s]
01:48:04  65 of 88 START test not_null_fct_monthly_semiconductor_imports_country_mapping_found  [RUN]
01:48:04  63 of 88 PASS compound_unique_fct_monthly_semiconductor_imports_period_start_date__partner_code__cmd_code__hs_version  [PASS in 0.98s]
01:48:04  66 of 88 START test not_null_fct_monthly_semiconductor_imports_hs_mapping_found  [RUN]
01:48:04  65 of 88 PASS not_null_fct_monthly_semiconductor_imports_country_mapping_found . [PASS in 0.87s]
01:48:04  67 of 88 START test not_null_fct_monthly_semiconductor_imports_hs_version ...... [RUN]
01:48:04  64 of 88 PASS not_null_fct_monthly_semiconductor_imports_cmd_code .............. [PASS in 1.00s]
01:48:05  68 of 88 START test not_null_fct_monthly_semiconductor_imports_month_mapping_found  [RUN]
01:48:05  62 of 88 PASS assert_fact_preserves_staging .................................... [PASS in 1.67s]
01:48:05  69 of 88 START test not_null_fct_monthly_semiconductor_imports_partner_code .... [RUN]
01:48:05  66 of 88 PASS not_null_fct_monthly_semiconductor_imports_hs_mapping_found ...... [PASS in 0.89s]
01:48:05  70 of 88 START test not_null_fct_monthly_semiconductor_imports_period_start_date  [RUN]
01:48:05  67 of 88 PASS not_null_fct_monthly_semiconductor_imports_hs_version ............ [PASS in 0.90s]
01:48:05  68 of 88 PASS not_null_fct_monthly_semiconductor_imports_month_mapping_found ... [PASS in 0.88s]
01:48:06  69 of 88 PASS not_null_fct_monthly_semiconductor_imports_partner_code .......... [PASS in 0.86s]
01:48:06  70 of 88 PASS not_null_fct_monthly_semiconductor_imports_period_start_date ..... [PASS in 0.89s]
01:48:06  71 of 88 START unit_test int_partner_market_share::day09_partner_and_version_isolation  [RUN]
01:48:09  71 of 88 PASS int_partner_market_share::day09_partner_and_version_isolation .... [PASS in 3.21s]
01:48:09  72 of 88 START unit_test int_partner_market_share::day09_invalid_denominators_and_zero_current  [RUN]
01:48:12  72 of 88 PASS int_partner_market_share::day09_invalid_denominators_and_zero_current  [PASS in 2.68s]
01:48:12  73 of 88 START unit_test int_partner_market_share::day09_calendar_growth_and_weights  [RUN]
01:48:15  73 of 88 PASS int_partner_market_share::day09_calendar_growth_and_weights ...... [PASS in 2.80s]
01:48:15  74 of 88 START sql view model trade_analytics_day10_dev.int_partner_market_share  [RUN]
01:48:16  74 of 88 OK created sql view model trade_analytics_day10_dev.int_partner_market_share  [CREATE VIEW (0 processed) in 0.96s]
01:48:16  75 of 88 START test accepted_values_int_partner_market_share_market_share_status__ok__missing_world__invalid_world__missing_value  [RUN]
01:48:16  76 of 88 START test compound_unique_int_partner_market_share_period_start_date__partner_code__cmd_code__hs_version  [RUN]
01:48:16  77 of 88 START test not_null_int_partner_market_share_market_share_status ...... [RUN]
01:48:17  77 of 88 PASS not_null_int_partner_market_share_market_share_status ............ [PASS in 1.26s]
01:48:17  75 of 88 PASS accepted_values_int_partner_market_share_market_share_status__ok__missing_world__invalid_world__missing_value  [PASS in 1.31s]
01:48:17  76 of 88 PASS compound_unique_int_partner_market_share_period_start_date__partner_code__cmd_code__hs_version  [PASS in 1.51s]
01:48:17  78 of 88 START unit_test int_market_concentration_hhi::day09_hhi_unreviewed_country  [RUN]
01:48:20  78 of 88 PASS int_market_concentration_hhi::day09_hhi_unreviewed_country ....... [PASS in 2.62s]
01:48:20  79 of 88 START unit_test int_market_concentration_hhi::day09_hhi_hand_calculations_and_coverage  [RUN]
01:48:23  79 of 88 PASS int_market_concentration_hhi::day09_hhi_hand_calculations_and_coverage  [PASS in 3.10s]
01:48:23  80 of 88 START sql view model trade_analytics_day10_dev.int_market_concentration_hhi  [RUN]
01:48:24  80 of 88 OK created sql view model trade_analytics_day10_dev.int_market_concentration_hhi  [CREATE VIEW (0 processed) in 0.98s]
01:48:24  81 of 88 START test accepted_values_int_market_concentration_hhi_hhi_status__ok__missing_world__invalid_world__no_countries__missing_country_value__negative_country_value__unreviewed_country__insufficient_coverage  [RUN]
01:48:24  82 of 88 START test compound_unique_int_market_concentration_hhi_period_start_date__cmd_code__hs_version  [RUN]
01:48:24  83 of 88 START test not_null_int_market_concentration_hhi_hhi_status ........... [RUN]
01:48:25  82 of 88 PASS compound_unique_int_market_concentration_hhi_period_start_date__cmd_code__hs_version  [PASS in 1.37s]
01:48:25  81 of 88 PASS accepted_values_int_market_concentration_hhi_hhi_status__ok__missing_world__invalid_world__no_countries__missing_country_value__negative_country_value__unreviewed_country__insufficient_coverage  [PASS in 1.52s]
01:48:25  83 of 88 PASS not_null_int_market_concentration_hhi_hhi_status ................. [PASS in 1.53s]
01:48:26  84 of 88 START sql table model trade_analytics_day10_dev.mart_us_semiconductor_supply_chain_candidate  [RUN]
01:48:28  84 of 88 OK created sql table model trade_analytics_day10_dev.mart_us_semiconductor_supply_chain_candidate  [CREATE TABLE (2.5k rows, 1.1 MiB processed) in 2.88s]
01:48:28  85 of 88 START test assert_day09_candidate_preserves_fact ...................... [RUN]
01:48:28  86 of 88 START test assert_day09_metric_contract ............................... [RUN]
01:48:28  87 of 88 START test compound_unique_mart_us_semiconductor_supply_chain_candidate_period_start_date__partner_code__cmd_code__hs_version  [RUN]
01:48:28  88 of 88 START test not_null_mart_us_semiconductor_supply_chain_candidate_hhi_status  [RUN]
01:48:30  86 of 88 PASS assert_day09_metric_contract ..................................... [PASS in 1.27s]
01:48:30  85 of 88 PASS assert_day09_candidate_preserves_fact ............................ [PASS in 1.32s]
01:48:30  88 of 88 PASS not_null_mart_us_semiconductor_supply_chain_candidate_hhi_status . [PASS in 1.33s]
01:48:30  87 of 88 PASS compound_unique_mart_us_semiconductor_supply_chain_candidate_period_start_date__partner_code__cmd_code__hs_version  [PASS in 1.35s]
01:48:30
01:48:30  Finished running 2 seeds, 6 table models, 71 data tests, 5 unit tests, 4 view models in 0 hours 0 minutes and 51.80 seconds (51.80s).
01:48:30
01:48:30  Completed successfully
01:48:30
01:48:30  Done. PASS=88 WARN=0 ERROR=0 SKIP=0 NO-OP=0 REUSED=0 TOTAL=88
{"period": "202603", "status": "success", "step": "build", "vars": {"month_spine_end_date": "2026-03-01", "month_spine_start_date": "2023-01-01", "raw_end_date": "2026-04-01", "raw_start_date": "2023-01-01"}}

2026-10-02T01:48:37.656123Z [info     ] Done. Returned value was: {'period': '202603', 'status': 'success', 'step': 'build', 'vars': {'month_spine_end_date': '2026-03-01', 'month_spine_start_date': '2023-01-01', 'raw_end_date': '2026-04-01', 'raw_start_date': '2023-01-01'}} [airflow.task.operators.airflow.providers.standard.decorators.python._PythonDecoratedOperator] loc=python.py:233
2026-10-02T01:48:37.657215Z [info     ] ::group::Post Execute          [task] loc=task_runner.py:1580
2026-10-02T01:48:37.659646Z [info     ] Pushing xcom                   [task] loc=task_runner.py:2280 ti=RuntimeTaskInstance(id=UUID('01a0fa48-567e-702d-92ed-b2cd4433fcfa'), task_id='build_2', dag_id='trade_backfill_pipeline', run_id='manual__2026-10-02T01:43:59.763749+00:00', try_number=1, dag_version_id=UUID('01a0f340-b3af-72cd-8aa4-d8e453a1915b'), map_index=-1, hostname='afe341678f81', context_carrier=None, queue='default', task=<Task(_PythonDecoratedOperator): build_2>, max_tries=0, start_date=datetime.datetime(2026, 10, 2, 1, 47, 20, 49362, tzinfo=datetime.timezone.utc), end_date=None, state=<TaskInstanceState.RUNNING: 'running'>, is_mapped=False, rendered_map_index=None, sentry_integration='')
2026-10-02T01:48:38.361044Z [info     ] Task instance state updated    [airflow.api_fastapi.execution_api.routes.task_instances] correlation_id=01a0fa4c-95fe-765b-85be-cd2a28f56f0c loc=task_instances.py:485 new_state=success rows_affected=1 ti_id=01a0fa48-567e-702d-92ed-b2cd4433fcfa
Task instance in success state
 Previous state of the Task instance: TaskInstanceState.RUNNING
Task operator:<Task(_PythonDecoratedOperator): build_2>
2026-10-02T01:48:38.394311Z [info     ] ::endgroup::                   [task] loc=task_runner.py:2379
2026-10-02T01:48:38.442538Z [info     ] [DAG TEST] end task task_id=build_2 map_index=-1 [airflow.sdk.definitions.dag] loc=dag.py:1563
2026-10-02T01:48:38.590243Z [info     ] [DAG TEST] starting task_id=audit_2 map_index=-1 [airflow.sdk.definitions.dag] loc=dag.py:1501
2026-10-02T01:48:38.590654Z [info     ] [DAG TEST] running task <TaskInstance: trade_backfill_pipeline.audit_2 manual__2026-10-02T01:43:59.763749+00:00 [TaskInstanceState.SCHEDULED] ti_id=01a0fa48-567f-7058-86b0-0a0585c70bba> [airflow.sdk.definitions.dag] loc=dag.py:1504
2026-10-02T01:48:38.663669Z [info     ] Task started                   [airflow.api_fastapi.execution_api.routes.task_instances] correlation_id=01a0fa4c-9752-70ba-8651-b8a8fc86794d hostname=afe341678f81 loc=task_instances.py:226 previous_state=queued ti_id=01a0fa48-567f-7058-86b0-0a0585c70bba
2026-10-02T01:48:38.670037Z [info     ] Task instance state updated    [airflow.api_fastapi.execution_api.routes.task_instances] correlation_id=01a0fa4c-9752-70ba-8651-b8a8fc86794d loc=task_instances.py:254 rows_affected=1 ti_id=01a0fa48-567f-7058-86b0-0a0585c70bba
2026-10-02T01:48:38.828106Z [info     ] Updating RenderedTaskInstanceFields [airflow.api_fastapi.execution_api.routes.task_instances] correlation_id=01a0fa4c-9811-7c79-b813-e45440a88fd0 field_count=3 loc=task_instances.py:1017 ti_id=01a0fa48-567f-7058-86b0-0a0585c70bba
Task instance is in running state
 Previous state of the Task instance: TaskInstanceState.QUEUED
Current task name:audit_2
Dag name:trade_backfill_pipeline
2026-10-02T01:48:38.881872Z [info     ] ::endgroup::                   [task] loc=task_runner.py:2232
{"step": "audit", "kind": null, "period": "202603", "run_id": "backfill-202603-8f2b32796c924f65"}
{"jobs": [{"job_id": "7e1c771d-9b6b-4f6e-9844-0f0a341ae49a", "result": "success"}, {"job_id": "7ffdf5a0-87a8-4b6d-8653-7f673ef7f6a0", "result": "success"}, {"job_id": "1b6a8b9f-b368-4301-91cd-3b7943a2211d", "result": "success"}], "period": "202603", "reason_codes": [], "run_id": "backfill-202603-8f2b32796c924f65", "status": "PASS", "step": "audit"}

2026-10-02T01:48:50.146269Z [info     ] Done. Returned value was: {'jobs': [{'job_id': '7e1c771d-9b6b-4f6e-9844-0f0a341ae49a', 'result': 'success'}, {'job_id': '7ffdf5a0-87a8-4b6d-8653-7f673ef7f6a0', 'result': 'success'}, {'job_id': '1b6a8b9f-b368-4301-91cd-3b7943a2211d', 'result': 'success'}], 'period': '202603', 'reason_codes': [], 'run_id': 'backfill-202603-8f2b32796c924f65', 'status': 'PASS', 'step': 'audit'} [airflow.task.operators.airflow.providers.standard.decorators.python._PythonDecoratedOperator] loc=python.py:233
2026-10-02T01:48:50.147089Z [info     ] ::group::Post Execute          [task] loc=task_runner.py:1580
2026-10-02T01:48:50.147811Z [info     ] Pushing xcom                   [task] loc=task_runner.py:2280 ti=RuntimeTaskInstance(id=UUID('01a0fa48-567f-7058-86b0-0a0585c70bba'), task_id='audit_2', dag_id='trade_backfill_pipeline', run_id='manual__2026-10-02T01:43:59.763749+00:00', try_number=1, dag_version_id=UUID('01a0f340-b3af-72cd-8aa4-d8e453a1915b'), map_index=-1, hostname='afe341678f81', context_carrier=None, queue='default', task=<Task(_PythonDecoratedOperator): audit_2>, max_tries=0, start_date=datetime.datetime(2026, 10, 2, 1, 48, 38, 609411, tzinfo=datetime.timezone.utc), end_date=None, state=<TaskInstanceState.RUNNING: 'running'>, is_mapped=False, rendered_map_index=None, sentry_integration='')
2026-10-02T01:48:50.411966Z [info     ] Task instance state updated    [airflow.api_fastapi.execution_api.routes.task_instances] correlation_id=01a0fa4c-c54c-7505-b68e-af495f99b6db loc=task_instances.py:485 new_state=success rows_affected=1 ti_id=01a0fa48-567f-7058-86b0-0a0585c70bba
Task instance in success state
 Previous state of the Task instance: TaskInstanceState.RUNNING
Task operator:<Task(_PythonDecoratedOperator): audit_2>
2026-10-02T01:48:50.425052Z [info     ] ::endgroup::                   [task] loc=task_runner.py:2379
2026-10-02T01:48:50.446325Z [info     ] [DAG TEST] end task task_id=audit_2 map_index=-1 [airflow.sdk.definitions.dag] loc=dag.py:1563
2026-10-02T01:48:50.500799Z [info     ] [DAG TEST] starting task_id=gate_2 map_index=-1 [airflow.sdk.definitions.dag] loc=dag.py:1501
2026-10-02T01:48:50.501135Z [info     ] [DAG TEST] running task <TaskInstance: trade_backfill_pipeline.gate_2 manual__2026-10-02T01:43:59.763749+00:00 [TaskInstanceState.SCHEDULED] ti_id=01a0fa48-5680-757f-9f93-d0213838549f> [airflow.sdk.definitions.dag] loc=dag.py:1504
2026-10-02T01:48:50.535175Z [info     ] Task started                   [airflow.api_fastapi.execution_api.routes.task_instances] correlation_id=01a0fa4c-c5cd-7ea6-912e-03f3afeefd02 hostname=afe341678f81 loc=task_instances.py:226 previous_state=queued ti_id=01a0fa48-5680-757f-9f93-d0213838549f
2026-10-02T01:48:50.539092Z [info     ] Task instance state updated    [airflow.api_fastapi.execution_api.routes.task_instances] correlation_id=01a0fa4c-c5cd-7ea6-912e-03f3afeefd02 loc=task_instances.py:254 rows_affected=1 ti_id=01a0fa48-5680-757f-9f93-d0213838549f
2026-10-02T01:48:50.608558Z [info     ] Updating RenderedTaskInstanceFields [airflow.api_fastapi.execution_api.routes.task_instances] correlation_id=01a0fa4c-c624-761e-94f9-098cd749c940 field_count=3 loc=task_instances.py:1017 ti_id=01a0fa48-5680-757f-9f93-d0213838549f
Task instance is in running state
 Previous state of the Task instance: TaskInstanceState.QUEUED
Current task name:gate_2
Dag name:trade_backfill_pipeline
2026-10-02T01:48:50.629733Z [info     ] ::endgroup::                   [task] loc=task_runner.py:2232
{"step": "gate", "kind": null, "period": "202603", "run_id": "backfill-202603-8f2b32796c924f65"}
{"jobs": [{"job_id": "bd45a211-8732-41f8-bdd8-8bf8954f0fd9", "result": "success"}], "period": "202603", "run_id": "backfill-202603-8f2b32796c924f65", "status": "PASS", "step": "gate"}

2026-10-02T01:48:55.591489Z [info     ] Done. Returned value was: {'jobs': [{'job_id': 'bd45a211-8732-41f8-bdd8-8bf8954f0fd9', 'result': 'success'}], 'period': '202603', 'run_id': 'backfill-202603-8f2b32796c924f65', 'status': 'PASS', 'step': 'gate'} [airflow.task.operators.airflow.providers.standard.decorators.python._PythonDecoratedOperator] loc=python.py:233
2026-10-02T01:48:55.593193Z [info     ] ::group::Post Execute          [task] loc=task_runner.py:1580
2026-10-02T01:48:55.594372Z [info     ] Pushing xcom                   [task] loc=task_runner.py:2280 ti=RuntimeTaskInstance(id=UUID('01a0fa48-5680-757f-9f93-d0213838549f'), task_id='gate_2', dag_id='trade_backfill_pipeline', run_id='manual__2026-10-02T01:43:59.763749+00:00', try_number=1, dag_version_id=UUID('01a0f340-b3af-72cd-8aa4-d8e453a1915b'), map_index=-1, hostname='afe341678f81', context_carrier=None, queue='default', task=<Task(_PythonDecoratedOperator): gate_2>, max_tries=0, start_date=datetime.datetime(2026, 10, 2, 1, 48, 50, 508418, tzinfo=datetime.timezone.utc), end_date=None, state=<TaskInstanceState.RUNNING: 'running'>, is_mapped=False, rendered_map_index=None, sentry_integration='')
2026-10-02T01:48:55.866669Z [info     ] Task instance state updated    [airflow.api_fastapi.execution_api.routes.task_instances] correlation_id=01a0fa4c-da8c-7f82-9fd0-3a4d73a15ba0 loc=task_instances.py:485 new_state=success rows_affected=1 ti_id=01a0fa48-5680-757f-9f93-d0213838549f
Task instance in success state
 Previous state of the Task instance: TaskInstanceState.RUNNING
Task operator:<Task(_PythonDecoratedOperator): gate_2>
2026-10-02T01:48:55.883849Z [info     ] ::endgroup::                   [task] loc=task_runner.py:2379
2026-10-02T01:48:55.913138Z [info     ] [DAG TEST] end task task_id=gate_2 map_index=-1 [airflow.sdk.definitions.dag] loc=dag.py:1563
2026-10-02T01:48:55.979338Z [info     ] [DAG TEST] starting task_id=publish_2 map_index=-1 [airflow.sdk.definitions.dag] loc=dag.py:1501
2026-10-02T01:48:55.979633Z [info     ] [DAG TEST] running task <TaskInstance: trade_backfill_pipeline.publish_2 manual__2026-10-02T01:43:59.763749+00:00 [TaskInstanceState.SCHEDULED] ti_id=01a0fa48-5681-7073-a9c7-782022fbdbc5> [airflow.sdk.definitions.dag] loc=dag.py:1504
2026-10-02T01:48:56.027468Z [info     ] Task started                   [airflow.api_fastapi.execution_api.routes.task_instances] correlation_id=01a0fa4c-db39-7800-868d-bb3aa51b10ab hostname=afe341678f81 loc=task_instances.py:226 previous_state=queued ti_id=01a0fa48-5681-7073-a9c7-782022fbdbc5
2026-10-02T01:48:56.034491Z [info     ] Task instance state updated    [airflow.api_fastapi.execution_api.routes.task_instances] correlation_id=01a0fa4c-db39-7800-868d-bb3aa51b10ab loc=task_instances.py:254 rows_affected=1 ti_id=01a0fa48-5681-7073-a9c7-782022fbdbc5
2026-10-02T01:48:56.155027Z [info     ] Updating RenderedTaskInstanceFields [airflow.api_fastapi.execution_api.routes.task_instances] correlation_id=01a0fa4c-dbba-7fa0-90f9-63fd8d8bea79 field_count=3 loc=task_instances.py:1017 ti_id=01a0fa48-5681-7073-a9c7-782022fbdbc5
Task instance is in running state
 Previous state of the Task instance: TaskInstanceState.QUEUED
Current task name:publish_2
Dag name:trade_backfill_pipeline
2026-10-02T01:48:56.230366Z [info     ] ::endgroup::                   [task] loc=task_runner.py:2232
{"step": "publish", "kind": null, "period": "202603", "run_id": "backfill-202603-8f2b32796c924f65"}
{"jobs": [{"job_id": "e035bc1c-1370-4a3f-b653-abf6e439a7bb", "result": "success"}, {"job_id": "b412a8c4-48a6-4072-acf1-ed6c6ad3ee7c", "result": "success"}, {"job_id": "87473991-78ce-42a5-a1ff-e96d8199056d", "result": "success"}], "period": "202603", "run_id": "backfill-202603-8f2b32796c924f65", "status": "published", "step": "publish"}

2026-10-02T01:49:08.917105Z [info     ] Done. Returned value was: {'jobs': [{'job_id': 'e035bc1c-1370-4a3f-b653-abf6e439a7bb', 'result': 'success'}, {'job_id': 'b412a8c4-48a6-4072-acf1-ed6c6ad3ee7c', 'result': 'success'}, {'job_id': '87473991-78ce-42a5-a1ff-e96d8199056d', 'result': 'success'}], 'period': '202603', 'run_id': 'backfill-202603-8f2b32796c924f65', 'status': 'published', 'step': 'publish'} [airflow.task.operators.airflow.providers.standard.decorators.python._PythonDecoratedOperator] loc=python.py:233
2026-10-02T01:49:08.918209Z [info     ] ::group::Post Execute          [task] loc=task_runner.py:1580
2026-10-02T01:49:08.918786Z [info     ] Pushing xcom                   [task] loc=task_runner.py:2280 ti=RuntimeTaskInstance(id=UUID('01a0fa48-5681-7073-a9c7-782022fbdbc5'), task_id='publish_2', dag_id='trade_backfill_pipeline', run_id='manual__2026-10-02T01:43:59.763749+00:00', try_number=1, dag_version_id=UUID('01a0f340-b3af-72cd-8aa4-d8e453a1915b'), map_index=-1, hostname='afe341678f81', context_carrier=None, queue='default', task=<Task(_PythonDecoratedOperator): publish_2>, max_tries=0, start_date=datetime.datetime(2026, 10, 2, 1, 48, 55, 991058, tzinfo=datetime.timezone.utc), end_date=None, state=<TaskInstanceState.RUNNING: 'running'>, is_mapped=False, rendered_map_index=None, sentry_integration='')
2026-10-02T01:49:09.450046Z [info     ] Task instance state updated    [airflow.api_fastapi.execution_api.routes.task_instances] correlation_id=01a0fa4d-0f67-7f97-a244-a6529817df68 loc=task_instances.py:485 new_state=success rows_affected=1 ti_id=01a0fa48-5681-7073-a9c7-782022fbdbc5
Task instance in success state
 Previous state of the Task instance: TaskInstanceState.RUNNING
Task operator:<Task(_PythonDecoratedOperator): publish_2>
2026-10-02T01:49:09.488627Z [info     ] ::endgroup::                   [task] loc=task_runner.py:2379
2026-10-02T01:49:09.541751Z [info     ] [DAG TEST] end task task_id=publish_2 map_index=-1 [airflow.sdk.definitions.dag] loc=dag.py:1563
2026-10-02T01:49:09.634865Z [info     ] [DAG TEST] starting task_id=select_month_3 map_index=-1 [airflow.sdk.definitions.dag] loc=dag.py:1501
2026-10-02T01:49:09.637266Z [info     ] [DAG TEST] running task <TaskInstance: trade_backfill_pipeline.select_month_3 manual__2026-10-02T01:43:59.763749+00:00 [TaskInstanceState.SCHEDULED] ti_id=01a0fa48-5682-7dfc-9aa2-b4dbaf75b753> [airflow.sdk.definitions.dag] loc=dag.py:1504
2026-10-02T01:49:09.743101Z [info     ] Task started                   [airflow.api_fastapi.execution_api.routes.task_instances] correlation_id=01a0fa4d-10a7-7a6c-a947-13f4fdfd9f5a hostname=afe341678f81 loc=task_instances.py:226 previous_state=queued ti_id=01a0fa48-5682-7dfc-9aa2-b4dbaf75b753
2026-10-02T01:49:09.750137Z [info     ] Task instance state updated    [airflow.api_fastapi.execution_api.routes.task_instances] correlation_id=01a0fa4d-10a7-7a6c-a947-13f4fdfd9f5a loc=task_instances.py:254 rows_affected=1 ti_id=01a0fa48-5682-7dfc-9aa2-b4dbaf75b753
2026-10-02T01:49:09.876966Z [info     ] Updating RenderedTaskInstanceFields [airflow.api_fastapi.execution_api.routes.task_instances] correlation_id=01a0fa4d-115e-7f95-9b54-91527d76243b field_count=3 loc=task_instances.py:1017 ti_id=01a0fa48-5682-7dfc-9aa2-b4dbaf75b753
Task instance is in running state
 Previous state of the Task instance: TaskInstanceState.QUEUED
Current task name:select_month_3
Dag name:trade_backfill_pipeline
2026-10-02T01:49:09.917939Z [info     ] ::endgroup::                   [task] loc=task_runner.py:2232
2026-10-02T01:49:09.919932Z [info     ] Done. Returned value was: {'period': '202604', 'run_id': 'backfill-202604-8f2b32796c924f65', 'status': 'ready', 'sources': {'world_total': True, 'partner_detail': True}, 'revisions': {'world_total': 1, 'partner_detail': 1}} [airflow.task.operators.airflow.providers.standard.decorators.python._PythonDecoratedOperator] loc=python.py:233
2026-10-02T01:49:09.920298Z [info     ] ::group::Post Execute          [task] loc=task_runner.py:1580
2026-10-02T01:49:09.921212Z [info     ] Pushing xcom                   [task] loc=task_runner.py:2280 ti=RuntimeTaskInstance(id=UUID('01a0fa48-5682-7dfc-9aa2-b4dbaf75b753'), task_id='select_month_3', dag_id='trade_backfill_pipeline', run_id='manual__2026-10-02T01:43:59.763749+00:00', try_number=1, dag_version_id=UUID('01a0f340-b3af-72cd-8aa4-d8e453a1915b'), map_index=-1, hostname='afe341678f81', context_carrier=None, queue='default', task=<Task(_PythonDecoratedOperator): select_month_3>, max_tries=0, start_date=datetime.datetime(2026, 10, 2, 1, 49, 9, 667521, tzinfo=datetime.timezone.utc), end_date=None, state=<TaskInstanceState.RUNNING: 'running'>, is_mapped=False, rendered_map_index=None, sentry_integration='')
2026-10-02T01:49:10.282085Z [info     ] Task instance state updated    [airflow.api_fastapi.execution_api.routes.task_instances] correlation_id=01a0fa4d-12d1-7e71-b68b-16f485009259 loc=task_instances.py:485 new_state=success rows_affected=1 ti_id=01a0fa48-5682-7dfc-9aa2-b4dbaf75b753
Task instance in success state
 Previous state of the Task instance: TaskInstanceState.RUNNING
Task operator:<Task(_PythonDecoratedOperator): select_month_3>
2026-10-02T01:49:10.300976Z [info     ] ::endgroup::                   [task] loc=task_runner.py:2379
2026-10-02T01:49:10.324126Z [info     ] [DAG TEST] end task task_id=select_month_3 map_index=-1 [airflow.sdk.definitions.dag] loc=dag.py:1563
2026-10-02T01:49:10.395052Z [info     ] [DAG TEST] starting task_id=ingest_detail_3 map_index=-1 [airflow.sdk.definitions.dag] loc=dag.py:1501
2026-10-02T01:49:10.395633Z [info     ] [DAG TEST] running task <TaskInstance: trade_backfill_pipeline.ingest_detail_3 manual__2026-10-02T01:43:59.763749+00:00 [TaskInstanceState.SCHEDULED] ti_id=01a0fa48-5683-7f18-8e1e-79101c74d2f9> [airflow.sdk.definitions.dag] loc=dag.py:1504
2026-10-02T01:49:10.448832Z [info     ] Task started                   [airflow.api_fastapi.execution_api.routes.task_instances] correlation_id=01a0fa4d-1387-7342-9967-7b7a3715fca0 hostname=afe341678f81 loc=task_instances.py:226 previous_state=queued ti_id=01a0fa48-5683-7f18-8e1e-79101c74d2f9
2026-10-02T01:49:10.454523Z [info     ] Task instance state updated    [airflow.api_fastapi.execution_api.routes.task_instances] correlation_id=01a0fa4d-1387-7342-9967-7b7a3715fca0 loc=task_instances.py:254 rows_affected=1 ti_id=01a0fa48-5683-7f18-8e1e-79101c74d2f9
2026-10-02T01:49:10.582911Z [info     ] Updating RenderedTaskInstanceFields [airflow.api_fastapi.execution_api.routes.task_instances] correlation_id=01a0fa4d-141e-7013-8745-24b60b4d2865 field_count=3 loc=task_instances.py:1017 ti_id=01a0fa48-5683-7f18-8e1e-79101c74d2f9
Task instance is in running state
 Previous state of the Task instance: TaskInstanceState.QUEUED
Current task name:ingest_detail_3
Dag name:trade_backfill_pipeline
2026-10-02T01:49:10.613993Z [info     ] ::endgroup::                   [task] loc=task_runner.py:2232
{"step": "ingest", "kind": "partner_detail", "period": "202604", "run_id": "backfill-202604-8f2b32796c924f65"}
{"checksum": "sha256:b64c2ab932e1bcb4446928fe7e2b69fd41e047f7d2fba9a9559926e23874e520", "data_uri": "s3://trade-analytics-prod-816079797958-ap-northeast-1-an/un_comtrade/v2/hs_version=H6/cmd_code=8542/period=202604/query_type=partner_detail/revision=1/data.ndjson", "kind": "partner_detail", "manifest_uri": "s3://trade-analytics-prod-816079797958-ap-northeast-1-an/un_comtrade/v2/hs_version=H6/cmd_code=8542/period=202604/query_type=partner_detail/revision=1/manifest.json", "period": "202604", "revision": 1, "row_count": 64, "run_id": "backfill-202604-8f2b32796c924f65", "status": "success", "step": "ingest"}

2026-10-02T01:49:17.556048Z [info     ] Done. Returned value was: {'checksum': 'sha256:b64c2ab932e1bcb4446928fe7e2b69fd41e047f7d2fba9a9559926e23874e520', 'data_uri': 's3://trade-analytics-prod-816079797958-ap-northeast-1-an/un_comtrade/v2/hs_version=H6/cmd_code=8542/period=202604/query_type=partner_detail/revision=1/data.ndjson', 'kind': 'partner_detail', 'manifest_uri': 's3://trade-analytics-prod-816079797958-ap-northeast-1-an/un_comtrade/v2/hs_version=H6/cmd_code=8542/period=202604/query_type=partner_detail/revision=1/manifest.json', 'period': '202604', 'revision': 1, 'row_count': 64, 'run_id': 'backfill-202604-8f2b32796c924f65', 'status': 'success', 'step': 'ingest'} [airflow.task.operators.airflow.providers.standard.decorators.python._PythonDecoratedOperator] loc=python.py:233
2026-10-02T01:49:17.558423Z [info     ] ::group::Post Execute          [task] loc=task_runner.py:1580
2026-10-02T01:49:17.559317Z [info     ] Pushing xcom                   [task] loc=task_runner.py:2280 ti=RuntimeTaskInstance(id=UUID('01a0fa48-5683-7f18-8e1e-79101c74d2f9'), task_id='ingest_detail_3', dag_id='trade_backfill_pipeline', run_id='manual__2026-10-02T01:43:59.763749+00:00', try_number=1, dag_version_id=UUID('01a0f340-b3af-72cd-8aa4-d8e453a1915b'), map_index=-1, hostname='afe341678f81', context_carrier=None, queue='default', task=<Task(_PythonDecoratedOperator): ingest_detail_3>, max_tries=3, start_date=datetime.datetime(2026, 10, 2, 1, 49, 10, 405789, tzinfo=datetime.timezone.utc), end_date=None, state=<TaskInstanceState.RUNNING: 'running'>, is_mapped=False, rendered_map_index=None, sentry_integration='')
2026-10-02T01:49:18.724542Z [info     ] Task instance state updated    [airflow.api_fastapi.execution_api.routes.task_instances] correlation_id=01a0fa4d-3373-79e2-9b67-cfacc9a3d8b1 loc=task_instances.py:485 new_state=success rows_affected=1 ti_id=01a0fa48-5683-7f18-8e1e-79101c74d2f9
Task instance in success state
 Previous state of the Task instance: TaskInstanceState.RUNNING
Task operator:<Task(_PythonDecoratedOperator): ingest_detail_3>
2026-10-02T01:49:18.761689Z [info     ] ::endgroup::                   [task] loc=task_runner.py:2379
2026-10-02T01:49:18.821269Z [info     ] [DAG TEST] end task task_id=ingest_detail_3 map_index=-1 [airflow.sdk.definitions.dag] loc=dag.py:1563
2026-10-02T01:49:18.822358Z [info     ] [DAG TEST] starting task_id=ingest_world_3 map_index=-1 [airflow.sdk.definitions.dag] loc=dag.py:1501
2026-10-02T01:49:18.824188Z [info     ] [DAG TEST] running task <TaskInstance: trade_backfill_pipeline.ingest_world_3 manual__2026-10-02T01:43:59.763749+00:00 [TaskInstanceState.SCHEDULED] ti_id=01a0fa48-5684-75ad-98b3-4a6a7c220e56> [airflow.sdk.definitions.dag] loc=dag.py:1504
2026-10-02T01:49:18.924817Z [info     ] Task started                   [airflow.api_fastapi.execution_api.routes.task_instances] correlation_id=01a0fa4d-3494-7c16-ad22-a73866b889fb hostname=afe341678f81 loc=task_instances.py:226 previous_state=queued ti_id=01a0fa48-5684-75ad-98b3-4a6a7c220e56
2026-10-02T01:49:18.930860Z [info     ] Task instance state updated    [airflow.api_fastapi.execution_api.routes.task_instances] correlation_id=01a0fa4d-3494-7c16-ad22-a73866b889fb loc=task_instances.py:254 rows_affected=1 ti_id=01a0fa48-5684-75ad-98b3-4a6a7c220e56
2026-10-02T01:49:19.035592Z [info     ] Updating RenderedTaskInstanceFields [airflow.api_fastapi.execution_api.routes.task_instances] correlation_id=01a0fa4d-3528-7731-bf2b-fce027630025 field_count=3 loc=task_instances.py:1017 ti_id=01a0fa48-5684-75ad-98b3-4a6a7c220e56
Task instance is in running state
 Previous state of the Task instance: TaskInstanceState.QUEUED
Current task name:ingest_world_3
Dag name:trade_backfill_pipeline
2026-10-02T01:49:19.083264Z [info     ] ::endgroup::                   [task] loc=task_runner.py:2232
{"step": "ingest", "kind": "world_total", "period": "202604", "run_id": "backfill-202604-8f2b32796c924f65"}
{"checksum": "sha256:52c8120fd679208ff794be6f609adee51b52e9e4573fafd8fe9d2485bbe45b89", "data_uri": "s3://trade-analytics-prod-816079797958-ap-northeast-1-an/un_comtrade/v2/hs_version=H6/cmd_code=8542/period=202604/query_type=world_total/revision=1/data.ndjson", "kind": "world_total", "manifest_uri": "s3://trade-analytics-prod-816079797958-ap-northeast-1-an/un_comtrade/v2/hs_version=H6/cmd_code=8542/period=202604/query_type=world_total/revision=1/manifest.json", "period": "202604", "revision": 1, "row_count": 1, "run_id": "backfill-202604-8f2b32796c924f65", "status": "success", "step": "ingest"}

2026-10-02T01:49:23.713239Z [info     ] Done. Returned value was: {'checksum': 'sha256:52c8120fd679208ff794be6f609adee51b52e9e4573fafd8fe9d2485bbe45b89', 'data_uri': 's3://trade-analytics-prod-816079797958-ap-northeast-1-an/un_comtrade/v2/hs_version=H6/cmd_code=8542/period=202604/query_type=world_total/revision=1/data.ndjson', 'kind': 'world_total', 'manifest_uri': 's3://trade-analytics-prod-816079797958-ap-northeast-1-an/un_comtrade/v2/hs_version=H6/cmd_code=8542/period=202604/query_type=world_total/revision=1/manifest.json', 'period': '202604', 'revision': 1, 'row_count': 1, 'run_id': 'backfill-202604-8f2b32796c924f65', 'status': 'success', 'step': 'ingest'} [airflow.task.operators.airflow.providers.standard.decorators.python._PythonDecoratedOperator] loc=python.py:233
2026-10-02T01:49:23.713816Z [info     ] ::group::Post Execute          [task] loc=task_runner.py:1580
2026-10-02T01:49:23.714194Z [info     ] Pushing xcom                   [task] loc=task_runner.py:2280 ti=RuntimeTaskInstance(id=UUID('01a0fa48-5684-75ad-98b3-4a6a7c220e56'), task_id='ingest_world_3', dag_id='trade_backfill_pipeline', run_id='manual__2026-10-02T01:43:59.763749+00:00', try_number=1, dag_version_id=UUID('01a0f340-b3af-72cd-8aa4-d8e453a1915b'), map_index=-1, hostname='afe341678f81', context_carrier=None, queue='default', task=<Task(_PythonDecoratedOperator): ingest_world_3>, max_tries=3, start_date=datetime.datetime(2026, 10, 2, 1, 49, 18, 866949, tzinfo=datetime.timezone.utc), end_date=None, state=<TaskInstanceState.RUNNING: 'running'>, is_mapped=False, rendered_map_index=None, sentry_integration='')
2026-10-02T01:49:24.272907Z [info     ] Task instance state updated    [airflow.api_fastapi.execution_api.routes.task_instances] correlation_id=01a0fa4d-4983-74f8-a059-dccaec46d2a1 loc=task_instances.py:485 new_state=success rows_affected=1 ti_id=01a0fa48-5684-75ad-98b3-4a6a7c220e56
Task instance in success state
 Previous state of the Task instance: TaskInstanceState.RUNNING
Task operator:<Task(_PythonDecoratedOperator): ingest_world_3>
2026-10-02T01:49:24.287034Z [info     ] ::endgroup::                   [task] loc=task_runner.py:2379
2026-10-02T01:49:24.309708Z [info     ] [DAG TEST] end task task_id=ingest_world_3 map_index=-1 [airflow.sdk.definitions.dag] loc=dag.py:1563
2026-10-02T01:49:24.366938Z [info     ] [DAG TEST] starting task_id=load_detail_3 map_index=-1 [airflow.sdk.definitions.dag] loc=dag.py:1501
2026-10-02T01:49:24.367411Z [info     ] [DAG TEST] running task <TaskInstance: trade_backfill_pipeline.load_detail_3 manual__2026-10-02T01:43:59.763749+00:00 [TaskInstanceState.SCHEDULED] ti_id=01a0fa48-5685-77de-b971-2691316c77ed> [airflow.sdk.definitions.dag] loc=dag.py:1504
2026-10-02T01:49:24.404652Z [info     ] Task started                   [airflow.api_fastapi.execution_api.routes.task_instances] correlation_id=01a0fa4d-4a18-7711-8d12-6bf0bbfa8677 hostname=afe341678f81 loc=task_instances.py:226 previous_state=queued ti_id=01a0fa48-5685-77de-b971-2691316c77ed
2026-10-02T01:49:24.413026Z [info     ] Task instance state updated    [airflow.api_fastapi.execution_api.routes.task_instances] correlation_id=01a0fa4d-4a18-7711-8d12-6bf0bbfa8677 loc=task_instances.py:254 rows_affected=1 ti_id=01a0fa48-5685-77de-b971-2691316c77ed
2026-10-02T01:49:24.495589Z [info     ] Updating RenderedTaskInstanceFields [airflow.api_fastapi.execution_api.routes.task_instances] correlation_id=01a0fa4d-4a81-7c53-8997-ee189c28183f field_count=3 loc=task_instances.py:1017 ti_id=01a0fa48-5685-77de-b971-2691316c77ed
Task instance is in running state
 Previous state of the Task instance: TaskInstanceState.QUEUED
Current task name:load_detail_3
Dag name:trade_backfill_pipeline
2026-10-02T01:49:24.531864Z [info     ] ::endgroup::                   [task] loc=task_runner.py:2232
{"step": "load", "kind": "partner_detail", "period": "202604", "run_id": "backfill-202604-8f2b32796c924f65"}
{"jobs": [{"job_id": "day11_f77d399d4ba54747ad86b918a091e312", "status": "success"}, {"job_id": "day11_56fb727734b94704a4f4ed01764739cd", "status": "success"}, {"job_id": "day11_d432d2bdd1564ba79170d0535a0978dd", "status": "success"}, {"job_id": "day11_25338c2af2484afcaba9979e8c74c9c6", "status": "success"}], "kind": "partner_detail", "period": "202604", "revision": 1, "rows": 64, "status": "success", "step": "load"}

2026-10-02T01:49:42.158373Z [info     ] Done. Returned value was: {'jobs': [{'job_id': 'day11_f77d399d4ba54747ad86b918a091e312', 'status': 'success'}, {'job_id': 'day11_56fb727734b94704a4f4ed01764739cd', 'status': 'success'}, {'job_id': 'day11_d432d2bdd1564ba79170d0535a0978dd', 'status': 'success'}, {'job_id': 'day11_25338c2af2484afcaba9979e8c74c9c6', 'status': 'success'}], 'kind': 'partner_detail', 'period': '202604', 'revision': 1, 'rows': 64, 'status': 'success', 'step': 'load'} [airflow.task.operators.airflow.providers.standard.decorators.python._PythonDecoratedOperator] loc=python.py:233
2026-10-02T01:49:42.159203Z [info     ] ::group::Post Execute          [task] loc=task_runner.py:1580
2026-10-02T01:49:42.160312Z [info     ] Pushing xcom                   [task] loc=task_runner.py:2280 ti=RuntimeTaskInstance(id=UUID('01a0fa48-5685-77de-b971-2691316c77ed'), task_id='load_detail_3', dag_id='trade_backfill_pipeline', run_id='manual__2026-10-02T01:43:59.763749+00:00', try_number=1, dag_version_id=UUID('01a0f340-b3af-72cd-8aa4-d8e453a1915b'), map_index=-1, hostname='afe341678f81', context_carrier=None, queue='default', task=<Task(_PythonDecoratedOperator): load_detail_3>, max_tries=3, start_date=datetime.datetime(2026, 10, 2, 1, 49, 24, 375648, tzinfo=datetime.timezone.utc), end_date=None, state=<TaskInstanceState.RUNNING: 'running'>, is_mapped=False, rendered_map_index=None, sentry_integration='')
2026-10-02T01:49:42.433804Z [info     ] Task instance state updated    [airflow.api_fastapi.execution_api.routes.task_instances] correlation_id=01a0fa4d-9079-7f99-a270-7a7b895556d7 loc=task_instances.py:485 new_state=success rows_affected=1 ti_id=01a0fa48-5685-77de-b971-2691316c77ed
Task instance in success state
 Previous state of the Task instance: TaskInstanceState.RUNNING
Task operator:<Task(_PythonDecoratedOperator): load_detail_3>
2026-10-02T01:49:42.451396Z [info     ] ::endgroup::                   [task] loc=task_runner.py:2379
2026-10-02T01:49:42.479863Z [info     ] [DAG TEST] end task task_id=load_detail_3 map_index=-1 [airflow.sdk.definitions.dag] loc=dag.py:1563
2026-10-02T01:49:42.480404Z [info     ] [DAG TEST] starting task_id=load_world_3 map_index=-1 [airflow.sdk.definitions.dag] loc=dag.py:1501
2026-10-02T01:49:42.480582Z [info     ] [DAG TEST] running task <TaskInstance: trade_backfill_pipeline.load_world_3 manual__2026-10-02T01:43:59.763749+00:00 [TaskInstanceState.SCHEDULED] ti_id=01a0fa48-5686-740c-8919-61f732b17012> [airflow.sdk.definitions.dag] loc=dag.py:1504
2026-10-02T01:49:42.532088Z [info     ] Task started                   [airflow.api_fastapi.execution_api.routes.task_instances] correlation_id=01a0fa4d-90e6-7a2a-a3a8-f337064567d8 hostname=afe341678f81 loc=task_instances.py:226 previous_state=queued ti_id=01a0fa48-5686-740c-8919-61f732b17012
2026-10-02T01:49:42.538569Z [info     ] Task instance state updated    [airflow.api_fastapi.execution_api.routes.task_instances] correlation_id=01a0fa4d-90e6-7a2a-a3a8-f337064567d8 loc=task_instances.py:254 rows_affected=1 ti_id=01a0fa48-5686-740c-8919-61f732b17012
2026-10-02T01:49:42.619219Z [info     ] Updating RenderedTaskInstanceFields [airflow.api_fastapi.execution_api.routes.task_instances] correlation_id=01a0fa4d-914f-75e9-bd91-0c04cb3925fc field_count=3 loc=task_instances.py:1017 ti_id=01a0fa48-5686-740c-8919-61f732b17012
Task instance is in running state
 Previous state of the Task instance: TaskInstanceState.QUEUED
Current task name:load_world_3
Dag name:trade_backfill_pipeline
2026-10-02T01:49:42.648841Z [info     ] ::endgroup::                   [task] loc=task_runner.py:2232
{"step": "load", "kind": "world_total", "period": "202604", "run_id": "backfill-202604-8f2b32796c924f65"}
{"jobs": [{"job_id": "day11_239a2dc7c65e4272b99cb4ee4c5ecdcf", "status": "success"}, {"job_id": "day11_9701ed18a98440c78116a472c78e5b7b", "status": "success"}, {"job_id": "day11_1b8dfc88d9634e509894a2016f934a20", "status": "success"}, {"job_id": "day11_d79158f6f2744e7fa5c478d6dadf5d52", "status": "success"}], "kind": "world_total", "period": "202604", "revision": 1, "rows": 1, "status": "success", "step": "load"}

2026-10-02T01:49:59.594833Z [info     ] Done. Returned value was: {'jobs': [{'job_id': 'day11_239a2dc7c65e4272b99cb4ee4c5ecdcf', 'status': 'success'}, {'job_id': 'day11_9701ed18a98440c78116a472c78e5b7b', 'status': 'success'}, {'job_id': 'day11_1b8dfc88d9634e509894a2016f934a20', 'status': 'success'}, {'job_id': 'day11_d79158f6f2744e7fa5c478d6dadf5d52', 'status': 'success'}], 'kind': 'world_total', 'period': '202604', 'revision': 1, 'rows': 1, 'status': 'success', 'step': 'load'} [airflow.task.operators.airflow.providers.standard.decorators.python._PythonDecoratedOperator] loc=python.py:233
2026-10-02T01:49:59.595981Z [info     ] ::group::Post Execute          [task] loc=task_runner.py:1580
2026-10-02T01:49:59.596920Z [info     ] Pushing xcom                   [task] loc=task_runner.py:2280 ti=RuntimeTaskInstance(id=UUID('01a0fa48-5686-740c-8919-61f732b17012'), task_id='load_world_3', dag_id='trade_backfill_pipeline', run_id='manual__2026-10-02T01:43:59.763749+00:00', try_number=1, dag_version_id=UUID('01a0f340-b3af-72cd-8aa4-d8e453a1915b'), map_index=-1, hostname='afe341678f81', context_carrier=None, queue='default', task=<Task(_PythonDecoratedOperator): load_world_3>, max_tries=3, start_date=datetime.datetime(2026, 10, 2, 1, 49, 42, 500734, tzinfo=datetime.timezone.utc), end_date=None, state=<TaskInstanceState.RUNNING: 'running'>, is_mapped=False, rendered_map_index=None, sentry_integration='')
2026-10-02T01:49:59.999142Z [info     ] Task instance state updated    [airflow.api_fastapi.execution_api.routes.task_instances] correlation_id=01a0fa4d-d509-77e2-bd4f-1b3ba618518d loc=task_instances.py:485 new_state=success rows_affected=1 ti_id=01a0fa48-5686-740c-8919-61f732b17012
Task instance in success state
 Previous state of the Task instance: TaskInstanceState.RUNNING
Task operator:<Task(_PythonDecoratedOperator): load_world_3>
2026-10-02T01:50:00.027780Z [info     ] ::endgroup::                   [task] loc=task_runner.py:2379
2026-10-02T01:50:00.065004Z [info     ] [DAG TEST] end task task_id=load_world_3 map_index=-1 [airflow.sdk.definitions.dag] loc=dag.py:1563
2026-10-02T01:50:00.118163Z [info     ] [DAG TEST] starting task_id=attest_3 map_index=-1 [airflow.sdk.definitions.dag] loc=dag.py:1501
2026-10-02T01:50:00.118488Z [info     ] [DAG TEST] running task <TaskInstance: trade_backfill_pipeline.attest_3 manual__2026-10-02T01:43:59.763749+00:00 [TaskInstanceState.SCHEDULED] ti_id=01a0fa48-5687-7b77-900f-64cd4f18e4b3> [airflow.sdk.definitions.dag] loc=dag.py:1504
2026-10-02T01:50:00.164299Z [info     ] Task started                   [airflow.api_fastapi.execution_api.routes.task_instances] correlation_id=01a0fa4d-d5c5-7013-afff-2bb93da94620 hostname=afe341678f81 loc=task_instances.py:226 previous_state=queued ti_id=01a0fa48-5687-7b77-900f-64cd4f18e4b3
2026-10-02T01:50:00.169728Z [info     ] Task instance state updated    [airflow.api_fastapi.execution_api.routes.task_instances] correlation_id=01a0fa4d-d5c5-7013-afff-2bb93da94620 loc=task_instances.py:254 rows_affected=1 ti_id=01a0fa48-5687-7b77-900f-64cd4f18e4b3
2026-10-02T01:50:00.266965Z [info     ] Updating RenderedTaskInstanceFields [airflow.api_fastapi.execution_api.routes.task_instances] correlation_id=01a0fa4d-d63a-759a-93c5-ec9825ad6e75 field_count=3 loc=task_instances.py:1017 ti_id=01a0fa48-5687-7b77-900f-64cd4f18e4b3
Task instance is in running state
 Previous state of the Task instance: TaskInstanceState.QUEUED
Current task name:attest_3
Dag name:trade_backfill_pipeline
2026-10-02T01:50:00.300060Z [info     ] ::endgroup::                   [task] loc=task_runner.py:2232
{"step": "attest", "kind": null, "period": "202604", "run_id": "backfill-202604-8f2b32796c924f65"}
{"jobs": [{"job_id": "428f11b5-dff5-4c88-97ff-dc2b1ebddf1e", "result": "success"}, {"job_id": "ea6fb58d-52c7-41c6-9f14-a317ee18333e", "result": "success"}, {"job_id": "e0a1c07b-e867-4c11-9a54-849d5831b47c", "result": "success"}, {"job_id": "6398c20f-0099-49b1-9ccf-c0d822053cd3", "result": "success"}, {"job_id": "65c06056-2cb0-4b34-bf8e-d075033e7223", "result": "success"}, {"job_id": "f1bd887a-3c0a-4f19-8b39-870ff541e5fd", "result": "success"}], "period": "202604", "sources": [{"checksum": "sha256:b64c2ab932e1bcb4446928fe7e2b69fd41e047f7d2fba9a9559926e23874e520", "query_type": "partner_detail", "revision": 1, "snapshot_hash": "497feff5a434b5ed9484bfac2850afb0f7af14b2fd92685668190d63cb41ef4a", "source_file": "s3://trade-analytics-prod-816079797958-ap-northeast-1-an/un_comtrade/v2/hs_version=H6/cmd_code=8542/period=202604/query_type=partner_detail/revision=1/data.ndjson"}, {"checksum": "sha256:52c8120fd679208ff794be6f609adee51b52e9e4573fafd8fe9d2485bbe45b89", "query_type": "world_total", "revision": 1, "snapshot_hash": "6517d59adac2a785e1e3cb471c1141b72b21db9589045d1e10cf6f697f47b204", "source_file": "s3://trade-analytics-prod-816079797958-ap-northeast-1-an/un_comtrade/v2/hs_version=H6/cmd_code=8542/period=202604/query_type=world_total/revision=1/data.ndjson"}], "status": "verified", "step": "attest"}

2026-10-02T01:50:10.340419Z [info     ] Done. Returned value was: {'jobs': [{'job_id': '428f11b5-dff5-4c88-97ff-dc2b1ebddf1e', 'result': 'success'}, {'job_id': 'ea6fb58d-52c7-41c6-9f14-a317ee18333e', 'result': 'success'}, {'job_id': 'e0a1c07b-e867-4c11-9a54-849d5831b47c', 'result': 'success'}, {'job_id': '6398c20f-0099-49b1-9ccf-c0d822053cd3', 'result': 'success'}, {'job_id': '65c06056-2cb0-4b34-bf8e-d075033e7223', 'result': 'success'}, {'job_id': 'f1bd887a-3c0a-4f19-8b39-870ff541e5fd', 'result': 'success'}], 'period': '202604', 'sources': [{'checksum': 'sha256:b64c2ab932e1bcb4446928fe7e2b69fd41e047f7d2fba9a9559926e23874e520', 'query_type': 'partner_detail', 'revision': 1, 'snapshot_hash': '497feff5a434b5ed9484bfac2850afb0f7af14b2fd92685668190d63cb41ef4a', 'source_file': 's3://trade-analytics-prod-816079797958-ap-northeast-1-an/un_comtrade/v2/hs_version=H6/cmd_code=8542/period=202604/query_type=partner_detail/revision=1/data.ndjson'}, {'checksum': 'sha256:52c8120fd679208ff794be6f609adee51b52e9e4573fafd8fe9d2485bbe45b89', 'query_type': 'world_total', 'revision': 1, 'snapshot_hash': '6517d59adac2a785e1e3cb471c1141b72b21db9589045d1e10cf6f697f47b204', 'source_file': 's3://trade-analytics-prod-816079797958-ap-northeast-1-an/un_comtrade/v2/hs_version=H6/cmd_code=8542/period=202604/query_type=world_total/revision=1/data.ndjson'}], 'status': 'verified', 'step': 'attest'} [airflow.task.operators.airflow.providers.standard.decorators.python._PythonDecoratedOperator] loc=python.py:233
2026-10-02T01:50:10.341116Z [info     ] ::group::Post Execute          [task] loc=task_runner.py:1580
2026-10-02T01:50:10.341497Z [info     ] Pushing xcom                   [task] loc=task_runner.py:2280 ti=RuntimeTaskInstance(id=UUID('01a0fa48-5687-7b77-900f-64cd4f18e4b3'), task_id='attest_3', dag_id='trade_backfill_pipeline', run_id='manual__2026-10-02T01:43:59.763749+00:00', try_number=1, dag_version_id=UUID('01a0f340-b3af-72cd-8aa4-d8e453a1915b'), map_index=-1, hostname='afe341678f81', context_carrier=None, queue='default', task=<Task(_PythonDecoratedOperator): attest_3>, max_tries=0, start_date=datetime.datetime(2026, 10, 2, 1, 50, 0, 131810, tzinfo=datetime.timezone.utc), end_date=None, state=<TaskInstanceState.RUNNING: 'running'>, is_mapped=False, rendered_map_index=None, sentry_integration='')
2026-10-02T01:50:10.388457Z [info     ] Task instance state updated    [airflow.api_fastapi.execution_api.routes.task_instances] correlation_id=01a0fa4d-fdcb-734d-8c6a-e5c8959c89d4 loc=task_instances.py:485 new_state=success rows_affected=1 ti_id=01a0fa48-5687-7b77-900f-64cd4f18e4b3
Task instance in success state
 Previous state of the Task instance: TaskInstanceState.RUNNING
Task operator:<Task(_PythonDecoratedOperator): attest_3>
2026-10-02T01:50:10.392517Z [info     ] ::endgroup::                   [task] loc=task_runner.py:2379
2026-10-02T01:50:10.397621Z [info     ] [DAG TEST] end task task_id=attest_3 map_index=-1 [airflow.sdk.definitions.dag] loc=dag.py:1563
2026-10-02T01:50:10.405982Z [info     ] [DAG TEST] starting task_id=build_3 map_index=-1 [airflow.sdk.definitions.dag] loc=dag.py:1501
2026-10-02T01:50:10.406055Z [info     ] [DAG TEST] running task <TaskInstance: trade_backfill_pipeline.build_3 manual__2026-10-02T01:43:59.763749+00:00 [TaskInstanceState.SCHEDULED] ti_id=01a0fa48-5688-74e3-b8a8-c354d9f8bc48> [airflow.sdk.definitions.dag] loc=dag.py:1504
2026-10-02T01:50:10.414639Z [info     ] Task started                   [airflow.api_fastapi.execution_api.routes.task_instances] correlation_id=01a0fa4d-fde7-7acb-aa4c-e1f11469ff84 hostname=afe341678f81 loc=task_instances.py:226 previous_state=queued ti_id=01a0fa48-5688-74e3-b8a8-c354d9f8bc48
2026-10-02T01:50:10.415648Z [info     ] Task instance state updated    [airflow.api_fastapi.execution_api.routes.task_instances] correlation_id=01a0fa4d-fde7-7acb-aa4c-e1f11469ff84 loc=task_instances.py:254 rows_affected=1 ti_id=01a0fa48-5688-74e3-b8a8-c354d9f8bc48
2026-10-02T01:50:10.435112Z [info     ] Updating RenderedTaskInstanceFields [airflow.api_fastapi.execution_api.routes.task_instances] correlation_id=01a0fa4d-fe00-7faf-82a8-dda83ba96c9e field_count=3 loc=task_instances.py:1017 ti_id=01a0fa48-5688-74e3-b8a8-c354d9f8bc48
Task instance is in running state
 Previous state of the Task instance: TaskInstanceState.QUEUED
Current task name:build_3
Dag name:trade_backfill_pipeline
2026-10-02T01:50:10.441026Z [info     ] ::endgroup::                   [task] loc=task_runner.py:2232
{"step": "build", "kind": null, "period": "202604", "run_id": "backfill-202604-8f2b32796c924f65"}
01:50:11  Running with dbt=1.12.5
01:50:12  Registered adapter: bigquery=1.12.1
01:50:12  Unable to do partial parsing because config vars, config profile, or config target have changed
01:50:19  Found 10 models, 71 data tests, 2 seeds, 3 sources, 563 macros, 5 unit tests
01:50:20
01:50:20  Concurrency: 4 threads (target='day11')
01:50:20
01:50:21  1 of 88 START sql table model trade_analytics_day10_dev.dim_months ............. [RUN]
01:50:21  2 of 88 START sql view model trade_analytics_day10_dev.stg_un_comtrade__partner_trades  [RUN]
01:50:21  3 of 88 START sql view model trade_analytics_day10_dev.stg_un_comtrade__world_totals  [RUN]
01:50:21  4 of 88 START seed file trade_analytics_day10_dev.country_reference ............ [RUN]
01:50:22  2 of 88 OK created sql view model trade_analytics_day10_dev.stg_un_comtrade__partner_trades  [CREATE VIEW (0 processed) in 1.05s]
01:50:22  5 of 88 START seed file trade_analytics_day10_dev.hs_code_reference ............ [RUN]
01:50:22  3 of 88 OK created sql view model trade_analytics_day10_dev.stg_un_comtrade__world_totals  [CREATE VIEW (0 processed) in 1.28s]
01:50:22  6 of 88 START test assert_partner_grain_unique ................................. [RUN]
01:50:22  1 of 88 OK created sql table model trade_analytics_day10_dev.dim_months ........ [CREATE TABLE (40.0 rows, 0 processed) in 1.89s]
01:50:22  7 of 88 START test assert_january_2023_exists .................................. [RUN]
01:50:23  6 of 88 PASS assert_partner_grain_unique ....................................... [PASS in 1.51s]
01:50:23  8 of 88 START test assert_staging_contract ..................................... [RUN]
01:50:24  7 of 88 PASS assert_january_2023_exists ........................................ [PASS in 1.22s]
01:50:24  9 of 88 START test assert_staging_matches_raw .................................. [RUN]
01:50:25  9 of 88 PASS assert_staging_matches_raw ........................................ [PASS in 1.34s]
01:50:25  8 of 88 PASS assert_staging_contract ........................................... [PASS in 1.64s]
01:50:25  10 of 88 START test assert_world_grain_unique .................................. [RUN]
01:50:25  11 of 88 START test assert_month_spine_complete ................................ [RUN]
01:50:26  4 of 88 OK loaded seed file trade_analytics_day10_dev.country_reference ........ [INSERT 163 in 5.66s]
01:50:26  5 of 88 OK loaded seed file trade_analytics_day10_dev.hs_code_reference ........ [INSERT 1 in 4.64s]
01:50:26  12 of 88 START test not_null_dim_months_month_start_date ....................... [RUN]
01:50:26  11 of 88 PASS assert_month_spine_complete ...................................... [PASS in 1.23s]
01:50:27  13 of 88 START test not_null_dim_months_period ................................. [RUN]
01:50:27  14 of 88 START test unique_dim_months_month_start_date ......................... [RUN]
01:50:27  10 of 88 PASS assert_world_grain_unique ........................................ [PASS in 1.56s]
01:50:27  15 of 88 START test unique_dim_months_period ................................... [RUN]
01:50:28  12 of 88 PASS not_null_dim_months_month_start_date ............................. [PASS in 1.34s]
01:50:28  16 of 88 START test accepted_values_country_reference_classification_status__verified__needs_review  [RUN]
01:50:28  13 of 88 PASS not_null_dim_months_period ....................................... [PASS in 1.28s]
01:50:28  14 of 88 PASS unique_dim_months_month_start_date ............................... [PASS in 1.24s]
01:50:28  18 of 88 START test accepted_values_country_reference_reconciliation_role__detail__overlap__world__unresolved  [RUN]
01:50:28  17 of 88 START test accepted_values_country_reference_partner_type__country__world__aggregate__special__unknown  [RUN]
01:50:28  15 of 88 PASS unique_dim_months_period ......................................... [PASS in 1.37s]
01:50:28  19 of 88 START test not_null_country_reference_classification_note ............. [RUN]
01:50:29  16 of 88 PASS accepted_values_country_reference_classification_status__verified__needs_review  [PASS in 1.16s]
01:50:29  20 of 88 START test not_null_country_reference_classification_status ........... [RUN]
01:50:29  17 of 88 PASS accepted_values_country_reference_partner_type__country__world__aggregate__special__unknown  [PASS in 1.35s]
01:50:29  21 of 88 START test not_null_country_reference_partner_code .................... [RUN]
01:50:29  18 of 88 PASS accepted_values_country_reference_reconciliation_role__detail__overlap__world__unresolved  [PASS in 1.39s]
01:50:29  22 of 88 START test not_null_country_reference_partner_type .................... [RUN]
01:50:29  19 of 88 PASS not_null_country_reference_classification_note ................... [PASS in 1.22s]
01:50:30  23 of 88 START test not_null_country_reference_reconciliation_role ............. [RUN]
01:50:30  20 of 88 PASS not_null_country_reference_classification_status ................. [PASS in 1.23s]
01:50:30  24 of 88 START test not_null_country_reference_retrieved_at .................... [RUN]
01:50:30  21 of 88 PASS not_null_country_reference_partner_code .......................... [PASS in 1.20s]
01:50:30  22 of 88 PASS not_null_country_reference_partner_type .......................... [PASS in 1.16s]
01:50:31  25 of 88 START test not_null_country_reference_source_name ..................... [RUN]
01:50:31  26 of 88 START test not_null_country_reference_source_url ...................... [RUN]
01:50:31  23 of 88 PASS not_null_country_reference_reconciliation_role ................... [PASS in 1.14s]
01:50:31  27 of 88 START test unique_country_reference_partner_code ...................... [RUN]
01:50:31  24 of 88 PASS not_null_country_reference_retrieved_at .......................... [PASS in 1.16s]
01:50:31  28 of 88 START test compound_unique_hs_code_reference_hs_version__cmd_code ..... [RUN]
01:50:32  25 of 88 PASS not_null_country_reference_source_name ........................... [PASS in 1.11s]
01:50:32  26 of 88 PASS not_null_country_reference_source_url ............................ [PASS in 1.04s]
01:50:32  27 of 88 PASS unique_country_reference_partner_code ............................ [PASS in 0.98s]
01:50:32  29 of 88 START test not_null_hs_code_reference_cmd_code ........................ [RUN]
01:50:32  30 of 88 START test not_null_hs_code_reference_code_level ...................... [RUN]
01:50:32  31 of 88 START test not_null_hs_code_reference_hs_description .................. [RUN]
01:50:33  28 of 88 PASS compound_unique_hs_code_reference_hs_version__cmd_code ........... [PASS in 1.08s]
01:50:33  32 of 88 START test not_null_hs_code_reference_hs_version ...................... [RUN]
01:50:33  29 of 88 PASS not_null_hs_code_reference_cmd_code .............................. [PASS in 1.17s]
01:50:33  33 of 88 START test not_null_hs_code_reference_parent_code ..................... [RUN]
01:50:33  30 of 88 PASS not_null_hs_code_reference_code_level ............................ [PASS in 1.23s]
01:50:33  31 of 88 PASS not_null_hs_code_reference_hs_description ........................ [PASS in 1.21s]
01:50:33  34 of 88 START test not_null_hs_code_reference_retrieved_at .................... [RUN]
01:50:33  35 of 88 START test not_null_hs_code_reference_source_url ...................... [RUN]
01:50:34  32 of 88 PASS not_null_hs_code_reference_hs_version ............................ [PASS in 1.11s]
01:50:34  36 of 88 START sql table model trade_analytics_day10_dev.dim_countries ......... [RUN]
01:50:35  33 of 88 PASS not_null_hs_code_reference_parent_code ........................... [PASS in 1.59s]
01:50:35  34 of 88 PASS not_null_hs_code_reference_retrieved_at .......................... [PASS in 1.48s]
01:50:35  35 of 88 PASS not_null_hs_code_reference_source_url ............................ [PASS in 1.50s]
01:50:35  37 of 88 START sql table model trade_analytics_day10_dev.dim_hs_codes .......... [RUN]
01:50:36  36 of 88 OK created sql table model trade_analytics_day10_dev.dim_countries .... [CREATE TABLE (163.0 rows, 86.5 KiB processed) in 1.83s]
01:50:36  38 of 88 START test accepted_values_dim_countries_classification_status__verified__needs_review  [RUN]
01:50:36  40 of 88 START test accepted_values_dim_countries_reconciliation_role__detail__overlap__world__unresolved  [RUN]
01:50:36  39 of 88 START test accepted_values_dim_countries_partner_type__country__world__aggregate__special__unknown  [RUN]
01:50:37  37 of 88 OK created sql table model trade_analytics_day10_dev.dim_hs_codes ..... [CREATE TABLE (1.0 rows, 154.0 Bytes processed) in 1.98s]
01:50:37  41 of 88 START test assert_special_partner_contract ............................ [RUN]
01:50:37  38 of 88 PASS accepted_values_dim_countries_classification_status__verified__needs_review  [PASS in 1.40s]
01:50:37  39 of 88 PASS accepted_values_dim_countries_partner_type__country__world__aggregate__special__unknown  [PASS in 1.45s]
01:50:37  40 of 88 PASS accepted_values_dim_countries_reconciliation_role__detail__overlap__world__unresolved  [PASS in 1.45s]
01:50:37  42 of 88 START test not_null_dim_countries_classification_status ............... [RUN]
01:50:37  43 of 88 START test not_null_dim_countries_partner_code ........................ [RUN]
01:50:37  44 of 88 START test not_null_dim_countries_partner_type ........................ [RUN]
01:50:38  41 of 88 PASS assert_special_partner_contract .................................. [PASS in 1.33s]
01:50:38  45 of 88 START test not_null_dim_countries_reconciliation_role ................. [RUN]
01:50:39  42 of 88 PASS not_null_dim_countries_classification_status ..................... [PASS in 1.40s]
01:50:39  43 of 88 PASS not_null_dim_countries_partner_code .............................. [PASS in 1.43s]
01:50:39  44 of 88 PASS not_null_dim_countries_partner_type .............................. [PASS in 1.41s]
01:50:39  46 of 88 START test unique_dim_countries_partner_code .......................... [RUN]
01:50:39  47 of 88 START test assert_hs_reference_contract ............................... [RUN]
01:50:39  48 of 88 START test compound_unique_dim_hs_codes_hs_version__cmd_code .......... [RUN]
01:50:39  45 of 88 PASS not_null_dim_countries_reconciliation_role ....................... [PASS in 1.19s]
01:50:39  49 of 88 START test not_null_dim_hs_codes_cmd_code ............................. [RUN]
01:50:40  48 of 88 PASS compound_unique_dim_hs_codes_hs_version__cmd_code ................ [PASS in 1.21s]
01:50:40  47 of 88 PASS assert_hs_reference_contract ..................................... [PASS in 1.26s]
01:50:40  50 of 88 START test not_null_dim_hs_codes_code_level ........................... [RUN]
01:50:40  51 of 88 START test not_null_dim_hs_codes_hs_version ........................... [RUN]
01:50:40  46 of 88 PASS unique_dim_countries_partner_code ................................ [PASS in 1.33s]
01:50:40  52 of 88 START sql table model trade_analytics_day10_dev.audit_partner_mapping_issues  [RUN]
01:50:40  49 of 88 PASS not_null_dim_hs_codes_cmd_code ................................... [PASS in 0.90s]
01:50:41  50 of 88 PASS not_null_dim_hs_codes_code_level ................................. [PASS in 1.03s]
01:50:41  51 of 88 PASS not_null_dim_hs_codes_hs_version ................................. [PASS in 1.00s]
01:50:41  53 of 88 START sql table model trade_analytics_day10_dev.fct_monthly_semiconductor_imports  [RUN]
01:50:42  52 of 88 OK created sql table model trade_analytics_day10_dev.audit_partner_mapping_issues  [CREATE TABLE (40.0 rows, 627.8 KiB processed) in 2.15s]
01:50:42  54 of 88 START test assert_missing_country_audited ............................. [RUN]
01:50:42  56 of 88 START test not_null_audit_partner_mapping_issues_observed_at .......... [RUN]
01:50:42  55 of 88 START test not_null_audit_partner_mapping_issues_issue_type ........... [RUN]
01:50:43  53 of 88 OK created sql table model trade_analytics_day10_dev.fct_monthly_semiconductor_imports  [CREATE TABLE (2.6k rows, 936.6 KiB processed) in 1.97s]
01:50:43  57 of 88 START test not_null_audit_partner_mapping_issues_partner_code ......... [RUN]
01:50:43  56 of 88 PASS not_null_audit_partner_mapping_issues_observed_at ................ [PASS in 0.98s]
01:50:43  55 of 88 PASS not_null_audit_partner_mapping_issues_issue_type ................. [PASS in 1.00s]
01:50:43  58 of 88 START test accepted_values_fct_monthly_semiconductor_imports_classification_status__verified__needs_review  [RUN]
01:50:43  59 of 88 START test accepted_values_fct_monthly_semiconductor_imports_partner_type__country__world__aggregate__special__unknown  [RUN]
01:50:44  57 of 88 PASS not_null_audit_partner_mapping_issues_partner_code ............... [PASS in 0.85s]
01:50:44  54 of 88 PASS assert_missing_country_audited ................................... [PASS in 1.65s]
01:50:44  60 of 88 START test accepted_values_fct_monthly_semiconductor_imports_reconciliation_role__detail__overlap__world__unresolved  [RUN]
01:50:44  61 of 88 START test assert_fact_contract ....................................... [RUN]
01:50:44  59 of 88 PASS accepted_values_fct_monthly_semiconductor_imports_partner_type__country__world__aggregate__special__unknown  [PASS in 0.95s]
01:50:44  62 of 88 START test assert_fact_preserves_staging .............................. [RUN]
01:50:44  58 of 88 PASS accepted_values_fct_monthly_semiconductor_imports_classification_status__verified__needs_review  [PASS in 1.04s]
01:50:44  63 of 88 START test compound_unique_fct_monthly_semiconductor_imports_period_start_date__partner_code__cmd_code__hs_version  [RUN]
01:50:45  61 of 88 PASS assert_fact_contract ............................................. [PASS in 0.87s]
01:50:45  64 of 88 START test not_null_fct_monthly_semiconductor_imports_cmd_code ........ [RUN]
01:50:45  60 of 88 PASS accepted_values_fct_monthly_semiconductor_imports_reconciliation_role__detail__overlap__world__unresolved  [PASS in 0.93s]
01:50:45  65 of 88 START test not_null_fct_monthly_semiconductor_imports_country_mapping_found  [RUN]
01:50:45  63 of 88 PASS compound_unique_fct_monthly_semiconductor_imports_period_start_date__partner_code__cmd_code__hs_version  [PASS in 0.91s]
01:50:45  66 of 88 START test not_null_fct_monthly_semiconductor_imports_hs_mapping_found  [RUN]
01:50:46  62 of 88 PASS assert_fact_preserves_staging .................................... [PASS in 1.41s]
01:50:46  67 of 88 START test not_null_fct_monthly_semiconductor_imports_hs_version ...... [RUN]
01:50:46  64 of 88 PASS not_null_fct_monthly_semiconductor_imports_cmd_code .............. [PASS in 0.93s]
01:50:46  68 of 88 START test not_null_fct_monthly_semiconductor_imports_month_mapping_found  [RUN]
01:50:46  65 of 88 PASS not_null_fct_monthly_semiconductor_imports_country_mapping_found . [PASS in 0.97s]
01:50:46  69 of 88 START test not_null_fct_monthly_semiconductor_imports_partner_code .... [RUN]
01:50:46  66 of 88 PASS not_null_fct_monthly_semiconductor_imports_hs_mapping_found ...... [PASS in 0.79s]
01:50:46  70 of 88 START test not_null_fct_monthly_semiconductor_imports_period_start_date  [RUN]
01:50:47  67 of 88 PASS not_null_fct_monthly_semiconductor_imports_hs_version ............ [PASS in 0.95s]
01:50:47  68 of 88 PASS not_null_fct_monthly_semiconductor_imports_month_mapping_found ... [PASS in 0.88s]
01:50:47  69 of 88 PASS not_null_fct_monthly_semiconductor_imports_partner_code .......... [PASS in 0.87s]
01:50:47  70 of 88 PASS not_null_fct_monthly_semiconductor_imports_period_start_date ..... [PASS in 0.86s]
01:50:47  71 of 88 START unit_test int_partner_market_share::day09_partner_and_version_isolation  [RUN]
01:50:50  71 of 88 PASS int_partner_market_share::day09_partner_and_version_isolation .... [PASS in 3.19s]
01:50:50  72 of 88 START unit_test int_partner_market_share::day09_invalid_denominators_and_zero_current  [RUN]
01:50:53  72 of 88 PASS int_partner_market_share::day09_invalid_denominators_and_zero_current  [PASS in 2.74s]
01:50:53  73 of 88 START unit_test int_partner_market_share::day09_calendar_growth_and_weights  [RUN]
01:50:56  73 of 88 PASS int_partner_market_share::day09_calendar_growth_and_weights ...... [PASS in 3.01s]
01:50:56  74 of 88 START sql view model trade_analytics_day10_dev.int_partner_market_share  [RUN]
01:50:57  74 of 88 OK created sql view model trade_analytics_day10_dev.int_partner_market_share  [CREATE VIEW (0 processed) in 1.15s]
01:50:57  75 of 88 START test accepted_values_int_partner_market_share_market_share_status__ok__missing_world__invalid_world__missing_value  [RUN]
01:50:57  76 of 88 START test compound_unique_int_partner_market_share_period_start_date__partner_code__cmd_code__hs_version  [RUN]
01:50:57  77 of 88 START test not_null_int_partner_market_share_market_share_status ...... [RUN]
01:50:59  76 of 88 PASS compound_unique_int_partner_market_share_period_start_date__partner_code__cmd_code__hs_version  [PASS in 1.41s]
01:50:59  75 of 88 PASS accepted_values_int_partner_market_share_market_share_status__ok__missing_world__invalid_world__missing_value  [PASS in 1.43s]
01:50:59  77 of 88 PASS not_null_int_partner_market_share_market_share_status ............ [PASS in 1.44s]
01:50:59  78 of 88 START unit_test int_market_concentration_hhi::day09_hhi_hand_calculations_and_coverage  [RUN]
01:51:02  78 of 88 PASS int_market_concentration_hhi::day09_hhi_hand_calculations_and_coverage  [PASS in 3.68s]
01:51:02  79 of 88 START unit_test int_market_concentration_hhi::day09_hhi_unreviewed_country  [RUN]
01:51:08  79 of 88 PASS int_market_concentration_hhi::day09_hhi_unreviewed_country ....... [PASS in 5.56s]
01:51:08  80 of 88 START sql view model trade_analytics_day10_dev.int_market_concentration_hhi  [RUN]
01:51:09  80 of 88 OK created sql view model trade_analytics_day10_dev.int_market_concentration_hhi  [CREATE VIEW (0 processed) in 0.98s]
01:51:09  81 of 88 START test accepted_values_int_market_concentration_hhi_hhi_status__ok__missing_world__invalid_world__no_countries__missing_country_value__negative_country_value__unreviewed_country__insufficient_coverage  [RUN]
01:51:09  82 of 88 START test compound_unique_int_market_concentration_hhi_period_start_date__cmd_code__hs_version  [RUN]
01:51:09  83 of 88 START test not_null_int_market_concentration_hhi_hhi_status ........... [RUN]
01:51:10  83 of 88 PASS not_null_int_market_concentration_hhi_hhi_status ................. [PASS in 1.13s]
01:51:10  81 of 88 PASS accepted_values_int_market_concentration_hhi_hhi_status__ok__missing_world__invalid_world__no_countries__missing_country_value__negative_country_value__unreviewed_country__insufficient_coverage  [PASS in 1.14s]
01:51:10  82 of 88 PASS compound_unique_int_market_concentration_hhi_period_start_date__cmd_code__hs_version  [PASS in 1.15s]
01:51:10  84 of 88 START sql table model trade_analytics_day10_dev.mart_us_semiconductor_supply_chain_candidate  [RUN]
01:51:13  84 of 88 OK created sql table model trade_analytics_day10_dev.mart_us_semiconductor_supply_chain_candidate  [CREATE TABLE (2.6k rows, 1.1 MiB processed) in 3.30s]
01:51:13  85 of 88 START test assert_day09_candidate_preserves_fact ...................... [RUN]
01:51:13  86 of 88 START test assert_day09_metric_contract ............................... [RUN]
01:51:13  87 of 88 START test compound_unique_mart_us_semiconductor_supply_chain_candidate_period_start_date__partner_code__cmd_code__hs_version  [RUN]
01:51:13  88 of 88 START test not_null_mart_us_semiconductor_supply_chain_candidate_hhi_status  [RUN]
01:51:14  85 of 88 PASS assert_day09_candidate_preserves_fact ............................ [PASS in 1.04s]
01:51:14  87 of 88 PASS compound_unique_mart_us_semiconductor_supply_chain_candidate_period_start_date__partner_code__cmd_code__hs_version  [PASS in 1.06s]
01:51:14  86 of 88 PASS assert_day09_metric_contract ..................................... [PASS in 1.07s]
01:51:16  88 of 88 PASS not_null_mart_us_semiconductor_supply_chain_candidate_hhi_status . [PASS in 2.34s]
01:51:16
01:51:16  Finished running 2 seeds, 6 table models, 71 data tests, 5 unit tests, 4 view models in 0 hours 0 minutes and 56.17 seconds (56.17s).
01:51:16
01:51:16  Completed successfully
01:51:16
01:51:16  Done. PASS=88 WARN=0 ERROR=0 SKIP=0 NO-OP=0 REUSED=0 TOTAL=88
{"period": "202604", "status": "success", "step": "build", "vars": {"month_spine_end_date": "2026-04-01", "month_spine_start_date": "2023-01-01", "raw_end_date": "2026-05-01", "raw_start_date": "2023-01-01"}}

2026-10-02T01:51:19.718922Z [info     ] Done. Returned value was: {'period': '202604', 'status': 'success', 'step': 'build', 'vars': {'month_spine_end_date': '2026-04-01', 'month_spine_start_date': '2023-01-01', 'raw_end_date': '2026-05-01', 'raw_start_date': '2023-01-01'}} [airflow.task.operators.airflow.providers.standard.decorators.python._PythonDecoratedOperator] loc=python.py:233
2026-10-02T01:51:19.722448Z [info     ] ::group::Post Execute          [task] loc=task_runner.py:1580
2026-10-02T01:51:19.724550Z [info     ] Pushing xcom                   [task] loc=task_runner.py:2280 ti=RuntimeTaskInstance(id=UUID('01a0fa48-5688-74e3-b8a8-c354d9f8bc48'), task_id='build_3', dag_id='trade_backfill_pipeline', run_id='manual__2026-10-02T01:43:59.763749+00:00', try_number=1, dag_version_id=UUID('01a0f340-b3af-72cd-8aa4-d8e453a1915b'), map_index=-1, hostname='afe341678f81', context_carrier=None, queue='default', task=<Task(_PythonDecoratedOperator): build_3>, max_tries=0, start_date=datetime.datetime(2026, 10, 2, 1, 50, 10, 407604, tzinfo=datetime.timezone.utc), end_date=None, state=<TaskInstanceState.RUNNING: 'running'>, is_mapped=False, rendered_map_index=None, sentry_integration='')
2026-10-02T01:51:20.022894Z [info     ] Task instance state updated    [airflow.api_fastapi.execution_api.routes.task_instances] correlation_id=01a0fa4f-0da5-7340-85d9-329e9943807b loc=task_instances.py:485 new_state=success rows_affected=1 ti_id=01a0fa48-5688-74e3-b8a8-c354d9f8bc48
Task instance in success state
 Previous state of the Task instance: TaskInstanceState.RUNNING
Task operator:<Task(_PythonDecoratedOperator): build_3>
2026-10-02T01:51:20.045246Z [info     ] ::endgroup::                   [task] loc=task_runner.py:2379
2026-10-02T01:51:20.075278Z [info     ] [DAG TEST] end task task_id=build_3 map_index=-1 [airflow.sdk.definitions.dag] loc=dag.py:1563
2026-10-02T01:51:20.128213Z [info     ] [DAG TEST] starting task_id=audit_3 map_index=-1 [airflow.sdk.definitions.dag] loc=dag.py:1501
2026-10-02T01:51:20.128642Z [info     ] [DAG TEST] running task <TaskInstance: trade_backfill_pipeline.audit_3 manual__2026-10-02T01:43:59.763749+00:00 [TaskInstanceState.SCHEDULED] ti_id=01a0fa48-5689-705f-81a5-39c1e6d06abf> [airflow.sdk.definitions.dag] loc=dag.py:1504
2026-10-02T01:51:20.165719Z [info     ] Task started                   [airflow.api_fastapi.execution_api.routes.task_instances] correlation_id=01a0fa4f-0e4b-7ef5-b8cf-f0012b4e4a74 hostname=afe341678f81 loc=task_instances.py:226 previous_state=queued ti_id=01a0fa48-5689-705f-81a5-39c1e6d06abf
2026-10-02T01:51:20.170210Z [info     ] Task instance state updated    [airflow.api_fastapi.execution_api.routes.task_instances] correlation_id=01a0fa4f-0e4b-7ef5-b8cf-f0012b4e4a74 loc=task_instances.py:254 rows_affected=1 ti_id=01a0fa48-5689-705f-81a5-39c1e6d06abf
2026-10-02T01:51:20.255713Z [info     ] Updating RenderedTaskInstanceFields [airflow.api_fastapi.execution_api.routes.task_instances] correlation_id=01a0fa4f-0eb2-747d-aed4-15ffd9e8e231 field_count=3 loc=task_instances.py:1017 ti_id=01a0fa48-5689-705f-81a5-39c1e6d06abf
Task instance is in running state
 Previous state of the Task instance: TaskInstanceState.QUEUED
Current task name:audit_3
Dag name:trade_backfill_pipeline
2026-10-02T01:51:20.283382Z [info     ] ::endgroup::                   [task] loc=task_runner.py:2232
{"step": "audit", "kind": null, "period": "202604", "run_id": "backfill-202604-8f2b32796c924f65"}
{"jobs": [{"job_id": "45ea4694-c1d7-4df6-bb51-ff1ff1d5c57a", "result": "success"}, {"job_id": "7d4787f8-d8bf-49de-a01a-b90ee55ac39b", "result": "success"}, {"job_id": "0f08341a-5a82-46f7-88bf-15ad9c25f4ec", "result": "success"}], "period": "202604", "reason_codes": [], "run_id": "backfill-202604-8f2b32796c924f65", "status": "PASS", "step": "audit"}

2026-10-02T01:51:31.049505Z [info     ] Done. Returned value was: {'jobs': [{'job_id': '45ea4694-c1d7-4df6-bb51-ff1ff1d5c57a', 'result': 'success'}, {'job_id': '7d4787f8-d8bf-49de-a01a-b90ee55ac39b', 'result': 'success'}, {'job_id': '0f08341a-5a82-46f7-88bf-15ad9c25f4ec', 'result': 'success'}], 'period': '202604', 'reason_codes': [], 'run_id': 'backfill-202604-8f2b32796c924f65', 'status': 'PASS', 'step': 'audit'} [airflow.task.operators.airflow.providers.standard.decorators.python._PythonDecoratedOperator] loc=python.py:233
2026-10-02T01:51:31.053423Z [info     ] ::group::Post Execute          [task] loc=task_runner.py:1580
2026-10-02T01:51:31.055849Z [info     ] Pushing xcom                   [task] loc=task_runner.py:2280 ti=RuntimeTaskInstance(id=UUID('01a0fa48-5689-705f-81a5-39c1e6d06abf'), task_id='audit_3', dag_id='trade_backfill_pipeline', run_id='manual__2026-10-02T01:43:59.763749+00:00', try_number=1, dag_version_id=UUID('01a0f340-b3af-72cd-8aa4-d8e453a1915b'), map_index=-1, hostname='afe341678f81', context_carrier=None, queue='default', task=<Task(_PythonDecoratedOperator): audit_3>, max_tries=0, start_date=datetime.datetime(2026, 10, 2, 1, 51, 20, 137685, tzinfo=datetime.timezone.utc), end_date=None, state=<TaskInstanceState.RUNNING: 'running'>, is_mapped=False, rendered_map_index=None, sentry_integration='')
2026-10-02T01:51:31.423808Z [info     ] Task instance state updated    [airflow.api_fastapi.execution_api.routes.task_instances] correlation_id=01a0fa4f-3a34-79d6-b43a-0f15d1d5bd0d loc=task_instances.py:485 new_state=success rows_affected=1 ti_id=01a0fa48-5689-705f-81a5-39c1e6d06abf
Task instance in success state
 Previous state of the Task instance: TaskInstanceState.RUNNING
Task operator:<Task(_PythonDecoratedOperator): audit_3>
2026-10-02T01:51:31.442828Z [info     ] ::endgroup::                   [task] loc=task_runner.py:2379
2026-10-02T01:51:31.475706Z [info     ] [DAG TEST] end task task_id=audit_3 map_index=-1 [airflow.sdk.definitions.dag] loc=dag.py:1563
2026-10-02T01:51:31.551615Z [info     ] [DAG TEST] starting task_id=gate_3 map_index=-1 [airflow.sdk.definitions.dag] loc=dag.py:1501
2026-10-02T01:51:31.552002Z [info     ] [DAG TEST] running task <TaskInstance: trade_backfill_pipeline.gate_3 manual__2026-10-02T01:43:59.763749+00:00 [TaskInstanceState.SCHEDULED] ti_id=01a0fa48-568a-7f10-97cd-f93263241511> [airflow.sdk.definitions.dag] loc=dag.py:1504
2026-10-02T01:51:31.599864Z [info     ] Task started                   [airflow.api_fastapi.execution_api.routes.task_instances] correlation_id=01a0fa4f-3aec-7816-a9fb-c10bace9aa28 hostname=afe341678f81 loc=task_instances.py:226 previous_state=queued ti_id=01a0fa48-568a-7f10-97cd-f93263241511
2026-10-02T01:51:31.604961Z [info     ] Task instance state updated    [airflow.api_fastapi.execution_api.routes.task_instances] correlation_id=01a0fa4f-3aec-7816-a9fb-c10bace9aa28 loc=task_instances.py:254 rows_affected=1 ti_id=01a0fa48-568a-7f10-97cd-f93263241511
2026-10-02T01:51:31.702046Z [info     ] Updating RenderedTaskInstanceFields [airflow.api_fastapi.execution_api.routes.task_instances] correlation_id=01a0fa4f-3b67-7404-979e-6b1b96cf3c90 field_count=3 loc=task_instances.py:1017 ti_id=01a0fa48-568a-7f10-97cd-f93263241511
Task instance is in running state
 Previous state of the Task instance: TaskInstanceState.QUEUED
Current task name:gate_3
Dag name:trade_backfill_pipeline
2026-10-02T01:51:31.738481Z [info     ] ::endgroup::                   [task] loc=task_runner.py:2232
{"step": "gate", "kind": null, "period": "202604", "run_id": "backfill-202604-8f2b32796c924f65"}
{"jobs": [{"job_id": "51204829-59ec-4e44-95bc-92d31ed6d982", "result": "success"}], "period": "202604", "run_id": "backfill-202604-8f2b32796c924f65", "status": "PASS", "step": "gate"}

2026-10-02T01:51:36.190324Z [info     ] Done. Returned value was: {'jobs': [{'job_id': '51204829-59ec-4e44-95bc-92d31ed6d982', 'result': 'success'}], 'period': '202604', 'run_id': 'backfill-202604-8f2b32796c924f65', 'status': 'PASS', 'step': 'gate'} [airflow.task.operators.airflow.providers.standard.decorators.python._PythonDecoratedOperator] loc=python.py:233
2026-10-02T01:51:36.193569Z [info     ] ::group::Post Execute          [task] loc=task_runner.py:1580
2026-10-02T01:51:36.196290Z [info     ] Pushing xcom                   [task] loc=task_runner.py:2280 ti=RuntimeTaskInstance(id=UUID('01a0fa48-568a-7f10-97cd-f93263241511'), task_id='gate_3', dag_id='trade_backfill_pipeline', run_id='manual__2026-10-02T01:43:59.763749+00:00', try_number=1, dag_version_id=UUID('01a0f340-b3af-72cd-8aa4-d8e453a1915b'), map_index=-1, hostname='afe341678f81', context_carrier=None, queue='default', task=<Task(_PythonDecoratedOperator): gate_3>, max_tries=0, start_date=datetime.datetime(2026, 10, 2, 1, 51, 31, 561728, tzinfo=datetime.timezone.utc), end_date=None, state=<TaskInstanceState.RUNNING: 'running'>, is_mapped=False, rendered_map_index=None, sentry_integration='')
2026-10-02T01:51:36.584234Z [info     ] Task instance state updated    [airflow.api_fastapi.execution_api.routes.task_instances] correlation_id=01a0fa4f-4e53-7d56-bba4-83dd09f5fbd7 loc=task_instances.py:485 new_state=success rows_affected=1 ti_id=01a0fa48-568a-7f10-97cd-f93263241511
Task instance in success state
 Previous state of the Task instance: TaskInstanceState.RUNNING
Task operator:<Task(_PythonDecoratedOperator): gate_3>
2026-10-02T01:51:36.601881Z [info     ] ::endgroup::                   [task] loc=task_runner.py:2379
2026-10-02T01:51:36.626105Z [info     ] [DAG TEST] end task task_id=gate_3 map_index=-1 [airflow.sdk.definitions.dag] loc=dag.py:1563
2026-10-02T01:51:36.718977Z [info     ] [DAG TEST] starting task_id=publish_3 map_index=-1 [airflow.sdk.definitions.dag] loc=dag.py:1501
2026-10-02T01:51:36.719347Z [info     ] [DAG TEST] running task <TaskInstance: trade_backfill_pipeline.publish_3 manual__2026-10-02T01:43:59.763749+00:00 [TaskInstanceState.SCHEDULED] ti_id=01a0fa48-568b-7890-9334-c77f79987d5c> [airflow.sdk.definitions.dag] loc=dag.py:1504
2026-10-02T01:51:36.758045Z [info     ] Task started                   [airflow.api_fastapi.execution_api.routes.task_instances] correlation_id=01a0fa4f-4f1b-77f8-bc0b-2c9e6278e561 hostname=afe341678f81 loc=task_instances.py:226 previous_state=queued ti_id=01a0fa48-568b-7890-9334-c77f79987d5c
2026-10-02T01:51:36.762193Z [info     ] Task instance state updated    [airflow.api_fastapi.execution_api.routes.task_instances] correlation_id=01a0fa4f-4f1b-77f8-bc0b-2c9e6278e561 loc=task_instances.py:254 rows_affected=1 ti_id=01a0fa48-568b-7890-9334-c77f79987d5c
2026-10-02T01:51:36.855746Z [info     ] Updating RenderedTaskInstanceFields [airflow.api_fastapi.execution_api.routes.task_instances] correlation_id=01a0fa4f-4f8b-7e1e-9ab4-fab5fc01a827 field_count=3 loc=task_instances.py:1017 ti_id=01a0fa48-568b-7890-9334-c77f79987d5c
Task instance is in running state
 Previous state of the Task instance: TaskInstanceState.QUEUED
Current task name:publish_3
Dag name:trade_backfill_pipeline
2026-10-02T01:51:36.884639Z [info     ] ::endgroup::                   [task] loc=task_runner.py:2232
{"step": "publish", "kind": null, "period": "202604", "run_id": "backfill-202604-8f2b32796c924f65"}
{"jobs": [{"job_id": "3de0117e-ed50-4842-b26f-eca27e374946", "result": "success"}, {"job_id": "84c2374f-2e26-472e-a96d-67b8a68dada1", "result": "success"}, {"job_id": "6075d455-1c24-40d2-befc-968e06f2e68b", "result": "success"}], "period": "202604", "run_id": "backfill-202604-8f2b32796c924f65", "status": "published", "step": "publish"}

2026-10-02T01:51:51.899245Z [info     ] Done. Returned value was: {'jobs': [{'job_id': '3de0117e-ed50-4842-b26f-eca27e374946', 'result': 'success'}, {'job_id': '84c2374f-2e26-472e-a96d-67b8a68dada1', 'result': 'success'}, {'job_id': '6075d455-1c24-40d2-befc-968e06f2e68b', 'result': 'success'}], 'period': '202604', 'run_id': 'backfill-202604-8f2b32796c924f65', 'status': 'published', 'step': 'publish'} [airflow.task.operators.airflow.providers.standard.decorators.python._PythonDecoratedOperator] loc=python.py:233
2026-10-02T01:51:51.907907Z [info     ] ::group::Post Execute          [task] loc=task_runner.py:1580
2026-10-02T01:51:51.912012Z [info     ] Pushing xcom                   [task] loc=task_runner.py:2280 ti=RuntimeTaskInstance(id=UUID('01a0fa48-568b-7890-9334-c77f79987d5c'), task_id='publish_3', dag_id='trade_backfill_pipeline', run_id='manual__2026-10-02T01:43:59.763749+00:00', try_number=1, dag_version_id=UUID('01a0f340-b3af-72cd-8aa4-d8e453a1915b'), map_index=-1, hostname='afe341678f81', context_carrier=None, queue='default', task=<Task(_PythonDecoratedOperator): publish_3>, max_tries=0, start_date=datetime.datetime(2026, 10, 2, 1, 51, 36, 729872, tzinfo=datetime.timezone.utc), end_date=None, state=<TaskInstanceState.RUNNING: 'running'>, is_mapped=False, rendered_map_index=None, sentry_integration='')
2026-10-02T01:51:52.276785Z [info     ] Task instance state updated    [airflow.api_fastapi.execution_api.routes.task_instances] correlation_id=01a0fa4f-8bab-7249-ac1a-6935ddbe7ce2 loc=task_instances.py:485 new_state=success rows_affected=1 ti_id=01a0fa48-568b-7890-9334-c77f79987d5c
Task instance in success state
 Previous state of the Task instance: TaskInstanceState.RUNNING
Task operator:<Task(_PythonDecoratedOperator): publish_3>
2026-10-02T01:51:52.293230Z [info     ] ::endgroup::                   [task] loc=task_runner.py:2379
2026-10-02T01:51:52.331532Z [info     ] [DAG TEST] end task task_id=publish_3 map_index=-1 [airflow.sdk.definitions.dag] loc=dag.py:1563
2026-10-02T01:51:52.357710Z [info     ] Marking run <DagRun trade_backfill_pipeline @ 2026-10-02 01:43:59.311688+00:00: manual__2026-10-02T01:43:59.763749+00:00, state:running, queued_at: None. run_type: manual> successful [airflow.models.dagrun.DagRun] loc=dagrun.py:1249
Dag run in success state
Dag run start:2026-10-02 01:43:59.311688+00:00 end:2026-10-02 01:51:52.358205+00:00
2026-10-02T01:51:52.362914Z [info     ] DagRun Finished: dag_id=trade_backfill_pipeline, logical_date=2026-10-02 01:43:59.311688+00:00, run_id=manual__2026-10-02T01:43:59.763749+00:00, run_start_date=2026-10-02 01:43:59.311688+00:00, run_end_date=2026-10-02 01:51:52.358205+00:00, run_duration=473.046517, state=success, run_type=manual, data_interval_start=2026-10-02 01:43:59.311688+00:00, data_interval_end=2026-10-02 01:43:59.311688+00:00, [airflow.models.dagrun.DagRun] loc=dagrun.py:1315
