2026-10-01T08:57:05.034478Z [info     ] DAG bundles loaded: dags-folder, example_dags, apache-airflow-providers-common-sql-example-dags, apache-airflow-providers-standard-example-dags [airflow.dag_processing.bundles.manager.DagBundlesManager] loc=manager.py:304
2026-10-01T08:57:05.037998Z [info     ] Filling up the DagBag from /opt/airflow/dags [airflow.dag_processing.dagbag.BundleDagBag] loc=dagbag.py:460
2026-10-01T08:57:05.082733Z [info     ] Bulk-writing dags to db        [airflow.serialization.definitions.dag] count=3 loc=dag.py:218
2026-10-01T08:57:05.092850Z [info     ] get next_dagrun_info_v2        [airflow.serialization.definitions.dag] last_automated_run_info=None loc=dag.py:453 next_info=None
2026-10-01T08:57:05.092961Z [info     ] setting next dagrun info       [airflow.models.dag] loc=dag.py:848 next_dagrun=None next_dagrun_create_after=None next_dagrun_data_interval_end=None next_dagrun_data_interval_start=None next_dagrun_partition_date=None next_dagrun_partition_key=None
2026-10-01T08:57:05.094003Z [info     ] get next_dagrun_info_v2        [airflow.serialization.definitions.dag] last_automated_run_info=None loc=dag.py:453 next_info=None
2026-10-01T08:57:05.094049Z [info     ] setting next dagrun info       [airflow.models.dag] loc=dag.py:848 next_dagrun=None next_dagrun_create_after=None next_dagrun_data_interval_end=None next_dagrun_data_interval_start=None next_dagrun_partition_date=None next_dagrun_partition_key=None
2026-10-01T08:57:05.100155Z [info     ] get next_dagrun_info_v2        [airflow.serialization.definitions.dag] last_automated_run_info=None loc=dag.py:453 next_info=DagRunInfo(run_after=DateTime(2026, 9, 30, 16, 0, 0, tzinfo=Timezone('UTC')), data_interval=DataInterval(start=DateTime(2026, 8, 31, 16, 0, 0, tzinfo=Timezone('UTC')), end=DateTime(2026, 9, 30, 16, 0, 0, tzinfo=Timezone('UTC'))), partition_date=None, partition_key=None)
2026-10-01T08:57:05.100233Z [info     ] setting next dagrun info       [airflow.models.dag] loc=dag.py:848 next_dagrun='2026-08-31 16:00:00+00:00' next_dagrun_create_after='2026-09-30 16:00:00+00:00' next_dagrun_data_interval_end='2026-09-30 16:00:00+00:00' next_dagrun_data_interval_start='2026-08-31 16:00:00+00:00' next_dagrun_partition_date=None next_dagrun_partition_key=None
2026-10-01T08:57:05.730516Z [info     ] DAG bundles loaded: dags-folder, example_dags, apache-airflow-providers-common-sql-example-dags, apache-airflow-providers-standard-example-dags [airflow.dag_processing.bundles.manager.DagBundlesManager] loc=manager.py:304
2026-10-01T08:57:05.734489Z [info     ] Filling up the DagBag from /opt/airflow/dags [airflow.dag_processing.dagbag.BundleDagBag] loc=dagbag.py:460
2026-10-01T08:57:05.760037Z [info     ] Bulk-writing dags to db        [airflow.serialization.definitions.dag] count=3 loc=dag.py:218
2026-10-01T08:57:05.762366Z [info     ] get next_dagrun_info_v2        [airflow.serialization.definitions.dag] last_automated_run_info=None loc=dag.py:453 next_info=None
2026-10-01T08:57:05.762421Z [info     ] setting next dagrun info       [airflow.models.dag] loc=dag.py:848 next_dagrun=None next_dagrun_create_after=None next_dagrun_data_interval_end=None next_dagrun_data_interval_start=None next_dagrun_partition_date=None next_dagrun_partition_key=None
2026-10-01T08:57:05.763425Z [info     ] get next_dagrun_info_v2        [airflow.serialization.definitions.dag] last_automated_run_info=None loc=dag.py:453 next_info=None
2026-10-01T08:57:05.763475Z [info     ] setting next dagrun info       [airflow.models.dag] loc=dag.py:848 next_dagrun=None next_dagrun_create_after=None next_dagrun_data_interval_end=None next_dagrun_data_interval_start=None next_dagrun_partition_date=None next_dagrun_partition_key=None
2026-10-01T08:57:05.767201Z [info     ] get next_dagrun_info_v2        [airflow.serialization.definitions.dag] last_automated_run_info=None loc=dag.py:453 next_info=DagRunInfo(run_after=DateTime(2026, 9, 30, 16, 0, 0, tzinfo=Timezone('UTC')), data_interval=DataInterval(start=DateTime(2026, 8, 31, 16, 0, 0, tzinfo=Timezone('UTC')), end=DateTime(2026, 9, 30, 16, 0, 0, tzinfo=Timezone('UTC'))), partition_date=None, partition_key=None)
2026-10-01T08:57:05.767267Z [info     ] setting next dagrun info       [airflow.models.dag] loc=dag.py:848 next_dagrun='2026-08-31 16:00:00+00:00' next_dagrun_create_after='2026-09-30 16:00:00+00:00' next_dagrun_data_interval_end='2026-09-30 16:00:00+00:00' next_dagrun_data_interval_start='2026-08-31 16:00:00+00:00' next_dagrun_partition_date=None next_dagrun_partition_key=None
2026-10-01T08:57:05.796033Z [info     ] creating dag run               [airflow.serialization.definitions.dag] loc=dag.py:615 logical_date=DateTime(2026, 10, 1, 8, 57, 5, 33906, tzinfo=Timezone('UTC')) partition_key=None run_after=DateTime(2026, 10, 1, 8, 57, 5, 730081, tzinfo=Timezone('UTC')) run_id=manual__2026-10-01T08:57:05.730081+00:00
2026-10-01T08:57:05.832867Z [info     ] Created dag run.               [airflow.models.dagrun] dagrun=<DagRun trade_backfill_pipeline @ 2026-10-01 08:57:05.033906+00:00: manual__2026-10-01T08:57:05.730081+00:00, state:running, queued_at: None. run_type: manual> loc=dagrun.py:2464
2026-10-01T08:57:05.849640Z [info     ] [DAG TEST] starting task_id=preflight map_index=-1 [airflow.sdk.definitions.dag] loc=dag.py:1501
2026-10-01T08:57:05.849929Z [info     ] [DAG TEST] running task <TaskInstance: trade_backfill_pipeline.preflight manual__2026-10-01T08:57:05.730081+00:00 [TaskInstanceState.SCHEDULED] ti_id=01a0f6ae-7e2a-74b0-b941-9b2eb53d2ce7> [airflow.sdk.definitions.dag] loc=dag.py:1504
2026-10-01T08:57:07.630366Z [info     ] Task started                   [airflow.api_fastapi.execution_api.routes.task_instances] correlation_id=01a0f6ae-7f97-7564-aea2-b83c61d6ec4d hostname=afe341678f81 loc=task_instances.py:226 previous_state=queued ti_id=01a0f6ae-7e2a-74b0-b941-9b2eb53d2ce7
2026-10-01T08:57:07.631696Z [info     ] Task instance state updated    [airflow.api_fastapi.execution_api.routes.task_instances] correlation_id=01a0f6ae-7f97-7564-aea2-b83c61d6ec4d loc=task_instances.py:254 rows_affected=1 ti_id=01a0f6ae-7e2a-74b0-b941-9b2eb53d2ce7
2026-10-01T08:57:07.644928Z [info     ] Updating RenderedTaskInstanceFields [airflow.api_fastapi.execution_api.routes.task_instances] correlation_id=01a0f6ae-853a-7935-93a5-f5039fae6762 field_count=3 loc=task_instances.py:1017 ti_id=01a0f6ae-7e2a-74b0-b941-9b2eb53d2ce7
Task instance is in running state
 Previous state of the Task instance: TaskInstanceState.QUEUED
Current task name:preflight
Dag name:trade_backfill_pipeline
2026-10-01T08:57:07.651443Z [info     ] ::endgroup::                   [task] loc=task_runner.py:2232
{"dag_run_id": "manual__2026-10-01T08:57:05.730081+00:00", "items": [{"period": "202504", "revisions": {"partner_detail": 1, "world_total": 1}, "run_id": "backfill-202504-32a1f3080f769f4e", "sources": {"partner_detail": true, "world_total": true}, "status": "ready"}]}

2026-10-01T08:57:09.908184Z [info     ] Done. Returned value was: {'dag_run_id': 'manual__2026-10-01T08:57:05.730081+00:00', 'items': [{'period': '202504', 'revisions': {'partner_detail': 1, 'world_total': 1}, 'run_id': 'backfill-202504-32a1f3080f769f4e', 'sources': {'partner_detail': True, 'world_total': True}, 'status': 'ready'}]} [airflow.task.operators.airflow.providers.standard.decorators.python._PythonDecoratedOperator] loc=python.py:233
2026-10-01T08:57:09.908447Z [info     ] ::group::Post Execute          [task] loc=task_runner.py:1580
2026-10-01T08:57:09.908648Z [info     ] Pushing xcom                   [task] loc=task_runner.py:2280 ti=RuntimeTaskInstance(id=UUID('01a0f6ae-7e2a-74b0-b941-9b2eb53d2ce7'), task_id='preflight', dag_id='trade_backfill_pipeline', run_id='manual__2026-10-01T08:57:05.730081+00:00', try_number=1, dag_version_id=UUID('01a0f340-b3af-72cd-8aa4-d8e453a1915b'), map_index=-1, hostname='afe341678f81', context_carrier=None, queue='default', task=<Task(_PythonDecoratedOperator): preflight>, max_tries=3, start_date=datetime.datetime(2026, 10, 1, 8, 57, 6, 199115, tzinfo=datetime.timezone.utc), end_date=None, state=<TaskInstanceState.RUNNING: 'running'>, is_mapped=False, rendered_map_index=None, sentry_integration='')
2026-10-01T08:57:10.090539Z [info     ] Task instance state updated    [airflow.api_fastapi.execution_api.routes.task_instances] correlation_id=01a0f6ae-8e26-70b3-983d-8bcba36e93d5 loc=task_instances.py:485 new_state=success rows_affected=1 ti_id=01a0f6ae-7e2a-74b0-b941-9b2eb53d2ce7
Task instance in success state
 Previous state of the Task instance: TaskInstanceState.RUNNING
Task operator:<Task(_PythonDecoratedOperator): preflight>
2026-10-01T08:57:10.093108Z [info     ] ::endgroup::                   [task] loc=task_runner.py:2379
2026-10-01T08:57:10.097625Z [info     ] [DAG TEST] end task task_id=preflight map_index=-1 [airflow.sdk.definitions.dag] loc=dag.py:1563
2026-10-01T08:57:10.105114Z [info     ] [DAG TEST] starting task_id=select_month map_index=-1 [airflow.sdk.definitions.dag] loc=dag.py:1501
2026-10-01T08:57:10.105166Z [info     ] [DAG TEST] running task <TaskInstance: trade_backfill_pipeline.select_month manual__2026-10-01T08:57:05.730081+00:00 [TaskInstanceState.SCHEDULED] ti_id=01a0f6ae-7e2b-7416-a35c-4af3cfde1df3> [airflow.sdk.definitions.dag] loc=dag.py:1504
2026-10-01T08:57:10.109726Z [info     ] Task started                   [airflow.api_fastapi.execution_api.routes.task_instances] correlation_id=01a0f6ae-8eda-7142-bbb4-4e0dda5a3088 hostname=afe341678f81 loc=task_instances.py:226 previous_state=queued ti_id=01a0f6ae-7e2b-7416-a35c-4af3cfde1df3
2026-10-01T08:57:10.110256Z [info     ] Task instance state updated    [airflow.api_fastapi.execution_api.routes.task_instances] correlation_id=01a0f6ae-8eda-7142-bbb4-4e0dda5a3088 loc=task_instances.py:254 rows_affected=1 ti_id=01a0f6ae-7e2b-7416-a35c-4af3cfde1df3
2026-10-01T08:57:10.122929Z [info     ] Updating RenderedTaskInstanceFields [airflow.api_fastapi.execution_api.routes.task_instances] correlation_id=01a0f6ae-8ee8-77dc-8c69-4fde8d6a8758 field_count=3 loc=task_instances.py:1017 ti_id=01a0f6ae-7e2b-7416-a35c-4af3cfde1df3
Task instance is in running state
 Previous state of the Task instance: TaskInstanceState.QUEUED
Current task name:select_month
Dag name:trade_backfill_pipeline
2026-10-01T08:57:10.125933Z [info     ] ::endgroup::                   [task] loc=task_runner.py:2232
2026-10-01T08:57:10.126069Z [info     ] Done. Returned value was: {'period': '202504', 'run_id': 'backfill-202504-32a1f3080f769f4e', 'status': 'ready', 'sources': {'world_total': True, 'partner_detail': True}, 'revisions': {'world_total': 1, 'partner_detail': 1}} [airflow.task.operators.airflow.providers.standard.decorators.python._PythonDecoratedOperator] loc=python.py:233
2026-10-01T08:57:10.126107Z [info     ] ::group::Post Execute          [task] loc=task_runner.py:1580
2026-10-01T08:57:10.126160Z [info     ] Pushing xcom                   [task] loc=task_runner.py:2280 ti=RuntimeTaskInstance(id=UUID('01a0f6ae-7e2b-7416-a35c-4af3cfde1df3'), task_id='select_month', dag_id='trade_backfill_pipeline', run_id='manual__2026-10-01T08:57:05.730081+00:00', try_number=1, dag_version_id=UUID('01a0f340-b3af-72cd-8aa4-d8e453a1915b'), map_index=-1, hostname='afe341678f81', context_carrier=None, queue='default', task=<Task(_PythonDecoratedOperator): select_month>, max_tries=0, start_date=datetime.datetime(2026, 10, 1, 8, 57, 10, 106010, tzinfo=datetime.timezone.utc), end_date=None, state=<TaskInstanceState.RUNNING: 'running'>, is_mapped=False, rendered_map_index=None, sentry_integration='')
2026-10-01T08:57:10.150032Z [info     ] Task instance state updated    [airflow.api_fastapi.execution_api.routes.task_instances] correlation_id=01a0f6ae-8f02-720f-80b0-5b88eb86586d loc=task_instances.py:485 new_state=success rows_affected=1 ti_id=01a0f6ae-7e2b-7416-a35c-4af3cfde1df3
Task instance in success state
 Previous state of the Task instance: TaskInstanceState.RUNNING
Task operator:<Task(_PythonDecoratedOperator): select_month>
2026-10-01T08:57:10.151654Z [info     ] ::endgroup::                   [task] loc=task_runner.py:2379
2026-10-01T08:57:10.153367Z [info     ] [DAG TEST] end task task_id=select_month map_index=-1 [airflow.sdk.definitions.dag] loc=dag.py:1563
2026-10-01T08:57:10.161046Z [info     ] [DAG TEST] starting task_id=ingest_world map_index=-1 [airflow.sdk.definitions.dag] loc=dag.py:1501
2026-10-01T08:57:10.161096Z [info     ] [DAG TEST] running task <TaskInstance: trade_backfill_pipeline.ingest_world manual__2026-10-01T08:57:05.730081+00:00 [TaskInstanceState.SCHEDULED] ti_id=01a0f6ae-7e2d-798b-879b-01fec02e4445> [airflow.sdk.definitions.dag] loc=dag.py:1504
2026-10-01T08:57:10.165057Z [info     ] Task started                   [airflow.api_fastapi.execution_api.routes.task_instances] correlation_id=01a0f6ae-8f11-749f-95f5-623d6c909f99 hostname=afe341678f81 loc=task_instances.py:226 previous_state=queued ti_id=01a0f6ae-7e2d-798b-879b-01fec02e4445
2026-10-01T08:57:10.165533Z [info     ] Task instance state updated    [airflow.api_fastapi.execution_api.routes.task_instances] correlation_id=01a0f6ae-8f11-749f-95f5-623d6c909f99 loc=task_instances.py:254 rows_affected=1 ti_id=01a0f6ae-7e2d-798b-879b-01fec02e4445
2026-10-01T08:57:10.175556Z [info     ] Updating RenderedTaskInstanceFields [airflow.api_fastapi.execution_api.routes.task_instances] correlation_id=01a0f6ae-8f1d-7641-87a6-cc1dab77275a field_count=3 loc=task_instances.py:1017 ti_id=01a0f6ae-7e2d-798b-879b-01fec02e4445
Task instance is in running state
 Previous state of the Task instance: TaskInstanceState.QUEUED
Current task name:ingest_world
Dag name:trade_backfill_pipeline
2026-10-01T08:57:10.178897Z [info     ] ::endgroup::                   [task] loc=task_runner.py:2232
{"step": "ingest", "kind": "world_total", "period": "202504", "run_id": "backfill-202504-32a1f3080f769f4e"}
{"checksum": "sha256:91fef192d2ba2521be6921d546403942855eadad73995c2c528b6a7dd740fd62", "data_uri": "s3://trade-analytics-prod-816079797958-ap-northeast-1-an/un_comtrade/v2/hs_version=H6/cmd_code=8542/period=202504/query_type=world_total/revision=1/data.ndjson", "kind": "world_total", "manifest_uri": "s3://trade-analytics-prod-816079797958-ap-northeast-1-an/un_comtrade/v2/hs_version=H6/cmd_code=8542/period=202504/query_type=world_total/revision=1/manifest.json", "period": "202504", "revision": 1, "row_count": 1, "run_id": "backfill-202504-32a1f3080f769f4e", "status": "already_exists", "step": "ingest"}

2026-10-01T08:57:10.716062Z [info     ] Done. Returned value was: {'checksum': 'sha256:91fef192d2ba2521be6921d546403942855eadad73995c2c528b6a7dd740fd62', 'data_uri': 's3://trade-analytics-prod-816079797958-ap-northeast-1-an/un_comtrade/v2/hs_version=H6/cmd_code=8542/period=202504/query_type=world_total/revision=1/data.ndjson', 'kind': 'world_total', 'manifest_uri': 's3://trade-analytics-prod-816079797958-ap-northeast-1-an/un_comtrade/v2/hs_version=H6/cmd_code=8542/period=202504/query_type=world_total/revision=1/manifest.json', 'period': '202504', 'revision': 1, 'row_count': 1, 'run_id': 'backfill-202504-32a1f3080f769f4e', 'status': 'already_exists', 'step': 'ingest'} [airflow.task.operators.airflow.providers.standard.decorators.python._PythonDecoratedOperator] loc=python.py:233
2026-10-01T08:57:10.716196Z [info     ] ::group::Post Execute          [task] loc=task_runner.py:1580
2026-10-01T08:57:10.716286Z [info     ] Pushing xcom                   [task] loc=task_runner.py:2280 ti=RuntimeTaskInstance(id=UUID('01a0f6ae-7e2d-798b-879b-01fec02e4445'), task_id='ingest_world', dag_id='trade_backfill_pipeline', run_id='manual__2026-10-01T08:57:05.730081+00:00', try_number=1, dag_version_id=UUID('01a0f340-b3af-72cd-8aa4-d8e453a1915b'), map_index=-1, hostname='afe341678f81', context_carrier=None, queue='default', task=<Task(_PythonDecoratedOperator): ingest_world>, max_tries=3, start_date=datetime.datetime(2026, 10, 1, 8, 57, 10, 161864, tzinfo=datetime.timezone.utc), end_date=None, state=<TaskInstanceState.RUNNING: 'running'>, is_mapped=False, rendered_map_index=None, sentry_integration='')
2026-10-01T08:57:10.759926Z [info     ] Task instance state updated    [airflow.api_fastapi.execution_api.routes.task_instances] correlation_id=01a0f6ae-9164-709e-b332-66a2adf48b56 loc=task_instances.py:485 new_state=success rows_affected=1 ti_id=01a0f6ae-7e2d-798b-879b-01fec02e4445
Task instance in success state
 Previous state of the Task instance: TaskInstanceState.RUNNING
Task operator:<Task(_PythonDecoratedOperator): ingest_world>
2026-10-01T08:57:10.762680Z [info     ] ::endgroup::                   [task] loc=task_runner.py:2379
2026-10-01T08:57:10.764888Z [info     ] [DAG TEST] end task task_id=ingest_world map_index=-1 [airflow.sdk.definitions.dag] loc=dag.py:1563
2026-10-01T08:57:10.764950Z [info     ] [DAG TEST] starting task_id=ingest_detail map_index=-1 [airflow.sdk.definitions.dag] loc=dag.py:1501
2026-10-01T08:57:10.764984Z [info     ] [DAG TEST] running task <TaskInstance: trade_backfill_pipeline.ingest_detail manual__2026-10-01T08:57:05.730081+00:00 [TaskInstanceState.SCHEDULED] ti_id=01a0f6ae-7e2c-7202-815d-5d32fe1cf80f> [airflow.sdk.definitions.dag] loc=dag.py:1504
2026-10-01T08:57:10.770223Z [info     ] Task started                   [airflow.api_fastapi.execution_api.routes.task_instances] correlation_id=01a0f6ae-916e-7651-8e9c-64af76e6326e hostname=afe341678f81 loc=task_instances.py:226 previous_state=queued ti_id=01a0f6ae-7e2c-7202-815d-5d32fe1cf80f
2026-10-01T08:57:10.770765Z [info     ] Task instance state updated    [airflow.api_fastapi.execution_api.routes.task_instances] correlation_id=01a0f6ae-916e-7651-8e9c-64af76e6326e loc=task_instances.py:254 rows_affected=1 ti_id=01a0f6ae-7e2c-7202-815d-5d32fe1cf80f
2026-10-01T08:57:10.779988Z [info     ] Updating RenderedTaskInstanceFields [airflow.api_fastapi.execution_api.routes.task_instances] correlation_id=01a0f6ae-917a-7b4e-ab88-23dc1263e1ad field_count=3 loc=task_instances.py:1017 ti_id=01a0f6ae-7e2c-7202-815d-5d32fe1cf80f
Task instance is in running state
 Previous state of the Task instance: TaskInstanceState.QUEUED
Current task name:ingest_detail
Dag name:trade_backfill_pipeline
2026-10-01T08:57:10.782947Z [info     ] ::endgroup::                   [task] loc=task_runner.py:2232
{"step": "ingest", "kind": "partner_detail", "period": "202504", "run_id": "backfill-202504-32a1f3080f769f4e"}
{"checksum": "sha256:2150cde13d68f474808135e4f76e0b710dc505905ade1ec6a783548ca1c22610", "data_uri": "s3://trade-analytics-prod-816079797958-ap-northeast-1-an/un_comtrade/v2/hs_version=H6/cmd_code=8542/period=202504/query_type=partner_detail/revision=1/data.ndjson", "kind": "partner_detail", "manifest_uri": "s3://trade-analytics-prod-816079797958-ap-northeast-1-an/un_comtrade/v2/hs_version=H6/cmd_code=8542/period=202504/query_type=partner_detail/revision=1/manifest.json", "period": "202504", "revision": 1, "row_count": 61, "run_id": "backfill-202504-32a1f3080f769f4e", "status": "already_exists", "step": "ingest"}

2026-10-01T08:57:11.396583Z [info     ] Done. Returned value was: {'checksum': 'sha256:2150cde13d68f474808135e4f76e0b710dc505905ade1ec6a783548ca1c22610', 'data_uri': 's3://trade-analytics-prod-816079797958-ap-northeast-1-an/un_comtrade/v2/hs_version=H6/cmd_code=8542/period=202504/query_type=partner_detail/revision=1/data.ndjson', 'kind': 'partner_detail', 'manifest_uri': 's3://trade-analytics-prod-816079797958-ap-northeast-1-an/un_comtrade/v2/hs_version=H6/cmd_code=8542/period=202504/query_type=partner_detail/revision=1/manifest.json', 'period': '202504', 'revision': 1, 'row_count': 61, 'run_id': 'backfill-202504-32a1f3080f769f4e', 'status': 'already_exists', 'step': 'ingest'} [airflow.task.operators.airflow.providers.standard.decorators.python._PythonDecoratedOperator] loc=python.py:233
2026-10-01T08:57:11.396840Z [info     ] ::group::Post Execute          [task] loc=task_runner.py:1580
2026-10-01T08:57:11.396981Z [info     ] Pushing xcom                   [task] loc=task_runner.py:2280 ti=RuntimeTaskInstance(id=UUID('01a0f6ae-7e2c-7202-815d-5d32fe1cf80f'), task_id='ingest_detail', dag_id='trade_backfill_pipeline', run_id='manual__2026-10-01T08:57:05.730081+00:00', try_number=1, dag_version_id=UUID('01a0f340-b3af-72cd-8aa4-d8e453a1915b'), map_index=-1, hostname='afe341678f81', context_carrier=None, queue='default', task=<Task(_PythonDecoratedOperator): ingest_detail>, max_tries=3, start_date=datetime.datetime(2026, 10, 1, 8, 57, 10, 766815, tzinfo=datetime.timezone.utc), end_date=None, state=<TaskInstanceState.RUNNING: 'running'>, is_mapped=False, rendered_map_index=None, sentry_integration='')
2026-10-01T08:57:11.460425Z [info     ] Task instance state updated    [airflow.api_fastapi.execution_api.routes.task_instances] correlation_id=01a0f6ae-941f-7ebe-a1c9-07f4d87726f8 loc=task_instances.py:485 new_state=success rows_affected=1 ti_id=01a0f6ae-7e2c-7202-815d-5d32fe1cf80f
Task instance in success state
 Previous state of the Task instance: TaskInstanceState.RUNNING
Task operator:<Task(_PythonDecoratedOperator): ingest_detail>
2026-10-01T08:57:11.462798Z [info     ] ::endgroup::                   [task] loc=task_runner.py:2379
2026-10-01T08:57:11.465876Z [info     ] [DAG TEST] end task task_id=ingest_detail map_index=-1 [airflow.sdk.definitions.dag] loc=dag.py:1563
2026-10-01T08:57:11.474910Z [info     ] [DAG TEST] starting task_id=load_world map_index=-1 [airflow.sdk.definitions.dag] loc=dag.py:1501
2026-10-01T08:57:11.474980Z [info     ] [DAG TEST] running task <TaskInstance: trade_backfill_pipeline.load_world manual__2026-10-01T08:57:05.730081+00:00 [TaskInstanceState.SCHEDULED] ti_id=01a0f6ae-7e2f-7039-aff5-eac725b5457a> [airflow.sdk.definitions.dag] loc=dag.py:1504
2026-10-01T08:57:11.480184Z [info     ] Task started                   [airflow.api_fastapi.execution_api.routes.task_instances] correlation_id=01a0f6ae-9434-7868-a021-ce5ba0698f9e hostname=afe341678f81 loc=task_instances.py:226 previous_state=queued ti_id=01a0f6ae-7e2f-7039-aff5-eac725b5457a
2026-10-01T08:57:11.480796Z [info     ] Task instance state updated    [airflow.api_fastapi.execution_api.routes.task_instances] correlation_id=01a0f6ae-9434-7868-a021-ce5ba0698f9e loc=task_instances.py:254 rows_affected=1 ti_id=01a0f6ae-7e2f-7039-aff5-eac725b5457a
2026-10-01T08:57:11.491922Z [info     ] Updating RenderedTaskInstanceFields [airflow.api_fastapi.execution_api.routes.task_instances] correlation_id=01a0f6ae-9441-74de-8301-5150c188b8f0 field_count=3 loc=task_instances.py:1017 ti_id=01a0f6ae-7e2f-7039-aff5-eac725b5457a
Task instance is in running state
 Previous state of the Task instance: TaskInstanceState.QUEUED
Current task name:load_world
Dag name:trade_backfill_pipeline
2026-10-01T08:57:11.495523Z [info     ] ::endgroup::                   [task] loc=task_runner.py:2232
{"step": "load", "kind": "world_total", "period": "202504", "run_id": "backfill-202504-32a1f3080f769f4e"}
{"jobs": [{"job_id": "day11_731221f8cd0544578701785685322bf4", "status": "success"}], "kind": "world_total", "period": "202504", "revision": 1, "rows": 1, "status": "already_loaded", "step": "load"}

2026-10-01T08:57:13.153672Z [info     ] Done. Returned value was: {'jobs': [{'job_id': 'day11_731221f8cd0544578701785685322bf4', 'status': 'success'}], 'kind': 'world_total', 'period': '202504', 'revision': 1, 'rows': 1, 'status': 'already_loaded', 'step': 'load'} [airflow.task.operators.airflow.providers.standard.decorators.python._PythonDecoratedOperator] loc=python.py:233
2026-10-01T08:57:13.153934Z [info     ] ::group::Post Execute          [task] loc=task_runner.py:1580
2026-10-01T08:57:13.154081Z [info     ] Pushing xcom                   [task] loc=task_runner.py:2280 ti=RuntimeTaskInstance(id=UUID('01a0f6ae-7e2f-7039-aff5-eac725b5457a'), task_id='load_world', dag_id='trade_backfill_pipeline', run_id='manual__2026-10-01T08:57:05.730081+00:00', try_number=1, dag_version_id=UUID('01a0f340-b3af-72cd-8aa4-d8e453a1915b'), map_index=-1, hostname='afe341678f81', context_carrier=None, queue='default', task=<Task(_PythonDecoratedOperator): load_world>, max_tries=3, start_date=datetime.datetime(2026, 10, 1, 8, 57, 11, 476019, tzinfo=datetime.timezone.utc), end_date=None, state=<TaskInstanceState.RUNNING: 'running'>, is_mapped=False, rendered_map_index=None, sentry_integration='')
2026-10-01T08:57:13.193582Z [info     ] Task instance state updated    [airflow.api_fastapi.execution_api.routes.task_instances] correlation_id=01a0f6ae-9ae4-7fdd-8c8d-b68401aa8a72 loc=task_instances.py:485 new_state=success rows_affected=1 ti_id=01a0f6ae-7e2f-7039-aff5-eac725b5457a
Task instance in success state
 Previous state of the Task instance: TaskInstanceState.RUNNING
Task operator:<Task(_PythonDecoratedOperator): load_world>
2026-10-01T08:57:13.195900Z [info     ] ::endgroup::                   [task] loc=task_runner.py:2379
2026-10-01T08:57:13.198760Z [info     ] [DAG TEST] end task task_id=load_world map_index=-1 [airflow.sdk.definitions.dag] loc=dag.py:1563
2026-10-01T08:57:13.198837Z [info     ] [DAG TEST] starting task_id=load_detail map_index=-1 [airflow.sdk.definitions.dag] loc=dag.py:1501
2026-10-01T08:57:13.198874Z [info     ] [DAG TEST] running task <TaskInstance: trade_backfill_pipeline.load_detail manual__2026-10-01T08:57:05.730081+00:00 [TaskInstanceState.SCHEDULED] ti_id=01a0f6ae-7e2e-71af-a1a4-cedfe6432272> [airflow.sdk.definitions.dag] loc=dag.py:1504
2026-10-01T08:57:13.204889Z [info     ] Task started                   [airflow.api_fastapi.execution_api.routes.task_instances] correlation_id=01a0f6ae-9af1-7574-a2ac-208cf74229ce hostname=afe341678f81 loc=task_instances.py:226 previous_state=queued ti_id=01a0f6ae-7e2e-71af-a1a4-cedfe6432272
2026-10-01T08:57:13.205496Z [info     ] Task instance state updated    [airflow.api_fastapi.execution_api.routes.task_instances] correlation_id=01a0f6ae-9af1-7574-a2ac-208cf74229ce loc=task_instances.py:254 rows_affected=1 ti_id=01a0f6ae-7e2e-71af-a1a4-cedfe6432272
2026-10-01T08:57:13.215355Z [info     ] Updating RenderedTaskInstanceFields [airflow.api_fastapi.execution_api.routes.task_instances] correlation_id=01a0f6ae-9afd-7d0b-a023-0bc0d3f30c34 field_count=3 loc=task_instances.py:1017 ti_id=01a0f6ae-7e2e-71af-a1a4-cedfe6432272
Task instance is in running state
 Previous state of the Task instance: TaskInstanceState.QUEUED
Current task name:load_detail
Dag name:trade_backfill_pipeline
2026-10-01T08:57:13.218589Z [info     ] ::endgroup::                   [task] loc=task_runner.py:2232
{"step": "load", "kind": "partner_detail", "period": "202504", "run_id": "backfill-202504-32a1f3080f769f4e"}
{"jobs": [{"job_id": "day11_632355d43e6449b49af2bc0b8c8b0b7a", "status": "success"}], "kind": "partner_detail", "period": "202504", "revision": 1, "rows": 61, "status": "already_loaded", "step": "load"}

2026-10-01T08:57:14.967051Z [info     ] Done. Returned value was: {'jobs': [{'job_id': 'day11_632355d43e6449b49af2bc0b8c8b0b7a', 'status': 'success'}], 'kind': 'partner_detail', 'period': '202504', 'revision': 1, 'rows': 61, 'status': 'already_loaded', 'step': 'load'} [airflow.task.operators.airflow.providers.standard.decorators.python._PythonDecoratedOperator] loc=python.py:233
2026-10-01T08:57:14.967199Z [info     ] ::group::Post Execute          [task] loc=task_runner.py:1580
2026-10-01T08:57:14.967318Z [info     ] Pushing xcom                   [task] loc=task_runner.py:2280 ti=RuntimeTaskInstance(id=UUID('01a0f6ae-7e2e-71af-a1a4-cedfe6432272'), task_id='load_detail', dag_id='trade_backfill_pipeline', run_id='manual__2026-10-01T08:57:05.730081+00:00', try_number=1, dag_version_id=UUID('01a0f340-b3af-72cd-8aa4-d8e453a1915b'), map_index=-1, hostname='afe341678f81', context_carrier=None, queue='default', task=<Task(_PythonDecoratedOperator): load_detail>, max_tries=3, start_date=datetime.datetime(2026, 10, 1, 8, 57, 13, 200930, tzinfo=datetime.timezone.utc), end_date=None, state=<TaskInstanceState.RUNNING: 'running'>, is_mapped=False, rendered_map_index=None, sentry_integration='')
2026-10-01T08:57:15.001373Z [info     ] Task instance state updated    [airflow.api_fastapi.execution_api.routes.task_instances] correlation_id=01a0f6ae-a1f5-7bcf-976b-feacee36e95c loc=task_instances.py:485 new_state=success rows_affected=1 ti_id=01a0f6ae-7e2e-71af-a1a4-cedfe6432272
Task instance in success state
 Previous state of the Task instance: TaskInstanceState.RUNNING
Task operator:<Task(_PythonDecoratedOperator): load_detail>
2026-10-01T08:57:15.003096Z [info     ] ::endgroup::                   [task] loc=task_runner.py:2379
2026-10-01T08:57:15.005360Z [info     ] [DAG TEST] end task task_id=load_detail map_index=-1 [airflow.sdk.definitions.dag] loc=dag.py:1563
2026-10-01T08:57:15.012839Z [info     ] [DAG TEST] starting task_id=attest map_index=-1 [airflow.sdk.definitions.dag] loc=dag.py:1501
2026-10-01T08:57:15.012898Z [info     ] [DAG TEST] running task <TaskInstance: trade_backfill_pipeline.attest manual__2026-10-01T08:57:05.730081+00:00 [TaskInstanceState.SCHEDULED] ti_id=01a0f6ae-7e30-7422-add3-390e704fbb33> [airflow.sdk.definitions.dag] loc=dag.py:1504
2026-10-01T08:57:15.017315Z [info     ] Task started                   [airflow.api_fastapi.execution_api.routes.task_instances] correlation_id=01a0f6ae-a205-761d-bd92-72b0e9c0b9a1 hostname=afe341678f81 loc=task_instances.py:226 previous_state=queued ti_id=01a0f6ae-7e30-7422-add3-390e704fbb33
2026-10-01T08:57:15.017834Z [info     ] Task instance state updated    [airflow.api_fastapi.execution_api.routes.task_instances] correlation_id=01a0f6ae-a205-761d-bd92-72b0e9c0b9a1 loc=task_instances.py:254 rows_affected=1 ti_id=01a0f6ae-7e30-7422-add3-390e704fbb33
2026-10-01T08:57:15.027978Z [info     ] Updating RenderedTaskInstanceFields [airflow.api_fastapi.execution_api.routes.task_instances] correlation_id=01a0f6ae-a212-726a-b381-b14c96d30b23 field_count=3 loc=task_instances.py:1017 ti_id=01a0f6ae-7e30-7422-add3-390e704fbb33
Task instance is in running state
 Previous state of the Task instance: TaskInstanceState.QUEUED
Current task name:attest
Dag name:trade_backfill_pipeline
2026-10-01T08:57:15.031076Z [info     ] ::endgroup::                   [task] loc=task_runner.py:2232
{"step": "attest", "kind": null, "period": "202504", "run_id": "backfill-202504-32a1f3080f769f4e"}
{"jobs": [{"job_id": "64881381-59f3-42af-8707-29cbadbe8125", "result": "success"}, {"job_id": "b700f705-07bf-4f48-99ac-6a2ffb14ebc2", "result": "success"}, {"job_id": "3e39dbac-0ae3-47ae-bfcf-55ae80a6b950", "result": "success"}, {"job_id": "e58e5b5a-cc7f-4739-9ad4-6f92979316e9", "result": "success"}, {"job_id": "0bb04b8f-4e52-49c8-a918-b4afb8a8732f", "result": "success"}, {"job_id": "45bdab00-328f-4d83-a02a-59c0b50396b4", "result": "success"}], "period": "202504", "sources": [{"checksum": "sha256:2150cde13d68f474808135e4f76e0b710dc505905ade1ec6a783548ca1c22610", "query_type": "partner_detail", "revision": 1, "snapshot_hash": "b26f0f7bbcc7adbeabc1107f1bf9bb4f12e2a0fadaf44867cd49bd98ba1f0628", "source_file": "s3://trade-analytics-prod-816079797958-ap-northeast-1-an/un_comtrade/v2/hs_version=H6/cmd_code=8542/period=202504/query_type=partner_detail/revision=1/data.ndjson"}, {"checksum": "sha256:91fef192d2ba2521be6921d546403942855eadad73995c2c528b6a7dd740fd62", "query_type": "world_total", "revision": 1, "snapshot_hash": "e2b4ca8e007bf1ed5b05b3bf784fdb99987fc0ae962fd2ff759b602474104ab3", "source_file": "s3://trade-analytics-prod-816079797958-ap-northeast-1-an/un_comtrade/v2/hs_version=H6/cmd_code=8542/period=202504/query_type=world_total/revision=1/data.ndjson"}], "status": "verified", "step": "attest"}

2026-10-01T08:57:21.287497Z [info     ] Done. Returned value was: {'jobs': [{'job_id': '64881381-59f3-42af-8707-29cbadbe8125', 'result': 'success'}, {'job_id': 'b700f705-07bf-4f48-99ac-6a2ffb14ebc2', 'result': 'success'}, {'job_id': '3e39dbac-0ae3-47ae-bfcf-55ae80a6b950', 'result': 'success'}, {'job_id': 'e58e5b5a-cc7f-4739-9ad4-6f92979316e9', 'result': 'success'}, {'job_id': '0bb04b8f-4e52-49c8-a918-b4afb8a8732f', 'result': 'success'}, {'job_id': '45bdab00-328f-4d83-a02a-59c0b50396b4', 'result': 'success'}], 'period': '202504', 'sources': [{'checksum': 'sha256:2150cde13d68f474808135e4f76e0b710dc505905ade1ec6a783548ca1c22610', 'query_type': 'partner_detail', 'revision': 1, 'snapshot_hash': 'b26f0f7bbcc7adbeabc1107f1bf9bb4f12e2a0fadaf44867cd49bd98ba1f0628', 'source_file': 's3://trade-analytics-prod-816079797958-ap-northeast-1-an/un_comtrade/v2/hs_version=H6/cmd_code=8542/period=202504/query_type=partner_detail/revision=1/data.ndjson'}, {'checksum': 'sha256:91fef192d2ba2521be6921d546403942855eadad73995c2c528b6a7dd740fd62', 'query_type': 'world_total', 'revision': 1, 'snapshot_hash': 'e2b4ca8e007bf1ed5b05b3bf784fdb99987fc0ae962fd2ff759b602474104ab3', 'source_file': 's3://trade-analytics-prod-816079797958-ap-northeast-1-an/un_comtrade/v2/hs_version=H6/cmd_code=8542/period=202504/query_type=world_total/revision=1/data.ndjson'}], 'status': 'verified', 'step': 'attest'} [airflow.task.operators.airflow.providers.standard.decorators.python._PythonDecoratedOperator] loc=python.py:233
2026-10-01T08:57:21.288101Z [info     ] ::group::Post Execute          [task] loc=task_runner.py:1580
2026-10-01T08:57:21.288470Z [info     ] Pushing xcom                   [task] loc=task_runner.py:2280 ti=RuntimeTaskInstance(id=UUID('01a0f6ae-7e30-7422-add3-390e704fbb33'), task_id='attest', dag_id='trade_backfill_pipeline', run_id='manual__2026-10-01T08:57:05.730081+00:00', try_number=1, dag_version_id=UUID('01a0f340-b3af-72cd-8aa4-d8e453a1915b'), map_index=-1, hostname='afe341678f81', context_carrier=None, queue='default', task=<Task(_PythonDecoratedOperator): attest>, max_tries=0, start_date=datetime.datetime(2026, 10, 1, 8, 57, 15, 13761, tzinfo=datetime.timezone.utc), end_date=None, state=<TaskInstanceState.RUNNING: 'running'>, is_mapped=False, rendered_map_index=None, sentry_integration='')
2026-10-01T08:57:21.343143Z [info     ] Task instance state updated    [airflow.api_fastapi.execution_api.routes.task_instances] correlation_id=01a0f6ae-bab8-7d17-9418-4ec9f3171f0f loc=task_instances.py:485 new_state=success rows_affected=1 ti_id=01a0f6ae-7e30-7422-add3-390e704fbb33
Task instance in success state
 Previous state of the Task instance: TaskInstanceState.RUNNING
Task operator:<Task(_PythonDecoratedOperator): attest>
2026-10-01T08:57:21.346352Z [info     ] ::endgroup::                   [task] loc=task_runner.py:2379
2026-10-01T08:57:21.352111Z [info     ] [DAG TEST] end task task_id=attest map_index=-1 [airflow.sdk.definitions.dag] loc=dag.py:1563
2026-10-01T08:57:21.363153Z [info     ] [DAG TEST] starting task_id=build map_index=-1 [airflow.sdk.definitions.dag] loc=dag.py:1501
2026-10-01T08:57:21.363235Z [info     ] [DAG TEST] running task <TaskInstance: trade_backfill_pipeline.build manual__2026-10-01T08:57:05.730081+00:00 [TaskInstanceState.SCHEDULED] ti_id=01a0f6ae-7e31-7287-9644-f040fca16f70> [airflow.sdk.definitions.dag] loc=dag.py:1504
2026-10-01T08:57:21.370400Z [info     ] Task started                   [airflow.api_fastapi.execution_api.routes.task_instances] correlation_id=01a0f6ae-bad4-7e3e-805a-624c6041872d hostname=afe341678f81 loc=task_instances.py:226 previous_state=queued ti_id=01a0f6ae-7e31-7287-9644-f040fca16f70
2026-10-01T08:57:21.371153Z [info     ] Task instance state updated    [airflow.api_fastapi.execution_api.routes.task_instances] correlation_id=01a0f6ae-bad4-7e3e-805a-624c6041872d loc=task_instances.py:254 rows_affected=1 ti_id=01a0f6ae-7e31-7287-9644-f040fca16f70
2026-10-01T08:57:21.386839Z [info     ] Updating RenderedTaskInstanceFields [airflow.api_fastapi.execution_api.routes.task_instances] correlation_id=01a0f6ae-bae7-7ac6-90ed-e86ef2651530 field_count=3 loc=task_instances.py:1017 ti_id=01a0f6ae-7e31-7287-9644-f040fca16f70
Task instance is in running state
 Previous state of the Task instance: TaskInstanceState.QUEUED
Current task name:build
Dag name:trade_backfill_pipeline
2026-10-01T08:57:21.391543Z [info     ] ::endgroup::                   [task] loc=task_runner.py:2232
{"step": "build", "kind": null, "period": "202504", "run_id": "backfill-202504-32a1f3080f769f4e"}
[0m08:57:22  Running with dbt=1.12.5
[0m08:57:22  Registered adapter: bigquery=1.12.1
[0m08:57:23  Unable to do partial parsing because config vars, config profile, or config target have changed
[0m08:57:24  Found 10 models, 71 data tests, 2 seeds, 3 sources, 563 macros, 5 unit tests
[0m08:57:24
[0m08:57:24  Concurrency: 4 threads (target='day11')
[0m08:57:24
[0m08:57:25  1 of 88 START sql table model trade_analytics_day10_dev.dim_months ............. [RUN]
[0m08:57:25  2 of 88 START sql view model trade_analytics_day10_dev.stg_un_comtrade__partner_trades  [RUN]
[0m08:57:25  3 of 88 START sql view model trade_analytics_day10_dev.stg_un_comtrade__world_totals  [RUN]
[0m08:57:25  4 of 88 START seed file trade_analytics_day10_dev.country_reference ............ [RUN]
[0m08:57:25  2 of 88 OK created sql view model trade_analytics_day10_dev.stg_un_comtrade__partner_trades  [[32mCREATE VIEW (0 processed)[0m in 0.69s]
[0m08:57:25  5 of 88 START seed file trade_analytics_day10_dev.hs_code_reference ............ [RUN]
[0m08:57:25  3 of 88 OK created sql view model trade_analytics_day10_dev.stg_un_comtrade__world_totals  [[32mCREATE VIEW (0 processed)[0m in 0.70s]
[0m08:57:25  6 of 88 START test assert_partner_grain_unique ................................. [RUN]
[0m08:57:28  1 of 88 OK created sql table model trade_analytics_day10_dev.dim_months ........ [[32mCREATE TABLE (28.0 rows, 0 processed)[0m in 3.17s]
[0m08:57:28  7 of 88 START test assert_january_2023_exists .................................. [RUN]
[0m08:57:28  6 of 88 PASS assert_partner_grain_unique ....................................... [[32mPASS[0m in 2.98s]
[0m08:57:28  8 of 88 START test assert_staging_contract ..................................... [RUN]
[0m08:57:29  7 of 88 PASS assert_january_2023_exists ........................................ [[32mPASS[0m in 1.11s]
[0m08:57:29  9 of 88 START test assert_staging_matches_raw .................................. [RUN]
[0m08:57:30  8 of 88 PASS assert_staging_contract ........................................... [[32mPASS[0m in 1.27s]
[0m08:57:30  10 of 88 START test assert_world_grain_unique .................................. [RUN]
[0m08:57:30  5 of 88 OK loaded seed file trade_analytics_day10_dev.hs_code_reference ........ [[32mINSERT 1[0m in 4.31s]
[0m08:57:30  11 of 88 START test assert_month_spine_complete ................................ [RUN]
[0m08:57:30  9 of 88 PASS assert_staging_matches_raw ........................................ [[32mPASS[0m in 1.29s]
[0m08:57:30  12 of 88 START test not_null_dim_months_month_start_date ....................... [RUN]
[0m08:57:30  4 of 88 OK loaded seed file trade_analytics_day10_dev.country_reference ........ [[32mINSERT 150[0m in 5.62s]
[0m08:57:30  13 of 88 START test not_null_dim_months_period ................................. [RUN]
[0m08:57:30  10 of 88 PASS assert_world_grain_unique ........................................ [[32mPASS[0m in 0.92s]
[0m08:57:30  14 of 88 START test unique_dim_months_month_start_date ......................... [RUN]
[0m08:57:31  11 of 88 PASS assert_month_spine_complete ...................................... [[32mPASS[0m in 1.00s]
[0m08:57:31  15 of 88 START test unique_dim_months_period ................................... [RUN]
[0m08:57:31  12 of 88 PASS not_null_dim_months_month_start_date ............................. [[32mPASS[0m in 0.82s]
[0m08:57:31  16 of 88 START test compound_unique_hs_code_reference_hs_version__cmd_code ..... [RUN]
[0m08:57:31  13 of 88 PASS not_null_dim_months_period ....................................... [[32mPASS[0m in 0.83s]
[0m08:57:31  17 of 88 START test not_null_hs_code_reference_cmd_code ........................ [RUN]
[0m08:57:31  14 of 88 PASS unique_dim_months_month_start_date ............................... [[32mPASS[0m in 0.79s]
[0m08:57:31  18 of 88 START test not_null_hs_code_reference_code_level ...................... [RUN]
[0m08:57:31  15 of 88 PASS unique_dim_months_period ......................................... [[32mPASS[0m in 0.86s]
[0m08:57:31  19 of 88 START test not_null_hs_code_reference_hs_description .................. [RUN]
[0m08:57:32  17 of 88 PASS not_null_hs_code_reference_cmd_code .............................. [[32mPASS[0m in 0.79s]
[0m08:57:32  20 of 88 START test not_null_hs_code_reference_hs_version ...................... [RUN]
[0m08:57:32  16 of 88 PASS compound_unique_hs_code_reference_hs_version__cmd_code ........... [[32mPASS[0m in 0.90s]
[0m08:57:32  21 of 88 START test not_null_hs_code_reference_parent_code ..................... [RUN]
[0m08:57:32  18 of 88 PASS not_null_hs_code_reference_code_level ............................ [[32mPASS[0m in 0.74s]
[0m08:57:32  22 of 88 START test not_null_hs_code_reference_retrieved_at .................... [RUN]
[0m08:57:32  19 of 88 PASS not_null_hs_code_reference_hs_description ........................ [[32mPASS[0m in 0.80s]
[0m08:57:32  23 of 88 START test not_null_hs_code_reference_source_url ...................... [RUN]
[0m08:57:33  20 of 88 PASS not_null_hs_code_reference_hs_version ............................ [[32mPASS[0m in 0.76s]
[0m08:57:33  24 of 88 START test accepted_values_country_reference_classification_status__verified__needs_review  [RUN]
[0m08:57:33  21 of 88 PASS not_null_hs_code_reference_parent_code ........................... [[32mPASS[0m in 0.80s]
[0m08:57:33  25 of 88 START test accepted_values_country_reference_partner_type__country__world__aggregate__special__unknown  [RUN]
[0m08:57:33  22 of 88 PASS not_null_hs_code_reference_retrieved_at .......................... [[32mPASS[0m in 0.75s]
[0m08:57:33  26 of 88 START test accepted_values_country_reference_reconciliation_role__detail__overlap__world__unresolved  [RUN]
[0m08:57:33  23 of 88 PASS not_null_hs_code_reference_source_url ............................ [[32mPASS[0m in 0.80s]
[0m08:57:33  27 of 88 START test not_null_country_reference_classification_note ............. [RUN]
[0m08:57:33  25 of 88 PASS accepted_values_country_reference_partner_type__country__world__aggregate__special__unknown  [[32mPASS[0m in 0.77s]
[0m08:57:33  28 of 88 START test not_null_country_reference_classification_status ........... [RUN]
[0m08:57:33  24 of 88 PASS accepted_values_country_reference_classification_status__verified__needs_review  [[32mPASS[0m in 0.88s]
[0m08:57:33  29 of 88 START test not_null_country_reference_partner_code .................... [RUN]
[0m08:57:34  26 of 88 PASS accepted_values_country_reference_reconciliation_role__detail__overlap__world__unresolved  [[32mPASS[0m in 0.87s]
[0m08:57:34  30 of 88 START test not_null_country_reference_partner_type .................... [RUN]
[0m08:57:34  27 of 88 PASS not_null_country_reference_classification_note ................... [[32mPASS[0m in 0.73s]
[0m08:57:34  31 of 88 START test not_null_country_reference_reconciliation_role ............. [RUN]
[0m08:57:34  28 of 88 PASS not_null_country_reference_classification_status ................. [[32mPASS[0m in 0.72s]
[0m08:57:34  32 of 88 START test not_null_country_reference_retrieved_at .................... [RUN]
[0m08:57:34  29 of 88 PASS not_null_country_reference_partner_code .......................... [[32mPASS[0m in 0.87s]
[0m08:57:34  30 of 88 PASS not_null_country_reference_partner_type .......................... [[32mPASS[0m in 0.75s]
[0m08:57:34  33 of 88 START test not_null_country_reference_source_name ..................... [RUN]
[0m08:57:34  34 of 88 START test not_null_country_reference_source_url ...................... [RUN]
[0m08:57:35  31 of 88 PASS not_null_country_reference_reconciliation_role ................... [[32mPASS[0m in 0.72s]
[0m08:57:35  35 of 88 START test unique_country_reference_partner_code ...................... [RUN]
[0m08:57:35  32 of 88 PASS not_null_country_reference_retrieved_at .......................... [[32mPASS[0m in 0.79s]
[0m08:57:35  36 of 88 START sql table model trade_analytics_day10_dev.dim_hs_codes .......... [RUN]
[0m08:57:35  34 of 88 PASS not_null_country_reference_source_url ............................ [[32mPASS[0m in 0.82s]
[0m08:57:35  33 of 88 PASS not_null_country_reference_source_name ........................... [[32mPASS[0m in 0.92s]
[0m08:57:35  35 of 88 PASS unique_country_reference_partner_code ............................ [[32mPASS[0m in 0.83s]
[0m08:57:35  37 of 88 START sql table model trade_analytics_day10_dev.dim_countries ......... [RUN]
[0m08:57:37  37 of 88 OK created sql table model trade_analytics_day10_dev.dim_countries .... [[32mCREATE TABLE (150.0 rows, 79.6 KiB processed)[0m in 1.62s]
[0m08:57:37  38 of 88 START test accepted_values_dim_countries_classification_status__verified__needs_review  [RUN]
[0m08:57:37  39 of 88 START test accepted_values_dim_countries_partner_type__country__world__aggregate__special__unknown  [RUN]
[0m08:57:37  40 of 88 START test accepted_values_dim_countries_reconciliation_role__detail__overlap__world__unresolved  [RUN]
[0m08:57:37  36 of 88 OK created sql table model trade_analytics_day10_dev.dim_hs_codes ..... [[32mCREATE TABLE (1.0 rows, 154.0 Bytes processed)[0m in 2.10s]
[0m08:57:37  41 of 88 START test assert_special_partner_contract ............................ [RUN]
[0m08:57:38  39 of 88 PASS accepted_values_dim_countries_partner_type__country__world__aggregate__special__unknown  [[32mPASS[0m in 0.78s]
[0m08:57:38  40 of 88 PASS accepted_values_dim_countries_reconciliation_role__detail__overlap__world__unresolved  [[32mPASS[0m in 0.78s]
[0m08:57:38  42 of 88 START test not_null_dim_countries_classification_status ............... [RUN]
[0m08:57:38  43 of 88 START test not_null_dim_countries_partner_code ........................ [RUN]
[0m08:57:38  38 of 88 PASS accepted_values_dim_countries_classification_status__verified__needs_review  [[32mPASS[0m in 0.82s]
[0m08:57:38  44 of 88 START test not_null_dim_countries_partner_type ........................ [RUN]
[0m08:57:38  41 of 88 PASS assert_special_partner_contract .................................. [[32mPASS[0m in 0.78s]
[0m08:57:38  45 of 88 START test not_null_dim_countries_reconciliation_role ................. [RUN]
[0m08:57:39  43 of 88 PASS not_null_dim_countries_partner_code .............................. [[32mPASS[0m in 0.73s]
[0m08:57:39  44 of 88 PASS not_null_dim_countries_partner_type .............................. [[32mPASS[0m in 0.71s]
[0m08:57:39  46 of 88 START test unique_dim_countries_partner_code .......................... [RUN]
[0m08:57:39  47 of 88 START test assert_hs_reference_contract ............................... [RUN]
[0m08:57:39  42 of 88 PASS not_null_dim_countries_classification_status ..................... [[32mPASS[0m in 0.81s]
[0m08:57:39  48 of 88 START test compound_unique_dim_hs_codes_hs_version__cmd_code .......... [RUN]
[0m08:57:39  45 of 88 PASS not_null_dim_countries_reconciliation_role ....................... [[32mPASS[0m in 0.80s]
[0m08:57:39  49 of 88 START test not_null_dim_hs_codes_cmd_code ............................. [RUN]
[0m08:57:39  46 of 88 PASS unique_dim_countries_partner_code ................................ [[32mPASS[0m in 0.85s]
[0m08:57:39  50 of 88 START test not_null_dim_hs_codes_code_level ........................... [RUN]
[0m08:57:39  47 of 88 PASS assert_hs_reference_contract ..................................... [[32mPASS[0m in 0.86s]
[0m08:57:39  51 of 88 START test not_null_dim_hs_codes_hs_version ........................... [RUN]
[0m08:57:39  48 of 88 PASS compound_unique_dim_hs_codes_hs_version__cmd_code ................ [[32mPASS[0m in 0.87s]
[0m08:57:39  52 of 88 START sql table model trade_analytics_day10_dev.audit_partner_mapping_issues  [RUN]
[0m08:57:40  49 of 88 PASS not_null_dim_hs_codes_cmd_code ................................... [[32mPASS[0m in 0.84s]
[0m08:57:40  50 of 88 PASS not_null_dim_hs_codes_code_level ................................. [[32mPASS[0m in 0.82s]
[0m08:57:40  51 of 88 PASS not_null_dim_hs_codes_hs_version ................................. [[32mPASS[0m in 0.91s]
[0m08:57:40  53 of 88 START sql table model trade_analytics_day10_dev.fct_monthly_semiconductor_imports  [RUN]
[0m08:57:42  52 of 88 OK created sql table model trade_analytics_day10_dev.audit_partner_mapping_issues  [[32mCREATE TABLE (28.0 rows, 447.4 KiB processed)[0m in 2.12s]
[0m08:57:42  54 of 88 START test assert_missing_country_audited ............................. [RUN]
[0m08:57:42  55 of 88 START test not_null_audit_partner_mapping_issues_issue_type ........... [RUN]
[0m08:57:42  56 of 88 START test not_null_audit_partner_mapping_issues_observed_at .......... [RUN]
[0m08:57:42  56 of 88 PASS not_null_audit_partner_mapping_issues_observed_at ................ [[32mPASS[0m in 0.75s]
[0m08:57:42  53 of 88 OK created sql table model trade_analytics_day10_dev.fct_monthly_semiconductor_imports  [[32mCREATE TABLE (1.8k rows, 659.8 KiB processed)[0m in 2.03s]
[0m08:57:42  55 of 88 PASS not_null_audit_partner_mapping_issues_issue_type ................. [[32mPASS[0m in 0.75s]
[0m08:57:42  57 of 88 START test not_null_audit_partner_mapping_issues_partner_code ......... [RUN]
[0m08:57:42  58 of 88 START test accepted_values_fct_monthly_semiconductor_imports_classification_status__verified__needs_review  [RUN]
[0m08:57:42  59 of 88 START test accepted_values_fct_monthly_semiconductor_imports_partner_type__country__world__aggregate__special__unknown  [RUN]
[0m08:57:43  54 of 88 PASS assert_missing_country_audited ................................... [[32mPASS[0m in 1.35s]
[0m08:57:43  60 of 88 START test accepted_values_fct_monthly_semiconductor_imports_reconciliation_role__detail__overlap__world__unresolved  [RUN]
[0m08:57:43  58 of 88 PASS accepted_values_fct_monthly_semiconductor_imports_classification_status__verified__needs_review  [[32mPASS[0m in 0.71s]
[0m08:57:43  61 of 88 START test assert_fact_contract ....................................... [RUN]
[0m08:57:43  57 of 88 PASS not_null_audit_partner_mapping_issues_partner_code ............... [[32mPASS[0m in 0.78s]
[0m08:57:43  62 of 88 START test assert_fact_preserves_staging .............................. [RUN]
[0m08:57:43  59 of 88 PASS accepted_values_fct_monthly_semiconductor_imports_partner_type__country__world__aggregate__special__unknown  [[32mPASS[0m in 0.81s]
[0m08:57:43  63 of 88 START test compound_unique_fct_monthly_semiconductor_imports_period_start_date__partner_code__cmd_code__hs_version  [RUN]
[0m08:57:44  60 of 88 PASS accepted_values_fct_monthly_semiconductor_imports_reconciliation_role__detail__overlap__world__unresolved  [[32mPASS[0m in 0.76s]
[0m08:57:44  64 of 88 START test not_null_fct_monthly_semiconductor_imports_cmd_code ........ [RUN]
[0m08:57:44  61 of 88 PASS assert_fact_contract ............................................. [[32mPASS[0m in 0.78s]
[0m08:57:44  63 of 88 PASS compound_unique_fct_monthly_semiconductor_imports_period_start_date__partner_code__cmd_code__hs_version  [[32mPASS[0m in 0.67s]
[0m08:57:44  65 of 88 START test not_null_fct_monthly_semiconductor_imports_country_mapping_found  [RUN]
[0m08:57:44  66 of 88 START test not_null_fct_monthly_semiconductor_imports_hs_mapping_found  [RUN]
[0m08:57:44  64 of 88 PASS not_null_fct_monthly_semiconductor_imports_cmd_code .............. [[32mPASS[0m in 0.68s]
[0m08:57:44  67 of 88 START test not_null_fct_monthly_semiconductor_imports_hs_version ...... [RUN]
[0m08:57:45  62 of 88 PASS assert_fact_preserves_staging .................................... [[32mPASS[0m in 1.38s]
[0m08:57:45  68 of 88 START test not_null_fct_monthly_semiconductor_imports_month_mapping_found  [RUN]
[0m08:57:45  66 of 88 PASS not_null_fct_monthly_semiconductor_imports_hs_mapping_found ...... [[32mPASS[0m in 0.69s]
[0m08:57:45  69 of 88 START test not_null_fct_monthly_semiconductor_imports_partner_code .... [RUN]
[0m08:57:45  65 of 88 PASS not_null_fct_monthly_semiconductor_imports_country_mapping_found . [[32mPASS[0m in 0.79s]
[0m08:57:45  70 of 88 START test not_null_fct_monthly_semiconductor_imports_period_start_date  [RUN]
[0m08:57:45  67 of 88 PASS not_null_fct_monthly_semiconductor_imports_hs_version ............ [[32mPASS[0m in 0.73s]
[0m08:57:45  69 of 88 PASS not_null_fct_monthly_semiconductor_imports_partner_code .......... [[32mPASS[0m in 0.69s]
[0m08:57:45  68 of 88 PASS not_null_fct_monthly_semiconductor_imports_month_mapping_found ... [[32mPASS[0m in 0.74s]
[0m08:57:45  70 of 88 PASS not_null_fct_monthly_semiconductor_imports_period_start_date ..... [[32mPASS[0m in 0.70s]
[0m08:57:45  71 of 88 START unit_test int_partner_market_share::day09_invalid_denominators_and_zero_current  [RUN]
[0m08:57:48  71 of 88 PASS int_partner_market_share::day09_invalid_denominators_and_zero_current  [[32mPASS[0m in 2.69s]
[0m08:57:48  72 of 88 START unit_test int_partner_market_share::day09_calendar_growth_and_weights  [RUN]
[0m08:57:51  72 of 88 PASS int_partner_market_share::day09_calendar_growth_and_weights ...... [[32mPASS[0m in 2.69s]
[0m08:57:51  73 of 88 START unit_test int_partner_market_share::day09_partner_and_version_isolation  [RUN]
[0m08:57:53  73 of 88 PASS int_partner_market_share::day09_partner_and_version_isolation .... [[32mPASS[0m in 2.71s]
[0m08:57:53  74 of 88 START sql view model trade_analytics_day10_dev.int_partner_market_share  [RUN]
[0m08:57:55  74 of 88 OK created sql view model trade_analytics_day10_dev.int_partner_market_share  [[32mCREATE VIEW (0 processed)[0m in 1.05s]
[0m08:57:55  75 of 88 START test accepted_values_int_partner_market_share_market_share_status__ok__missing_world__invalid_world__missing_value  [RUN]
[0m08:57:55  76 of 88 START test compound_unique_int_partner_market_share_period_start_date__partner_code__cmd_code__hs_version  [RUN]
[0m08:57:55  77 of 88 START test not_null_int_partner_market_share_market_share_status ...... [RUN]
[0m08:57:56  77 of 88 PASS not_null_int_partner_market_share_market_share_status ............ [[32mPASS[0m in 1.31s]
[0m08:57:56  75 of 88 PASS accepted_values_int_partner_market_share_market_share_status__ok__missing_world__invalid_world__missing_value  [[32mPASS[0m in 1.32s]
[0m08:57:56  76 of 88 PASS compound_unique_int_partner_market_share_period_start_date__partner_code__cmd_code__hs_version  [[32mPASS[0m in 1.34s]
[0m08:57:56  78 of 88 START unit_test int_market_concentration_hhi::day09_hhi_unreviewed_country  [RUN]
[0m08:57:58  78 of 88 PASS int_market_concentration_hhi::day09_hhi_unreviewed_country ....... [[32mPASS[0m in 2.46s]
[0m08:57:58  79 of 88 START unit_test int_market_concentration_hhi::day09_hhi_hand_calculations_and_coverage  [RUN]
[0m08:58:02  79 of 88 PASS int_market_concentration_hhi::day09_hhi_hand_calculations_and_coverage  [[32mPASS[0m in 3.17s]
[0m08:58:02  80 of 88 START sql view model trade_analytics_day10_dev.int_market_concentration_hhi  [RUN]
[0m08:58:03  80 of 88 OK created sql view model trade_analytics_day10_dev.int_market_concentration_hhi  [[32mCREATE VIEW (0 processed)[0m in 1.25s]
[0m08:58:03  81 of 88 START test accepted_values_int_market_concentration_hhi_hhi_status__ok__missing_world__invalid_world__no_countries__missing_country_value__negative_country_value__unreviewed_country__insufficient_coverage  [RUN]
[0m08:58:03  82 of 88 START test compound_unique_int_market_concentration_hhi_period_start_date__cmd_code__hs_version  [RUN]
[0m08:58:03  83 of 88 START test not_null_int_market_concentration_hhi_hhi_status ........... [RUN]
[0m08:58:04  82 of 88 PASS compound_unique_int_market_concentration_hhi_period_start_date__cmd_code__hs_version  [[32mPASS[0m in 1.35s]
[0m08:58:04  81 of 88 PASS accepted_values_int_market_concentration_hhi_hhi_status__ok__missing_world__invalid_world__no_countries__missing_country_value__negative_country_value__unreviewed_country__insufficient_coverage  [[32mPASS[0m in 1.38s]
[0m08:58:04  83 of 88 PASS not_null_int_market_concentration_hhi_hhi_status ................. [[32mPASS[0m in 1.39s]
[0m08:58:04  84 of 88 START sql table model trade_analytics_day10_dev.mart_us_semiconductor_supply_chain_candidate  [RUN]
[0m08:58:07  84 of 88 OK created sql table model trade_analytics_day10_dev.mart_us_semiconductor_supply_chain_candidate  [[32mCREATE TABLE (1.8k rows, 802.7 KiB processed)[0m in 2.61s]
[0m08:58:07  85 of 88 START test assert_day09_candidate_preserves_fact ...................... [RUN]
[0m08:58:07  86 of 88 START test assert_day09_metric_contract ............................... [RUN]
[0m08:58:07  87 of 88 START test compound_unique_mart_us_semiconductor_supply_chain_candidate_period_start_date__partner_code__cmd_code__hs_version  [RUN]
[0m08:58:07  88 of 88 START test not_null_mart_us_semiconductor_supply_chain_candidate_hhi_status  [RUN]
[0m08:58:08  88 of 88 PASS not_null_mart_us_semiconductor_supply_chain_candidate_hhi_status . [[32mPASS[0m in 0.99s]
[0m08:58:08  87 of 88 PASS compound_unique_mart_us_semiconductor_supply_chain_candidate_period_start_date__partner_code__cmd_code__hs_version  [[32mPASS[0m in 1.00s]
[0m08:58:08  85 of 88 PASS assert_day09_candidate_preserves_fact ............................ [[32mPASS[0m in 1.01s]
[0m08:58:08  86 of 88 PASS assert_day09_metric_contract ..................................... [[32mPASS[0m in 1.02s]
[0m08:58:08
[0m08:58:08  Finished running 2 seeds, 6 table models, 71 data tests, 5 unit tests, 4 view models in 0 hours 0 minutes and 44.07 seconds (44.07s).
[0m08:58:08
[0m08:58:08  [32mCompleted successfully[0m
[0m08:58:08
[0m08:58:08  Done. PASS=88 WARN=0 ERROR=0 SKIP=0 NO-OP=0 REUSED=0 TOTAL=88
{"period": "202504", "status": "success", "step": "build", "vars": {"month_spine_end_date": "2025-04-01", "month_spine_start_date": "2023-01-01", "raw_end_date": "2025-05-01", "raw_start_date": "2023-01-01"}}

2026-10-01T08:58:09.089933Z [info     ] Done. Returned value was: {'period': '202504', 'status': 'success', 'step': 'build', 'vars': {'month_spine_end_date': '2025-04-01', 'month_spine_start_date': '2023-01-01', 'raw_end_date': '2025-05-01', 'raw_start_date': '2023-01-01'}} [airflow.task.operators.airflow.providers.standard.decorators.python._PythonDecoratedOperator] loc=python.py:233
2026-10-01T08:58:09.091304Z [info     ] ::group::Post Execute          [task] loc=task_runner.py:1580
2026-10-01T08:58:09.091942Z [info     ] Pushing xcom                   [task] loc=task_runner.py:2280 ti=RuntimeTaskInstance(id=UUID('01a0f6ae-7e31-7287-9644-f040fca16f70'), task_id='build', dag_id='trade_backfill_pipeline', run_id='manual__2026-10-01T08:57:05.730081+00:00', try_number=1, dag_version_id=UUID('01a0f340-b3af-72cd-8aa4-d8e453a1915b'), map_index=-1, hostname='afe341678f81', context_carrier=None, queue='default', task=<Task(_PythonDecoratedOperator): build>, max_tries=0, start_date=datetime.datetime(2026, 10, 1, 8, 57, 21, 364679, tzinfo=datetime.timezone.utc), end_date=None, state=<TaskInstanceState.RUNNING: 'running'>, is_mapped=False, rendered_map_index=None, sentry_integration='')
2026-10-01T08:58:09.163091Z [info     ] Task instance state updated    [airflow.api_fastapi.execution_api.routes.task_instances] correlation_id=01a0f6af-7580-7a42-9ef3-c633e9b23947 loc=task_instances.py:485 new_state=success rows_affected=1 ti_id=01a0f6ae-7e31-7287-9644-f040fca16f70
Task instance in success state
 Previous state of the Task instance: TaskInstanceState.RUNNING
Task operator:<Task(_PythonDecoratedOperator): build>
2026-10-01T08:58:09.169723Z [info     ] ::endgroup::                   [task] loc=task_runner.py:2379
2026-10-01T08:58:09.176959Z [info     ] [DAG TEST] end task task_id=build map_index=-1 [airflow.sdk.definitions.dag] loc=dag.py:1563
2026-10-01T08:58:09.187786Z [info     ] [DAG TEST] starting task_id=audit map_index=-1 [airflow.sdk.definitions.dag] loc=dag.py:1501
2026-10-01T08:58:09.187847Z [info     ] [DAG TEST] running task <TaskInstance: trade_backfill_pipeline.audit manual__2026-10-01T08:57:05.730081+00:00 [TaskInstanceState.SCHEDULED] ti_id=01a0f6ae-7e32-719a-a417-5b41a81fd30c> [airflow.sdk.definitions.dag] loc=dag.py:1504
2026-10-01T08:58:09.194624Z [info     ] Task started                   [airflow.api_fastapi.execution_api.routes.task_instances] correlation_id=01a0f6af-75a5-7b4d-86c6-024e4b3fc0ee hostname=afe341678f81 loc=task_instances.py:226 previous_state=queued ti_id=01a0f6ae-7e32-719a-a417-5b41a81fd30c
2026-10-01T08:58:09.195457Z [info     ] Task instance state updated    [airflow.api_fastapi.execution_api.routes.task_instances] correlation_id=01a0f6af-75a5-7b4d-86c6-024e4b3fc0ee loc=task_instances.py:254 rows_affected=1 ti_id=01a0f6ae-7e32-719a-a417-5b41a81fd30c
2026-10-01T08:58:09.213554Z [info     ] Updating RenderedTaskInstanceFields [airflow.api_fastapi.execution_api.routes.task_instances] correlation_id=01a0f6af-75ba-7fe1-8cc9-674d0ea6e523 field_count=3 loc=task_instances.py:1017 ti_id=01a0f6ae-7e32-719a-a417-5b41a81fd30c
Task instance is in running state
 Previous state of the Task instance: TaskInstanceState.QUEUED
Current task name:audit
Dag name:trade_backfill_pipeline
2026-10-01T08:58:09.219328Z [info     ] ::endgroup::                   [task] loc=task_runner.py:2232
{"step": "audit", "kind": null, "period": "202504", "run_id": "backfill-202504-32a1f3080f769f4e"}
{"jobs": [{"job_id": "49d9fa55-75af-466b-affb-a9b3311d54a9", "result": "success"}], "period": "202504", "reason_codes": [], "run_id": "backfill-202504-32a1f3080f769f4e", "status": "PASS", "step": "audit"}

2026-10-01T08:58:10.453262Z [info     ] Done. Returned value was: {'jobs': [{'job_id': '49d9fa55-75af-466b-affb-a9b3311d54a9', 'result': 'success'}], 'period': '202504', 'reason_codes': [], 'run_id': 'backfill-202504-32a1f3080f769f4e', 'status': 'PASS', 'step': 'audit'} [airflow.task.operators.airflow.providers.standard.decorators.python._PythonDecoratedOperator] loc=python.py:233
2026-10-01T08:58:10.453392Z [info     ] ::group::Post Execute          [task] loc=task_runner.py:1580
2026-10-01T08:58:10.453485Z [info     ] Pushing xcom                   [task] loc=task_runner.py:2280 ti=RuntimeTaskInstance(id=UUID('01a0f6ae-7e32-719a-a417-5b41a81fd30c'), task_id='audit', dag_id='trade_backfill_pipeline', run_id='manual__2026-10-01T08:57:05.730081+00:00', try_number=1, dag_version_id=UUID('01a0f340-b3af-72cd-8aa4-d8e453a1915b'), map_index=-1, hostname='afe341678f81', context_carrier=None, queue='default', task=<Task(_PythonDecoratedOperator): audit>, max_tries=0, start_date=datetime.datetime(2026, 10, 1, 8, 58, 9, 189325, tzinfo=datetime.timezone.utc), end_date=None, state=<TaskInstanceState.RUNNING: 'running'>, is_mapped=False, rendered_map_index=None, sentry_integration='')
2026-10-01T08:58:10.483593Z [info     ] Task instance state updated    [airflow.api_fastapi.execution_api.routes.task_instances] correlation_id=01a0f6af-7aaf-7504-bf4c-02a5576e330e loc=task_instances.py:485 new_state=success rows_affected=1 ti_id=01a0f6ae-7e32-719a-a417-5b41a81fd30c
Task instance in success state
 Previous state of the Task instance: TaskInstanceState.RUNNING
Task operator:<Task(_PythonDecoratedOperator): audit>
2026-10-01T08:58:10.485556Z [info     ] ::endgroup::                   [task] loc=task_runner.py:2379
2026-10-01T08:58:10.487695Z [info     ] [DAG TEST] end task task_id=audit map_index=-1 [airflow.sdk.definitions.dag] loc=dag.py:1563
2026-10-01T08:58:10.494388Z [info     ] [DAG TEST] starting task_id=gate map_index=-1 [airflow.sdk.definitions.dag] loc=dag.py:1501
2026-10-01T08:58:10.494436Z [info     ] [DAG TEST] running task <TaskInstance: trade_backfill_pipeline.gate manual__2026-10-01T08:57:05.730081+00:00 [TaskInstanceState.SCHEDULED] ti_id=01a0f6ae-7e33-7a1e-87f5-bdb632694008> [airflow.sdk.definitions.dag] loc=dag.py:1504
2026-10-01T08:58:10.498758Z [info     ] Task started                   [airflow.api_fastapi.execution_api.routes.task_instances] correlation_id=01a0f6af-7abf-72fb-a46a-f0f74eaad831 hostname=afe341678f81 loc=task_instances.py:226 previous_state=queued ti_id=01a0f6ae-7e33-7a1e-87f5-bdb632694008
2026-10-01T08:58:10.499244Z [info     ] Task instance state updated    [airflow.api_fastapi.execution_api.routes.task_instances] correlation_id=01a0f6af-7abf-72fb-a46a-f0f74eaad831 loc=task_instances.py:254 rows_affected=1 ti_id=01a0f6ae-7e33-7a1e-87f5-bdb632694008
2026-10-01T08:58:10.508352Z [info     ] Updating RenderedTaskInstanceFields [airflow.api_fastapi.execution_api.routes.task_instances] correlation_id=01a0f6af-7aca-7f91-920b-4bca6711af3a field_count=3 loc=task_instances.py:1017 ti_id=01a0f6ae-7e33-7a1e-87f5-bdb632694008
Task instance is in running state
 Previous state of the Task instance: TaskInstanceState.QUEUED
Current task name:gate
Dag name:trade_backfill_pipeline
2026-10-01T08:58:10.511272Z [info     ] ::endgroup::                   [task] loc=task_runner.py:2232
{"step": "gate", "kind": null, "period": "202504", "run_id": "backfill-202504-32a1f3080f769f4e"}
{"jobs": [{"job_id": "9461ab1c-982e-45bd-b2ef-348b16809e90", "result": "success"}], "period": "202504", "run_id": "backfill-202504-32a1f3080f769f4e", "status": "PASS", "step": "gate"}

2026-10-01T08:58:11.751683Z [info     ] Done. Returned value was: {'jobs': [{'job_id': '9461ab1c-982e-45bd-b2ef-348b16809e90', 'result': 'success'}], 'period': '202504', 'run_id': 'backfill-202504-32a1f3080f769f4e', 'status': 'PASS', 'step': 'gate'} [airflow.task.operators.airflow.providers.standard.decorators.python._PythonDecoratedOperator] loc=python.py:233
2026-10-01T08:58:11.751792Z [info     ] ::group::Post Execute          [task] loc=task_runner.py:1580
2026-10-01T08:58:11.751870Z [info     ] Pushing xcom                   [task] loc=task_runner.py:2280 ti=RuntimeTaskInstance(id=UUID('01a0f6ae-7e33-7a1e-87f5-bdb632694008'), task_id='gate', dag_id='trade_backfill_pipeline', run_id='manual__2026-10-01T08:57:05.730081+00:00', try_number=1, dag_version_id=UUID('01a0f340-b3af-72cd-8aa4-d8e453a1915b'), map_index=-1, hostname='afe341678f81', context_carrier=None, queue='default', task=<Task(_PythonDecoratedOperator): gate>, max_tries=0, start_date=datetime.datetime(2026, 10, 1, 8, 58, 10, 495145, tzinfo=datetime.timezone.utc), end_date=None, state=<TaskInstanceState.RUNNING: 'running'>, is_mapped=False, rendered_map_index=None, sentry_integration='')
2026-10-01T08:58:11.778795Z [info     ] Task instance state updated    [airflow.api_fastapi.execution_api.routes.task_instances] correlation_id=01a0f6af-7fbf-7795-b5df-2a85de9c755f loc=task_instances.py:485 new_state=success rows_affected=1 ti_id=01a0f6ae-7e33-7a1e-87f5-bdb632694008
Task instance in success state
 Previous state of the Task instance: TaskInstanceState.RUNNING
Task operator:<Task(_PythonDecoratedOperator): gate>
2026-10-01T08:58:11.780492Z [info     ] ::endgroup::                   [task] loc=task_runner.py:2379
2026-10-01T08:58:11.782666Z [info     ] [DAG TEST] end task task_id=gate map_index=-1 [airflow.sdk.definitions.dag] loc=dag.py:1563
2026-10-01T08:58:11.789857Z [info     ] [DAG TEST] starting task_id=publish map_index=-1 [airflow.sdk.definitions.dag] loc=dag.py:1501
2026-10-01T08:58:11.789910Z [info     ] [DAG TEST] running task <TaskInstance: trade_backfill_pipeline.publish manual__2026-10-01T08:57:05.730081+00:00 [TaskInstanceState.SCHEDULED] ti_id=01a0f6ae-7e34-76d9-8ce7-c1bab0b795be> [airflow.sdk.definitions.dag] loc=dag.py:1504
2026-10-01T08:58:11.794020Z [info     ] Task started                   [airflow.api_fastapi.execution_api.routes.task_instances] correlation_id=01a0f6af-7fce-78c0-a8a8-217148c79033 hostname=afe341678f81 loc=task_instances.py:226 previous_state=queued ti_id=01a0f6ae-7e34-76d9-8ce7-c1bab0b795be
2026-10-01T08:58:11.794499Z [info     ] Task instance state updated    [airflow.api_fastapi.execution_api.routes.task_instances] correlation_id=01a0f6af-7fce-78c0-a8a8-217148c79033 loc=task_instances.py:254 rows_affected=1 ti_id=01a0f6ae-7e34-76d9-8ce7-c1bab0b795be
2026-10-01T08:58:11.803300Z [info     ] Updating RenderedTaskInstanceFields [airflow.api_fastapi.execution_api.routes.task_instances] correlation_id=01a0f6af-7fd9-778c-9cdd-0a8423367e06 field_count=3 loc=task_instances.py:1017 ti_id=01a0f6ae-7e34-76d9-8ce7-c1bab0b795be
Task instance is in running state
 Previous state of the Task instance: TaskInstanceState.QUEUED
Current task name:publish
Dag name:trade_backfill_pipeline
2026-10-01T08:58:11.806746Z [info     ] ::endgroup::                   [task] loc=task_runner.py:2232
{"step": "publish", "kind": null, "period": "202504", "run_id": "backfill-202504-32a1f3080f769f4e"}
{"jobs": [{"job_id": "141419da-046e-4194-aea4-c14e15d1d6d4", "result": "success"}, {"job_id": "d94aa3be-0d30-4c58-8793-c7502fa4cd9b", "result": "success"}, {"job_id": "a7e89de1-e4eb-4cec-82e9-8643d92af1fc", "result": "success"}], "period": "202504", "run_id": "backfill-202504-32a1f3080f769f4e", "status": "already_published", "step": "publish"}

2026-10-01T08:58:17.857774Z [info     ] Done. Returned value was: {'jobs': [{'job_id': '141419da-046e-4194-aea4-c14e15d1d6d4', 'result': 'success'}, {'job_id': 'd94aa3be-0d30-4c58-8793-c7502fa4cd9b', 'result': 'success'}, {'job_id': 'a7e89de1-e4eb-4cec-82e9-8643d92af1fc', 'result': 'success'}], 'period': '202504', 'run_id': 'backfill-202504-32a1f3080f769f4e', 'status': 'already_published', 'step': 'publish'} [airflow.task.operators.airflow.providers.standard.decorators.python._PythonDecoratedOperator] loc=python.py:233
2026-10-01T08:58:17.857975Z [info     ] ::group::Post Execute          [task] loc=task_runner.py:1580
2026-10-01T08:58:17.858134Z [info     ] Pushing xcom                   [task] loc=task_runner.py:2280 ti=RuntimeTaskInstance(id=UUID('01a0f6ae-7e34-76d9-8ce7-c1bab0b795be'), task_id='publish', dag_id='trade_backfill_pipeline', run_id='manual__2026-10-01T08:57:05.730081+00:00', try_number=1, dag_version_id=UUID('01a0f340-b3af-72cd-8aa4-d8e453a1915b'), map_index=-1, hostname='afe341678f81', context_carrier=None, queue='default', task=<Task(_PythonDecoratedOperator): publish>, max_tries=0, start_date=datetime.datetime(2026, 10, 1, 8, 58, 11, 790656, tzinfo=datetime.timezone.utc), end_date=None, state=<TaskInstanceState.RUNNING: 'running'>, is_mapped=False, rendered_map_index=None, sentry_integration='')
2026-10-01T08:58:17.894327Z [info     ] Task instance state updated    [airflow.api_fastapi.execution_api.routes.task_instances] correlation_id=01a0f6af-97a1-7949-abc3-e592625ca12e loc=task_instances.py:485 new_state=success rows_affected=1 ti_id=01a0f6ae-7e34-76d9-8ce7-c1bab0b795be
Task instance in success state
 Previous state of the Task instance: TaskInstanceState.RUNNING
Task operator:<Task(_PythonDecoratedOperator): publish>
2026-10-01T08:58:17.896901Z [info     ] ::endgroup::                   [task] loc=task_runner.py:2379
2026-10-01T08:58:17.899881Z [info     ] [DAG TEST] end task task_id=publish map_index=-1 [airflow.sdk.definitions.dag] loc=dag.py:1563
2026-10-01T08:58:17.908125Z [info     ] [DAG TEST] starting task_id=select_month_2 map_index=-1 [airflow.sdk.definitions.dag] loc=dag.py:1501
2026-10-01T08:58:17.908186Z [info     ] [DAG TEST] running task <TaskInstance: trade_backfill_pipeline.select_month_2 manual__2026-10-01T08:57:05.730081+00:00 [TaskInstanceState.SCHEDULED] ti_id=01a0f6ae-7e35-7f0a-a282-a3412f0c6272> [airflow.sdk.definitions.dag] loc=dag.py:1504
2026-10-01T08:58:17.913629Z [info     ] Task started                   [airflow.api_fastapi.execution_api.routes.task_instances] correlation_id=01a0f6af-97b5-789f-a2c2-177b57e9b197 hostname=afe341678f81 loc=task_instances.py:226 previous_state=queued ti_id=01a0f6ae-7e35-7f0a-a282-a3412f0c6272
2026-10-01T08:58:17.914206Z [info     ] Task instance state updated    [airflow.api_fastapi.execution_api.routes.task_instances] correlation_id=01a0f6af-97b5-789f-a2c2-177b57e9b197 loc=task_instances.py:254 rows_affected=1 ti_id=01a0f6ae-7e35-7f0a-a282-a3412f0c6272
2026-10-01T08:58:17.924566Z [info     ] Updating RenderedTaskInstanceFields [airflow.api_fastapi.execution_api.routes.task_instances] correlation_id=01a0f6af-97c2-7d22-ad11-013d3161c4d5 field_count=3 loc=task_instances.py:1017 ti_id=01a0f6ae-7e35-7f0a-a282-a3412f0c6272
Task instance is in running state
 Previous state of the Task instance: TaskInstanceState.QUEUED
Current task name:select_month_2
Dag name:trade_backfill_pipeline
2026-10-01T08:58:17.928103Z [info     ] ::endgroup::                   [task] loc=task_runner.py:2232
2026-10-01T08:58:17.928273Z [info     ] Done. Returned value was: {'status': 'unused'} [airflow.task.operators.airflow.providers.standard.decorators.python._PythonDecoratedOperator] loc=python.py:233
2026-10-01T08:58:17.928324Z [info     ] ::group::Post Execute          [task] loc=task_runner.py:1580
2026-10-01T08:58:17.928378Z [info     ] Pushing xcom                   [task] loc=task_runner.py:2280 ti=RuntimeTaskInstance(id=UUID('01a0f6ae-7e35-7f0a-a282-a3412f0c6272'), task_id='select_month_2', dag_id='trade_backfill_pipeline', run_id='manual__2026-10-01T08:57:05.730081+00:00', try_number=1, dag_version_id=UUID('01a0f340-b3af-72cd-8aa4-d8e453a1915b'), map_index=-1, hostname='afe341678f81', context_carrier=None, queue='default', task=<Task(_PythonDecoratedOperator): select_month_2>, max_tries=0, start_date=datetime.datetime(2026, 10, 1, 8, 58, 17, 909047, tzinfo=datetime.timezone.utc), end_date=None, state=<TaskInstanceState.RUNNING: 'running'>, is_mapped=False, rendered_map_index=None, sentry_integration='')
2026-10-01T08:58:17.940669Z [info     ] Task instance state updated    [airflow.api_fastapi.execution_api.routes.task_instances] correlation_id=01a0f6af-97d0-7f81-8b68-fe5e087b7ace loc=task_instances.py:485 new_state=success rows_affected=1 ti_id=01a0f6ae-7e35-7f0a-a282-a3412f0c6272
Task instance in success state
 Previous state of the Task instance: TaskInstanceState.RUNNING
Task operator:<Task(_PythonDecoratedOperator): select_month_2>
2026-10-01T08:58:17.942673Z [info     ] ::endgroup::                   [task] loc=task_runner.py:2379
2026-10-01T08:58:17.944620Z [info     ] [DAG TEST] end task task_id=select_month_2 map_index=-1 [airflow.sdk.definitions.dag] loc=dag.py:1563
2026-10-01T08:58:17.952452Z [info     ] [DAG TEST] starting task_id=ingest_world_2 map_index=-1 [airflow.sdk.definitions.dag] loc=dag.py:1501
2026-10-01T08:58:17.952526Z [info     ] [DAG TEST] running task <TaskInstance: trade_backfill_pipeline.ingest_world_2 manual__2026-10-01T08:57:05.730081+00:00 [TaskInstanceState.SCHEDULED] ti_id=01a0f6ae-7e37-7e38-b59f-bd864cda8b17> [airflow.sdk.definitions.dag] loc=dag.py:1504
2026-10-01T08:58:17.957876Z [info     ] Task started                   [airflow.api_fastapi.execution_api.routes.task_instances] correlation_id=01a0f6af-97e1-74b2-aaa8-a31fdbf1eda7 hostname=afe341678f81 loc=task_instances.py:226 previous_state=queued ti_id=01a0f6ae-7e37-7e38-b59f-bd864cda8b17
2026-10-01T08:58:17.958491Z [info     ] Task instance state updated    [airflow.api_fastapi.execution_api.routes.task_instances] correlation_id=01a0f6af-97e1-74b2-aaa8-a31fdbf1eda7 loc=task_instances.py:254 rows_affected=1 ti_id=01a0f6ae-7e37-7e38-b59f-bd864cda8b17
2026-10-01T08:58:17.970524Z [info     ] Updating RenderedTaskInstanceFields [airflow.api_fastapi.execution_api.routes.task_instances] correlation_id=01a0f6af-97ef-7394-b1e4-148db704fb17 field_count=3 loc=task_instances.py:1017 ti_id=01a0f6ae-7e37-7e38-b59f-bd864cda8b17
Task instance is in running state
 Previous state of the Task instance: TaskInstanceState.QUEUED
Current task name:ingest_world_2
Dag name:trade_backfill_pipeline
2026-10-01T08:58:17.974978Z [info     ] ::endgroup::                   [task] loc=task_runner.py:2232
2026-10-01T08:58:17.975164Z [info     ] Done. Returned value was: {'step': 'ingest', 'period': None, 'status': 'unused'} [airflow.task.operators.airflow.providers.standard.decorators.python._PythonDecoratedOperator] loc=python.py:233
2026-10-01T08:58:17.975210Z [info     ] ::group::Post Execute          [task] loc=task_runner.py:1580
2026-10-01T08:58:17.975272Z [info     ] Pushing xcom                   [task] loc=task_runner.py:2280 ti=RuntimeTaskInstance(id=UUID('01a0f6ae-7e37-7e38-b59f-bd864cda8b17'), task_id='ingest_world_2', dag_id='trade_backfill_pipeline', run_id='manual__2026-10-01T08:57:05.730081+00:00', try_number=1, dag_version_id=UUID('01a0f340-b3af-72cd-8aa4-d8e453a1915b'), map_index=-1, hostname='afe341678f81', context_carrier=None, queue='default', task=<Task(_PythonDecoratedOperator): ingest_world_2>, max_tries=3, start_date=datetime.datetime(2026, 10, 1, 8, 58, 17, 953431, tzinfo=datetime.timezone.utc), end_date=None, state=<TaskInstanceState.RUNNING: 'running'>, is_mapped=False, rendered_map_index=None, sentry_integration='')
2026-10-01T08:58:17.995258Z [info     ] Task instance state updated    [airflow.api_fastapi.execution_api.routes.task_instances] correlation_id=01a0f6af-9807-75ec-984e-0b338966eb90 loc=task_instances.py:485 new_state=success rows_affected=1 ti_id=01a0f6ae-7e37-7e38-b59f-bd864cda8b17
Task instance in success state
 Previous state of the Task instance: TaskInstanceState.RUNNING
Task operator:<Task(_PythonDecoratedOperator): ingest_world_2>
2026-10-01T08:58:17.997004Z [info     ] ::endgroup::                   [task] loc=task_runner.py:2379
2026-10-01T08:58:17.999476Z [info     ] [DAG TEST] end task task_id=ingest_world_2 map_index=-1 [airflow.sdk.definitions.dag] loc=dag.py:1563
2026-10-01T08:58:17.999539Z [info     ] [DAG TEST] starting task_id=ingest_detail_2 map_index=-1 [airflow.sdk.definitions.dag] loc=dag.py:1501
2026-10-01T08:58:17.999573Z [info     ] [DAG TEST] running task <TaskInstance: trade_backfill_pipeline.ingest_detail_2 manual__2026-10-01T08:57:05.730081+00:00 [TaskInstanceState.SCHEDULED] ti_id=01a0f6ae-7e36-7a86-9188-4a5819c76adc> [airflow.sdk.definitions.dag] loc=dag.py:1504
2026-10-01T08:58:18.005711Z [info     ] Task started                   [airflow.api_fastapi.execution_api.routes.task_instances] correlation_id=01a0f6af-9811-776f-96cc-0710c2a68a62 hostname=afe341678f81 loc=task_instances.py:226 previous_state=queued ti_id=01a0f6ae-7e36-7a86-9188-4a5819c76adc
2026-10-01T08:58:18.006271Z [info     ] Task instance state updated    [airflow.api_fastapi.execution_api.routes.task_instances] correlation_id=01a0f6af-9811-776f-96cc-0710c2a68a62 loc=task_instances.py:254 rows_affected=1 ti_id=01a0f6ae-7e36-7a86-9188-4a5819c76adc
2026-10-01T08:58:18.016593Z [info     ] Updating RenderedTaskInstanceFields [airflow.api_fastapi.execution_api.routes.task_instances] correlation_id=01a0f6af-981e-75d9-8ff2-06f6dd128ee5 field_count=3 loc=task_instances.py:1017 ti_id=01a0f6ae-7e36-7a86-9188-4a5819c76adc
Task instance is in running state
 Previous state of the Task instance: TaskInstanceState.QUEUED
Current task name:ingest_detail_2
Dag name:trade_backfill_pipeline
2026-10-01T08:58:18.020025Z [info     ] ::endgroup::                   [task] loc=task_runner.py:2232
2026-10-01T08:58:18.020185Z [info     ] Done. Returned value was: {'step': 'ingest', 'period': None, 'status': 'unused'} [airflow.task.operators.airflow.providers.standard.decorators.python._PythonDecoratedOperator] loc=python.py:233
2026-10-01T08:58:18.020233Z [info     ] ::group::Post Execute          [task] loc=task_runner.py:1580
2026-10-01T08:58:18.020306Z [info     ] Pushing xcom                   [task] loc=task_runner.py:2280 ti=RuntimeTaskInstance(id=UUID('01a0f6ae-7e36-7a86-9188-4a5819c76adc'), task_id='ingest_detail_2', dag_id='trade_backfill_pipeline', run_id='manual__2026-10-01T08:57:05.730081+00:00', try_number=1, dag_version_id=UUID('01a0f340-b3af-72cd-8aa4-d8e453a1915b'), map_index=-1, hostname='afe341678f81', context_carrier=None, queue='default', task=<Task(_PythonDecoratedOperator): ingest_detail_2>, max_tries=3, start_date=datetime.datetime(2026, 10, 1, 8, 58, 18, 1702, tzinfo=datetime.timezone.utc), end_date=None, state=<TaskInstanceState.RUNNING: 'running'>, is_mapped=False, rendered_map_index=None, sentry_integration='')
2026-10-01T08:58:18.055834Z [info     ] Task instance state updated    [airflow.api_fastapi.execution_api.routes.task_instances] correlation_id=01a0f6af-983e-7e6e-8a69-be23ba360d6b loc=task_instances.py:485 new_state=success rows_affected=1 ti_id=01a0f6ae-7e36-7a86-9188-4a5819c76adc
Task instance in success state
 Previous state of the Task instance: TaskInstanceState.RUNNING
Task operator:<Task(_PythonDecoratedOperator): ingest_detail_2>
2026-10-01T08:58:18.058449Z [info     ] ::endgroup::                   [task] loc=task_runner.py:2379
2026-10-01T08:58:18.061298Z [info     ] [DAG TEST] end task task_id=ingest_detail_2 map_index=-1 [airflow.sdk.definitions.dag] loc=dag.py:1563
2026-10-01T08:58:18.071237Z [info     ] [DAG TEST] starting task_id=load_world_2 map_index=-1 [airflow.sdk.definitions.dag] loc=dag.py:1501
2026-10-01T08:58:18.071327Z [info     ] [DAG TEST] running task <TaskInstance: trade_backfill_pipeline.load_world_2 manual__2026-10-01T08:57:05.730081+00:00 [TaskInstanceState.SCHEDULED] ti_id=01a0f6ae-7e39-70e4-bb23-fac876a9f97f> [airflow.sdk.definitions.dag] loc=dag.py:1504
2026-10-01T08:58:18.077190Z [info     ] Task started                   [airflow.api_fastapi.execution_api.routes.task_instances] correlation_id=01a0f6af-9858-7279-a969-3310da745756 hostname=afe341678f81 loc=task_instances.py:226 previous_state=queued ti_id=01a0f6ae-7e39-70e4-bb23-fac876a9f97f
2026-10-01T08:58:18.077916Z [info     ] Task instance state updated    [airflow.api_fastapi.execution_api.routes.task_instances] correlation_id=01a0f6af-9858-7279-a969-3310da745756 loc=task_instances.py:254 rows_affected=1 ti_id=01a0f6ae-7e39-70e4-bb23-fac876a9f97f
2026-10-01T08:58:18.092149Z [info     ] Updating RenderedTaskInstanceFields [airflow.api_fastapi.execution_api.routes.task_instances] correlation_id=01a0f6af-9869-7e4a-b354-cf5a7dd4d534 field_count=3 loc=task_instances.py:1017 ti_id=01a0f6ae-7e39-70e4-bb23-fac876a9f97f
Task instance is in running state
 Previous state of the Task instance: TaskInstanceState.QUEUED
Current task name:load_world_2
Dag name:trade_backfill_pipeline
2026-10-01T08:58:18.097203Z [info     ] ::endgroup::                   [task] loc=task_runner.py:2232
2026-10-01T08:58:18.097542Z [info     ] Done. Returned value was: {'step': 'load', 'period': None, 'status': 'unused'} [airflow.task.operators.airflow.providers.standard.decorators.python._PythonDecoratedOperator] loc=python.py:233
2026-10-01T08:58:18.097592Z [info     ] ::group::Post Execute          [task] loc=task_runner.py:1580
2026-10-01T08:58:18.097685Z [info     ] Pushing xcom                   [task] loc=task_runner.py:2280 ti=RuntimeTaskInstance(id=UUID('01a0f6ae-7e39-70e4-bb23-fac876a9f97f'), task_id='load_world_2', dag_id='trade_backfill_pipeline', run_id='manual__2026-10-01T08:57:05.730081+00:00', try_number=1, dag_version_id=UUID('01a0f340-b3af-72cd-8aa4-d8e453a1915b'), map_index=-1, hostname='afe341678f81', context_carrier=None, queue='default', task=<Task(_PythonDecoratedOperator): load_world_2>, max_tries=3, start_date=datetime.datetime(2026, 10, 1, 8, 58, 18, 72656, tzinfo=datetime.timezone.utc), end_date=None, state=<TaskInstanceState.RUNNING: 'running'>, is_mapped=False, rendered_map_index=None, sentry_integration='')
2026-10-01T08:58:18.122299Z [info     ] Task instance state updated    [airflow.api_fastapi.execution_api.routes.task_instances] correlation_id=01a0f6af-9885-76c3-aac1-63eb5a82a436 loc=task_instances.py:485 new_state=success rows_affected=1 ti_id=01a0f6ae-7e39-70e4-bb23-fac876a9f97f
Task instance in success state
 Previous state of the Task instance: TaskInstanceState.RUNNING
Task operator:<Task(_PythonDecoratedOperator): load_world_2>
2026-10-01T08:58:18.124200Z [info     ] ::endgroup::                   [task] loc=task_runner.py:2379
2026-10-01T08:58:18.126798Z [info     ] [DAG TEST] end task task_id=load_world_2 map_index=-1 [airflow.sdk.definitions.dag] loc=dag.py:1563
2026-10-01T08:58:18.126863Z [info     ] [DAG TEST] starting task_id=load_detail_2 map_index=-1 [airflow.sdk.definitions.dag] loc=dag.py:1501
2026-10-01T08:58:18.126894Z [info     ] [DAG TEST] running task <TaskInstance: trade_backfill_pipeline.load_detail_2 manual__2026-10-01T08:57:05.730081+00:00 [TaskInstanceState.SCHEDULED] ti_id=01a0f6ae-7e38-774a-9e5d-3fc9a09b62f0> [airflow.sdk.definitions.dag] loc=dag.py:1504
2026-10-01T08:58:18.132866Z [info     ] Task started                   [airflow.api_fastapi.execution_api.routes.task_instances] correlation_id=01a0f6af-9891-7614-9dff-f3982c65e828 hostname=afe341678f81 loc=task_instances.py:226 previous_state=queued ti_id=01a0f6ae-7e38-774a-9e5d-3fc9a09b62f0
2026-10-01T08:58:18.133432Z [info     ] Task instance state updated    [airflow.api_fastapi.execution_api.routes.task_instances] correlation_id=01a0f6af-9891-7614-9dff-f3982c65e828 loc=task_instances.py:254 rows_affected=1 ti_id=01a0f6ae-7e38-774a-9e5d-3fc9a09b62f0
2026-10-01T08:58:18.143698Z [info     ] Updating RenderedTaskInstanceFields [airflow.api_fastapi.execution_api.routes.task_instances] correlation_id=01a0f6af-989d-7297-be80-c86131210ed1 field_count=3 loc=task_instances.py:1017 ti_id=01a0f6ae-7e38-774a-9e5d-3fc9a09b62f0
Task instance is in running state
 Previous state of the Task instance: TaskInstanceState.QUEUED
Current task name:load_detail_2
Dag name:trade_backfill_pipeline
2026-10-01T08:58:18.150572Z [info     ] ::endgroup::                   [task] loc=task_runner.py:2232
2026-10-01T08:58:18.150890Z [info     ] Done. Returned value was: {'step': 'load', 'period': None, 'status': 'unused'} [airflow.task.operators.airflow.providers.standard.decorators.python._PythonDecoratedOperator] loc=python.py:233
2026-10-01T08:58:18.150967Z [info     ] ::group::Post Execute          [task] loc=task_runner.py:1580
2026-10-01T08:58:18.151044Z [info     ] Pushing xcom                   [task] loc=task_runner.py:2280 ti=RuntimeTaskInstance(id=UUID('01a0f6ae-7e38-774a-9e5d-3fc9a09b62f0'), task_id='load_detail_2', dag_id='trade_backfill_pipeline', run_id='manual__2026-10-01T08:57:05.730081+00:00', try_number=1, dag_version_id=UUID('01a0f340-b3af-72cd-8aa4-d8e453a1915b'), map_index=-1, hostname='afe341678f81', context_carrier=None, queue='default', task=<Task(_PythonDecoratedOperator): load_detail_2>, max_tries=3, start_date=datetime.datetime(2026, 10, 1, 8, 58, 18, 128999, tzinfo=datetime.timezone.utc), end_date=None, state=<TaskInstanceState.RUNNING: 'running'>, is_mapped=False, rendered_map_index=None, sentry_integration='')
2026-10-01T08:58:18.178412Z [info     ] Task instance state updated    [airflow.api_fastapi.execution_api.routes.task_instances] correlation_id=01a0f6af-98bd-7066-996c-39102d26aef5 loc=task_instances.py:485 new_state=success rows_affected=1 ti_id=01a0f6ae-7e38-774a-9e5d-3fc9a09b62f0
Task instance in success state
 Previous state of the Task instance: TaskInstanceState.RUNNING
Task operator:<Task(_PythonDecoratedOperator): load_detail_2>
2026-10-01T08:58:18.180158Z [info     ] ::endgroup::                   [task] loc=task_runner.py:2379
2026-10-01T08:58:18.182601Z [info     ] [DAG TEST] end task task_id=load_detail_2 map_index=-1 [airflow.sdk.definitions.dag] loc=dag.py:1563
2026-10-01T08:58:18.189720Z [info     ] [DAG TEST] starting task_id=attest_2 map_index=-1 [airflow.sdk.definitions.dag] loc=dag.py:1501
2026-10-01T08:58:18.189776Z [info     ] [DAG TEST] running task <TaskInstance: trade_backfill_pipeline.attest_2 manual__2026-10-01T08:57:05.730081+00:00 [TaskInstanceState.SCHEDULED] ti_id=01a0f6ae-7e3a-7d3d-a14c-1f742cac3e6b> [airflow.sdk.definitions.dag] loc=dag.py:1504
2026-10-01T08:58:18.194909Z [info     ] Task started                   [airflow.api_fastapi.execution_api.routes.task_instances] correlation_id=01a0f6af-98ce-7812-8ad8-4e9fe54cd6c4 hostname=afe341678f81 loc=task_instances.py:226 previous_state=queued ti_id=01a0f6ae-7e3a-7d3d-a14c-1f742cac3e6b
2026-10-01T08:58:18.195482Z [info     ] Task instance state updated    [airflow.api_fastapi.execution_api.routes.task_instances] correlation_id=01a0f6af-98ce-7812-8ad8-4e9fe54cd6c4 loc=task_instances.py:254 rows_affected=1 ti_id=01a0f6ae-7e3a-7d3d-a14c-1f742cac3e6b
2026-10-01T08:58:18.205359Z [info     ] Updating RenderedTaskInstanceFields [airflow.api_fastapi.execution_api.routes.task_instances] correlation_id=01a0f6af-98db-78a0-959a-b81323f737f6 field_count=3 loc=task_instances.py:1017 ti_id=01a0f6ae-7e3a-7d3d-a14c-1f742cac3e6b
Task instance is in running state
 Previous state of the Task instance: TaskInstanceState.QUEUED
Current task name:attest_2
Dag name:trade_backfill_pipeline
2026-10-01T08:58:18.208549Z [info     ] ::endgroup::                   [task] loc=task_runner.py:2232
2026-10-01T08:58:18.208712Z [info     ] Done. Returned value was: {'step': 'attest', 'period': None, 'status': 'unused'} [airflow.task.operators.airflow.providers.standard.decorators.python._PythonDecoratedOperator] loc=python.py:233
2026-10-01T08:58:18.208783Z [info     ] ::group::Post Execute          [task] loc=task_runner.py:1580
2026-10-01T08:58:18.208850Z [info     ] Pushing xcom                   [task] loc=task_runner.py:2280 ti=RuntimeTaskInstance(id=UUID('01a0f6ae-7e3a-7d3d-a14c-1f742cac3e6b'), task_id='attest_2', dag_id='trade_backfill_pipeline', run_id='manual__2026-10-01T08:57:05.730081+00:00', try_number=1, dag_version_id=UUID('01a0f340-b3af-72cd-8aa4-d8e453a1915b'), map_index=-1, hostname='afe341678f81', context_carrier=None, queue='default', task=<Task(_PythonDecoratedOperator): attest_2>, max_tries=0, start_date=datetime.datetime(2026, 10, 1, 8, 58, 18, 190597, tzinfo=datetime.timezone.utc), end_date=None, state=<TaskInstanceState.RUNNING: 'running'>, is_mapped=False, rendered_map_index=None, sentry_integration='')
2026-10-01T08:58:18.228606Z [info     ] Task instance state updated    [airflow.api_fastapi.execution_api.routes.task_instances] correlation_id=01a0f6af-98f0-70ed-a4e1-c0566123ad05 loc=task_instances.py:485 new_state=success rows_affected=1 ti_id=01a0f6ae-7e3a-7d3d-a14c-1f742cac3e6b
Task instance in success state
 Previous state of the Task instance: TaskInstanceState.RUNNING
Task operator:<Task(_PythonDecoratedOperator): attest_2>
2026-10-01T08:58:18.230165Z [info     ] ::endgroup::                   [task] loc=task_runner.py:2379
2026-10-01T08:58:18.232320Z [info     ] [DAG TEST] end task task_id=attest_2 map_index=-1 [airflow.sdk.definitions.dag] loc=dag.py:1563
2026-10-01T08:58:18.238935Z [info     ] [DAG TEST] starting task_id=build_2 map_index=-1 [airflow.sdk.definitions.dag] loc=dag.py:1501
2026-10-01T08:58:18.238986Z [info     ] [DAG TEST] running task <TaskInstance: trade_backfill_pipeline.build_2 manual__2026-10-01T08:57:05.730081+00:00 [TaskInstanceState.SCHEDULED] ti_id=01a0f6ae-7e3b-72de-afb3-a5080c77916e> [airflow.sdk.definitions.dag] loc=dag.py:1504
2026-10-01T08:58:18.243389Z [info     ] Task started                   [airflow.api_fastapi.execution_api.routes.task_instances] correlation_id=01a0f6af-98ff-73d6-9349-aaebb87dfe29 hostname=afe341678f81 loc=task_instances.py:226 previous_state=queued ti_id=01a0f6ae-7e3b-72de-afb3-a5080c77916e
2026-10-01T08:58:18.243893Z [info     ] Task instance state updated    [airflow.api_fastapi.execution_api.routes.task_instances] correlation_id=01a0f6af-98ff-73d6-9349-aaebb87dfe29 loc=task_instances.py:254 rows_affected=1 ti_id=01a0f6ae-7e3b-72de-afb3-a5080c77916e
2026-10-01T08:58:18.253009Z [info     ] Updating RenderedTaskInstanceFields [airflow.api_fastapi.execution_api.routes.task_instances] correlation_id=01a0f6af-990b-7c4e-8505-72931acf24e1 field_count=3 loc=task_instances.py:1017 ti_id=01a0f6ae-7e3b-72de-afb3-a5080c77916e
Task instance is in running state
 Previous state of the Task instance: TaskInstanceState.QUEUED
Current task name:build_2
Dag name:trade_backfill_pipeline
2026-10-01T08:58:18.256019Z [info     ] ::endgroup::                   [task] loc=task_runner.py:2232
2026-10-01T08:58:18.256172Z [info     ] Done. Returned value was: {'step': 'build', 'period': None, 'status': 'unused'} [airflow.task.operators.airflow.providers.standard.decorators.python._PythonDecoratedOperator] loc=python.py:233
2026-10-01T08:58:18.256210Z [info     ] ::group::Post Execute          [task] loc=task_runner.py:1580
2026-10-01T08:58:18.256260Z [info     ] Pushing xcom                   [task] loc=task_runner.py:2280 ti=RuntimeTaskInstance(id=UUID('01a0f6ae-7e3b-72de-afb3-a5080c77916e'), task_id='build_2', dag_id='trade_backfill_pipeline', run_id='manual__2026-10-01T08:57:05.730081+00:00', try_number=1, dag_version_id=UUID('01a0f340-b3af-72cd-8aa4-d8e453a1915b'), map_index=-1, hostname='afe341678f81', context_carrier=None, queue='default', task=<Task(_PythonDecoratedOperator): build_2>, max_tries=0, start_date=datetime.datetime(2026, 10, 1, 8, 58, 18, 239683, tzinfo=datetime.timezone.utc), end_date=None, state=<TaskInstanceState.RUNNING: 'running'>, is_mapped=False, rendered_map_index=None, sentry_integration='')
2026-10-01T08:58:18.275984Z [info     ] Task instance state updated    [airflow.api_fastapi.execution_api.routes.task_instances] correlation_id=01a0f6af-991f-75b6-87f1-42f81d275042 loc=task_instances.py:485 new_state=success rows_affected=1 ti_id=01a0f6ae-7e3b-72de-afb3-a5080c77916e
Task instance in success state
 Previous state of the Task instance: TaskInstanceState.RUNNING
Task operator:<Task(_PythonDecoratedOperator): build_2>
2026-10-01T08:58:18.277960Z [info     ] ::endgroup::                   [task] loc=task_runner.py:2379
2026-10-01T08:58:18.280645Z [info     ] [DAG TEST] end task task_id=build_2 map_index=-1 [airflow.sdk.definitions.dag] loc=dag.py:1563
2026-10-01T08:58:18.288046Z [info     ] [DAG TEST] starting task_id=audit_2 map_index=-1 [airflow.sdk.definitions.dag] loc=dag.py:1501
2026-10-01T08:58:18.288115Z [info     ] [DAG TEST] running task <TaskInstance: trade_backfill_pipeline.audit_2 manual__2026-10-01T08:57:05.730081+00:00 [TaskInstanceState.SCHEDULED] ti_id=01a0f6ae-7e3c-7e36-9ef0-febbeb99395d> [airflow.sdk.definitions.dag] loc=dag.py:1504
2026-10-01T08:58:18.293756Z [info     ] Task started                   [airflow.api_fastapi.execution_api.routes.task_instances] correlation_id=01a0f6af-9931-7dde-8a25-8e20a26db31c hostname=afe341678f81 loc=task_instances.py:226 previous_state=queued ti_id=01a0f6ae-7e3c-7e36-9ef0-febbeb99395d
2026-10-01T08:58:18.294364Z [info     ] Task instance state updated    [airflow.api_fastapi.execution_api.routes.task_instances] correlation_id=01a0f6af-9931-7dde-8a25-8e20a26db31c loc=task_instances.py:254 rows_affected=1 ti_id=01a0f6ae-7e3c-7e36-9ef0-febbeb99395d
2026-10-01T08:58:18.304620Z [info     ] Updating RenderedTaskInstanceFields [airflow.api_fastapi.execution_api.routes.task_instances] correlation_id=01a0f6af-993e-76d9-bbe5-2474d599796f field_count=3 loc=task_instances.py:1017 ti_id=01a0f6ae-7e3c-7e36-9ef0-febbeb99395d
Task instance is in running state
 Previous state of the Task instance: TaskInstanceState.QUEUED
Current task name:audit_2
Dag name:trade_backfill_pipeline
2026-10-01T08:58:18.307930Z [info     ] ::endgroup::                   [task] loc=task_runner.py:2232
2026-10-01T08:58:18.308087Z [info     ] Done. Returned value was: {'step': 'audit', 'period': None, 'status': 'unused'} [airflow.task.operators.airflow.providers.standard.decorators.python._PythonDecoratedOperator] loc=python.py:233
2026-10-01T08:58:18.308131Z [info     ] ::group::Post Execute          [task] loc=task_runner.py:1580
2026-10-01T08:58:18.308246Z [info     ] Pushing xcom                   [task] loc=task_runner.py:2280 ti=RuntimeTaskInstance(id=UUID('01a0f6ae-7e3c-7e36-9ef0-febbeb99395d'), task_id='audit_2', dag_id='trade_backfill_pipeline', run_id='manual__2026-10-01T08:57:05.730081+00:00', try_number=1, dag_version_id=UUID('01a0f340-b3af-72cd-8aa4-d8e453a1915b'), map_index=-1, hostname='afe341678f81', context_carrier=None, queue='default', task=<Task(_PythonDecoratedOperator): audit_2>, max_tries=0, start_date=datetime.datetime(2026, 10, 1, 8, 58, 18, 289108, tzinfo=datetime.timezone.utc), end_date=None, state=<TaskInstanceState.RUNNING: 'running'>, is_mapped=False, rendered_map_index=None, sentry_integration='')
2026-10-01T08:58:18.327031Z [info     ] Task instance state updated    [airflow.api_fastapi.execution_api.routes.task_instances] correlation_id=01a0f6af-9952-7452-babb-06baff846b10 loc=task_instances.py:485 new_state=success rows_affected=1 ti_id=01a0f6ae-7e3c-7e36-9ef0-febbeb99395d
Task instance in success state
 Previous state of the Task instance: TaskInstanceState.RUNNING
Task operator:<Task(_PythonDecoratedOperator): audit_2>
2026-10-01T08:58:18.328792Z [info     ] ::endgroup::                   [task] loc=task_runner.py:2379
2026-10-01T08:58:18.330998Z [info     ] [DAG TEST] end task task_id=audit_2 map_index=-1 [airflow.sdk.definitions.dag] loc=dag.py:1563
2026-10-01T08:58:18.337671Z [info     ] [DAG TEST] starting task_id=gate_2 map_index=-1 [airflow.sdk.definitions.dag] loc=dag.py:1501
2026-10-01T08:58:18.337724Z [info     ] [DAG TEST] running task <TaskInstance: trade_backfill_pipeline.gate_2 manual__2026-10-01T08:57:05.730081+00:00 [TaskInstanceState.SCHEDULED] ti_id=01a0f6ae-7e3d-7e40-bfd8-09da3144d10d> [airflow.sdk.definitions.dag] loc=dag.py:1504
2026-10-01T08:58:18.342662Z [info     ] Task started                   [airflow.api_fastapi.execution_api.routes.task_instances] correlation_id=01a0f6af-9962-76e3-9883-c29f00b9585a hostname=afe341678f81 loc=task_instances.py:226 previous_state=queued ti_id=01a0f6ae-7e3d-7e40-bfd8-09da3144d10d
2026-10-01T08:58:18.343313Z [info     ] Task instance state updated    [airflow.api_fastapi.execution_api.routes.task_instances] correlation_id=01a0f6af-9962-76e3-9883-c29f00b9585a loc=task_instances.py:254 rows_affected=1 ti_id=01a0f6ae-7e3d-7e40-bfd8-09da3144d10d
2026-10-01T08:58:18.353442Z [info     ] Updating RenderedTaskInstanceFields [airflow.api_fastapi.execution_api.routes.task_instances] correlation_id=01a0f6af-996f-70fa-bfd1-8a029c59921f field_count=3 loc=task_instances.py:1017 ti_id=01a0f6ae-7e3d-7e40-bfd8-09da3144d10d
Task instance is in running state
 Previous state of the Task instance: TaskInstanceState.QUEUED
Current task name:gate_2
Dag name:trade_backfill_pipeline
2026-10-01T08:58:18.356664Z [info     ] ::endgroup::                   [task] loc=task_runner.py:2232
2026-10-01T08:58:18.356830Z [info     ] Done. Returned value was: {'step': 'gate', 'period': None, 'status': 'unused'} [airflow.task.operators.airflow.providers.standard.decorators.python._PythonDecoratedOperator] loc=python.py:233
2026-10-01T08:58:18.356870Z [info     ] ::group::Post Execute          [task] loc=task_runner.py:1580
2026-10-01T08:58:18.356929Z [info     ] Pushing xcom                   [task] loc=task_runner.py:2280 ti=RuntimeTaskInstance(id=UUID('01a0f6ae-7e3d-7e40-bfd8-09da3144d10d'), task_id='gate_2', dag_id='trade_backfill_pipeline', run_id='manual__2026-10-01T08:57:05.730081+00:00', try_number=1, dag_version_id=UUID('01a0f340-b3af-72cd-8aa4-d8e453a1915b'), map_index=-1, hostname='afe341678f81', context_carrier=None, queue='default', task=<Task(_PythonDecoratedOperator): gate_2>, max_tries=0, start_date=datetime.datetime(2026, 10, 1, 8, 58, 18, 338479, tzinfo=datetime.timezone.utc), end_date=None, state=<TaskInstanceState.RUNNING: 'running'>, is_mapped=False, rendered_map_index=None, sentry_integration='')
2026-10-01T08:58:18.382561Z [info     ] Task instance state updated    [airflow.api_fastapi.execution_api.routes.task_instances] correlation_id=01a0f6af-9989-72e0-aded-e7f9ee4e0095 loc=task_instances.py:485 new_state=success rows_affected=1 ti_id=01a0f6ae-7e3d-7e40-bfd8-09da3144d10d
Task instance in success state
 Previous state of the Task instance: TaskInstanceState.RUNNING
Task operator:<Task(_PythonDecoratedOperator): gate_2>
2026-10-01T08:58:18.384705Z [info     ] ::endgroup::                   [task] loc=task_runner.py:2379
2026-10-01T08:58:18.387160Z [info     ] [DAG TEST] end task task_id=gate_2 map_index=-1 [airflow.sdk.definitions.dag] loc=dag.py:1563
2026-10-01T08:58:18.395641Z [info     ] [DAG TEST] starting task_id=publish_2 map_index=-1 [airflow.sdk.definitions.dag] loc=dag.py:1501
2026-10-01T08:58:18.395726Z [info     ] [DAG TEST] running task <TaskInstance: trade_backfill_pipeline.publish_2 manual__2026-10-01T08:57:05.730081+00:00 [TaskInstanceState.SCHEDULED] ti_id=01a0f6ae-7e3e-7b08-b1ef-9f0421b1606e> [airflow.sdk.definitions.dag] loc=dag.py:1504
2026-10-01T08:58:18.401995Z [info     ] Task started                   [airflow.api_fastapi.execution_api.routes.task_instances] correlation_id=01a0f6af-999c-7a8c-be5f-110087c4ad64 hostname=afe341678f81 loc=task_instances.py:226 previous_state=queued ti_id=01a0f6ae-7e3e-7b08-b1ef-9f0421b1606e
2026-10-01T08:58:18.402674Z [info     ] Task instance state updated    [airflow.api_fastapi.execution_api.routes.task_instances] correlation_id=01a0f6af-999c-7a8c-be5f-110087c4ad64 loc=task_instances.py:254 rows_affected=1 ti_id=01a0f6ae-7e3e-7b08-b1ef-9f0421b1606e
2026-10-01T08:58:18.413513Z [info     ] Updating RenderedTaskInstanceFields [airflow.api_fastapi.execution_api.routes.task_instances] correlation_id=01a0f6af-99ab-701d-96c4-b0a1f5ad1d81 field_count=3 loc=task_instances.py:1017 ti_id=01a0f6ae-7e3e-7b08-b1ef-9f0421b1606e
Task instance is in running state
 Previous state of the Task instance: TaskInstanceState.QUEUED
Current task name:publish_2
Dag name:trade_backfill_pipeline
2026-10-01T08:58:18.417495Z [info     ] ::endgroup::                   [task] loc=task_runner.py:2232
2026-10-01T08:58:18.417668Z [info     ] Done. Returned value was: {'step': 'publish', 'period': None, 'status': 'unused'} [airflow.task.operators.airflow.providers.standard.decorators.python._PythonDecoratedOperator] loc=python.py:233
2026-10-01T08:58:18.417708Z [info     ] ::group::Post Execute          [task] loc=task_runner.py:1580
2026-10-01T08:58:18.417762Z [info     ] Pushing xcom                   [task] loc=task_runner.py:2280 ti=RuntimeTaskInstance(id=UUID('01a0f6ae-7e3e-7b08-b1ef-9f0421b1606e'), task_id='publish_2', dag_id='trade_backfill_pipeline', run_id='manual__2026-10-01T08:57:05.730081+00:00', try_number=1, dag_version_id=UUID('01a0f340-b3af-72cd-8aa4-d8e453a1915b'), map_index=-1, hostname='afe341678f81', context_carrier=None, queue='default', task=<Task(_PythonDecoratedOperator): publish_2>, max_tries=0, start_date=datetime.datetime(2026, 10, 1, 8, 58, 18, 396628, tzinfo=datetime.timezone.utc), end_date=None, state=<TaskInstanceState.RUNNING: 'running'>, is_mapped=False, rendered_map_index=None, sentry_integration='')
2026-10-01T08:58:18.442181Z [info     ] Task instance state updated    [airflow.api_fastapi.execution_api.routes.task_instances] correlation_id=01a0f6af-99c4-7dcc-bb62-1289c52d389c loc=task_instances.py:485 new_state=success rows_affected=1 ti_id=01a0f6ae-7e3e-7b08-b1ef-9f0421b1606e
Task instance in success state
 Previous state of the Task instance: TaskInstanceState.RUNNING
Task operator:<Task(_PythonDecoratedOperator): publish_2>
2026-10-01T08:58:18.444599Z [info     ] ::endgroup::                   [task] loc=task_runner.py:2379
2026-10-01T08:58:18.447233Z [info     ] [DAG TEST] end task task_id=publish_2 map_index=-1 [airflow.sdk.definitions.dag] loc=dag.py:1563
2026-10-01T08:58:18.454632Z [info     ] [DAG TEST] starting task_id=select_month_3 map_index=-1 [airflow.sdk.definitions.dag] loc=dag.py:1501
2026-10-01T08:58:18.454705Z [info     ] [DAG TEST] running task <TaskInstance: trade_backfill_pipeline.select_month_3 manual__2026-10-01T08:57:05.730081+00:00 [TaskInstanceState.SCHEDULED] ti_id=01a0f6ae-7e3f-7cb6-9c80-073942e42067> [airflow.sdk.definitions.dag] loc=dag.py:1504
2026-10-01T08:58:18.459830Z [info     ] Task started                   [airflow.api_fastapi.execution_api.routes.task_instances] correlation_id=01a0f6af-99d7-7b3a-9aa1-3a6254e53d9f hostname=afe341678f81 loc=task_instances.py:226 previous_state=queued ti_id=01a0f6ae-7e3f-7cb6-9c80-073942e42067
2026-10-01T08:58:18.460467Z [info     ] Task instance state updated    [airflow.api_fastapi.execution_api.routes.task_instances] correlation_id=01a0f6af-99d7-7b3a-9aa1-3a6254e53d9f loc=task_instances.py:254 rows_affected=1 ti_id=01a0f6ae-7e3f-7cb6-9c80-073942e42067
2026-10-01T08:58:18.472634Z [info     ] Updating RenderedTaskInstanceFields [airflow.api_fastapi.execution_api.routes.task_instances] correlation_id=01a0f6af-99e6-7c34-93e2-de865cb40286 field_count=3 loc=task_instances.py:1017 ti_id=01a0f6ae-7e3f-7cb6-9c80-073942e42067
Task instance is in running state
 Previous state of the Task instance: TaskInstanceState.QUEUED
Current task name:select_month_3
Dag name:trade_backfill_pipeline
2026-10-01T08:58:18.476499Z [info     ] ::endgroup::                   [task] loc=task_runner.py:2232
2026-10-01T08:58:18.476711Z [info     ] Done. Returned value was: {'status': 'unused'} [airflow.task.operators.airflow.providers.standard.decorators.python._PythonDecoratedOperator] loc=python.py:233
2026-10-01T08:58:18.476938Z [info     ] ::group::Post Execute          [task] loc=task_runner.py:1580
2026-10-01T08:58:18.477020Z [info     ] Pushing xcom                   [task] loc=task_runner.py:2280 ti=RuntimeTaskInstance(id=UUID('01a0f6ae-7e3f-7cb6-9c80-073942e42067'), task_id='select_month_3', dag_id='trade_backfill_pipeline', run_id='manual__2026-10-01T08:57:05.730081+00:00', try_number=1, dag_version_id=UUID('01a0f340-b3af-72cd-8aa4-d8e453a1915b'), map_index=-1, hostname='afe341678f81', context_carrier=None, queue='default', task=<Task(_PythonDecoratedOperator): select_month_3>, max_tries=0, start_date=datetime.datetime(2026, 10, 1, 8, 58, 18, 455528, tzinfo=datetime.timezone.utc), end_date=None, state=<TaskInstanceState.RUNNING: 'running'>, is_mapped=False, rendered_map_index=None, sentry_integration='')
2026-10-01T08:58:18.491630Z [info     ] Task instance state updated    [airflow.api_fastapi.execution_api.routes.task_instances] correlation_id=01a0f6af-99f7-7072-973e-ea20b5f33bbb loc=task_instances.py:485 new_state=success rows_affected=1 ti_id=01a0f6ae-7e3f-7cb6-9c80-073942e42067
Task instance in success state
 Previous state of the Task instance: TaskInstanceState.RUNNING
Task operator:<Task(_PythonDecoratedOperator): select_month_3>
2026-10-01T08:58:18.493824Z [info     ] ::endgroup::                   [task] loc=task_runner.py:2379
2026-10-01T08:58:18.495982Z [info     ] [DAG TEST] end task task_id=select_month_3 map_index=-1 [airflow.sdk.definitions.dag] loc=dag.py:1563
2026-10-01T08:58:18.503535Z [info     ] [DAG TEST] starting task_id=ingest_world_3 map_index=-1 [airflow.sdk.definitions.dag] loc=dag.py:1501
2026-10-01T08:58:18.503636Z [info     ] [DAG TEST] running task <TaskInstance: trade_backfill_pipeline.ingest_world_3 manual__2026-10-01T08:57:05.730081+00:00 [TaskInstanceState.SCHEDULED] ti_id=01a0f6ae-7e41-7a4d-a2a9-ee2668140460> [airflow.sdk.definitions.dag] loc=dag.py:1504
2026-10-01T08:58:18.511014Z [info     ] Task started                   [airflow.api_fastapi.execution_api.routes.task_instances] correlation_id=01a0f6af-9a09-7681-8f9e-9219e2208f9d hostname=afe341678f81 loc=task_instances.py:226 previous_state=queued ti_id=01a0f6ae-7e41-7a4d-a2a9-ee2668140460
2026-10-01T08:58:18.511884Z [info     ] Task instance state updated    [airflow.api_fastapi.execution_api.routes.task_instances] correlation_id=01a0f6af-9a09-7681-8f9e-9219e2208f9d loc=task_instances.py:254 rows_affected=1 ti_id=01a0f6ae-7e41-7a4d-a2a9-ee2668140460
2026-10-01T08:58:18.534330Z [info     ] Updating RenderedTaskInstanceFields [airflow.api_fastapi.execution_api.routes.task_instances] correlation_id=01a0f6af-9a21-7566-b3c0-4c76d0743433 field_count=3 loc=task_instances.py:1017 ti_id=01a0f6ae-7e41-7a4d-a2a9-ee2668140460
Task instance is in running state
 Previous state of the Task instance: TaskInstanceState.QUEUED
Current task name:ingest_world_3
Dag name:trade_backfill_pipeline
2026-10-01T08:58:18.541467Z [info     ] ::endgroup::                   [task] loc=task_runner.py:2232
2026-10-01T08:58:18.541724Z [info     ] Done. Returned value was: {'step': 'ingest', 'period': None, 'status': 'unused'} [airflow.task.operators.airflow.providers.standard.decorators.python._PythonDecoratedOperator] loc=python.py:233
2026-10-01T08:58:18.541784Z [info     ] ::group::Post Execute          [task] loc=task_runner.py:1580
2026-10-01T08:58:18.542212Z [info     ] Pushing xcom                   [task] loc=task_runner.py:2280 ti=RuntimeTaskInstance(id=UUID('01a0f6ae-7e41-7a4d-a2a9-ee2668140460'), task_id='ingest_world_3', dag_id='trade_backfill_pipeline', run_id='manual__2026-10-01T08:57:05.730081+00:00', try_number=1, dag_version_id=UUID('01a0f340-b3af-72cd-8aa4-d8e453a1915b'), map_index=-1, hostname='afe341678f81', context_carrier=None, queue='default', task=<Task(_PythonDecoratedOperator): ingest_world_3>, max_tries=3, start_date=datetime.datetime(2026, 10, 1, 8, 58, 18, 505245, tzinfo=datetime.timezone.utc), end_date=None, state=<TaskInstanceState.RUNNING: 'running'>, is_mapped=False, rendered_map_index=None, sentry_integration='')
2026-10-01T08:58:18.574611Z [info     ] Task instance state updated    [airflow.api_fastapi.execution_api.routes.task_instances] correlation_id=01a0f6af-9a49-7c44-8d22-142d5198ee53 loc=task_instances.py:485 new_state=success rows_affected=1 ti_id=01a0f6ae-7e41-7a4d-a2a9-ee2668140460
Task instance in success state
 Previous state of the Task instance: TaskInstanceState.RUNNING
Task operator:<Task(_PythonDecoratedOperator): ingest_world_3>
2026-10-01T08:58:18.576907Z [info     ] ::endgroup::                   [task] loc=task_runner.py:2379
2026-10-01T08:58:18.579859Z [info     ] [DAG TEST] end task task_id=ingest_world_3 map_index=-1 [airflow.sdk.definitions.dag] loc=dag.py:1563
2026-10-01T08:58:18.579930Z [info     ] [DAG TEST] starting task_id=ingest_detail_3 map_index=-1 [airflow.sdk.definitions.dag] loc=dag.py:1501
2026-10-01T08:58:18.579962Z [info     ] [DAG TEST] running task <TaskInstance: trade_backfill_pipeline.ingest_detail_3 manual__2026-10-01T08:57:05.730081+00:00 [TaskInstanceState.SCHEDULED] ti_id=01a0f6ae-7e40-7ae9-a7c6-c98daa2b5817> [airflow.sdk.definitions.dag] loc=dag.py:1504
2026-10-01T08:58:18.586735Z [info     ] Task started                   [airflow.api_fastapi.execution_api.routes.task_instances] correlation_id=01a0f6af-9a56-7726-a269-a1cd18e2da92 hostname=afe341678f81 loc=task_instances.py:226 previous_state=queued ti_id=01a0f6ae-7e40-7ae9-a7c6-c98daa2b5817
2026-10-01T08:58:18.587511Z [info     ] Task instance state updated    [airflow.api_fastapi.execution_api.routes.task_instances] correlation_id=01a0f6af-9a56-7726-a269-a1cd18e2da92 loc=task_instances.py:254 rows_affected=1 ti_id=01a0f6ae-7e40-7ae9-a7c6-c98daa2b5817
2026-10-01T08:58:18.598252Z [info     ] Updating RenderedTaskInstanceFields [airflow.api_fastapi.execution_api.routes.task_instances] correlation_id=01a0f6af-9a64-7d74-b309-3d3321f4b4cd field_count=3 loc=task_instances.py:1017 ti_id=01a0f6ae-7e40-7ae9-a7c6-c98daa2b5817
Task instance is in running state
 Previous state of the Task instance: TaskInstanceState.QUEUED
Current task name:ingest_detail_3
Dag name:trade_backfill_pipeline
2026-10-01T08:58:18.601720Z [info     ] ::endgroup::                   [task] loc=task_runner.py:2232
2026-10-01T08:58:18.601909Z [info     ] Done. Returned value was: {'step': 'ingest', 'period': None, 'status': 'unused'} [airflow.task.operators.airflow.providers.standard.decorators.python._PythonDecoratedOperator] loc=python.py:233
2026-10-01T08:58:18.601960Z [info     ] ::group::Post Execute          [task] loc=task_runner.py:1580
2026-10-01T08:58:18.602056Z [info     ] Pushing xcom                   [task] loc=task_runner.py:2280 ti=RuntimeTaskInstance(id=UUID('01a0f6ae-7e40-7ae9-a7c6-c98daa2b5817'), task_id='ingest_detail_3', dag_id='trade_backfill_pipeline', run_id='manual__2026-10-01T08:57:05.730081+00:00', try_number=1, dag_version_id=UUID('01a0f340-b3af-72cd-8aa4-d8e453a1915b'), map_index=-1, hostname='afe341678f81', context_carrier=None, queue='default', task=<Task(_PythonDecoratedOperator): ingest_detail_3>, max_tries=3, start_date=datetime.datetime(2026, 10, 1, 8, 58, 18, 582457, tzinfo=datetime.timezone.utc), end_date=None, state=<TaskInstanceState.RUNNING: 'running'>, is_mapped=False, rendered_map_index=None, sentry_integration='')
2026-10-01T08:58:18.622331Z [info     ] Task instance state updated    [airflow.api_fastapi.execution_api.routes.task_instances] correlation_id=01a0f6af-9a79-748c-b01d-ff4892c2a9c6 loc=task_instances.py:485 new_state=success rows_affected=1 ti_id=01a0f6ae-7e40-7ae9-a7c6-c98daa2b5817
Task instance in success state
 Previous state of the Task instance: TaskInstanceState.RUNNING
Task operator:<Task(_PythonDecoratedOperator): ingest_detail_3>
2026-10-01T08:58:18.624206Z [info     ] ::endgroup::                   [task] loc=task_runner.py:2379
2026-10-01T08:58:18.626587Z [info     ] [DAG TEST] end task task_id=ingest_detail_3 map_index=-1 [airflow.sdk.definitions.dag] loc=dag.py:1563
2026-10-01T08:58:18.633606Z [info     ] [DAG TEST] starting task_id=load_detail_3 map_index=-1 [airflow.sdk.definitions.dag] loc=dag.py:1501
2026-10-01T08:58:18.633671Z [info     ] [DAG TEST] running task <TaskInstance: trade_backfill_pipeline.load_detail_3 manual__2026-10-01T08:57:05.730081+00:00 [TaskInstanceState.SCHEDULED] ti_id=01a0f6ae-7e42-75a9-9e8d-2e05386f113d> [airflow.sdk.definitions.dag] loc=dag.py:1504
2026-10-01T08:58:18.638547Z [info     ] Task started                   [airflow.api_fastapi.execution_api.routes.task_instances] correlation_id=01a0f6af-9a8a-7bcf-8e68-292f6f52bb59 hostname=afe341678f81 loc=task_instances.py:226 previous_state=queued ti_id=01a0f6ae-7e42-75a9-9e8d-2e05386f113d
2026-10-01T08:58:18.639114Z [info     ] Task instance state updated    [airflow.api_fastapi.execution_api.routes.task_instances] correlation_id=01a0f6af-9a8a-7bcf-8e68-292f6f52bb59 loc=task_instances.py:254 rows_affected=1 ti_id=01a0f6ae-7e42-75a9-9e8d-2e05386f113d
2026-10-01T08:58:18.649237Z [info     ] Updating RenderedTaskInstanceFields [airflow.api_fastapi.execution_api.routes.task_instances] correlation_id=01a0f6af-9a97-79d9-ba65-b566ea616607 field_count=3 loc=task_instances.py:1017 ti_id=01a0f6ae-7e42-75a9-9e8d-2e05386f113d
Task instance is in running state
 Previous state of the Task instance: TaskInstanceState.QUEUED
Current task name:load_detail_3
Dag name:trade_backfill_pipeline
2026-10-01T08:58:18.653810Z [info     ] ::endgroup::                   [task] loc=task_runner.py:2232
2026-10-01T08:58:18.654010Z [info     ] Done. Returned value was: {'step': 'load', 'period': None, 'status': 'unused'} [airflow.task.operators.airflow.providers.standard.decorators.python._PythonDecoratedOperator] loc=python.py:233
2026-10-01T08:58:18.654060Z [info     ] ::group::Post Execute          [task] loc=task_runner.py:1580
2026-10-01T08:58:18.654120Z [info     ] Pushing xcom                   [task] loc=task_runner.py:2280 ti=RuntimeTaskInstance(id=UUID('01a0f6ae-7e42-75a9-9e8d-2e05386f113d'), task_id='load_detail_3', dag_id='trade_backfill_pipeline', run_id='manual__2026-10-01T08:57:05.730081+00:00', try_number=1, dag_version_id=UUID('01a0f340-b3af-72cd-8aa4-d8e453a1915b'), map_index=-1, hostname='afe341678f81', context_carrier=None, queue='default', task=<Task(_PythonDecoratedOperator): load_detail_3>, max_tries=3, start_date=datetime.datetime(2026, 10, 1, 8, 58, 18, 634519, tzinfo=datetime.timezone.utc), end_date=None, state=<TaskInstanceState.RUNNING: 'running'>, is_mapped=False, rendered_map_index=None, sentry_integration='')
2026-10-01T08:58:18.676063Z [info     ] Task instance state updated    [airflow.api_fastapi.execution_api.routes.task_instances] correlation_id=01a0f6af-9aaf-76cb-a1cc-dd6cb617b10f loc=task_instances.py:485 new_state=success rows_affected=1 ti_id=01a0f6ae-7e42-75a9-9e8d-2e05386f113d
Task instance in success state
 Previous state of the Task instance: TaskInstanceState.RUNNING
Task operator:<Task(_PythonDecoratedOperator): load_detail_3>
2026-10-01T08:58:18.677841Z [info     ] ::endgroup::                   [task] loc=task_runner.py:2379
2026-10-01T08:58:18.680417Z [info     ] [DAG TEST] end task task_id=load_detail_3 map_index=-1 [airflow.sdk.definitions.dag] loc=dag.py:1563
2026-10-01T08:58:18.680486Z [info     ] [DAG TEST] starting task_id=load_world_3 map_index=-1 [airflow.sdk.definitions.dag] loc=dag.py:1501
2026-10-01T08:58:18.680515Z [info     ] [DAG TEST] running task <TaskInstance: trade_backfill_pipeline.load_world_3 manual__2026-10-01T08:57:05.730081+00:00 [TaskInstanceState.SCHEDULED] ti_id=01a0f6ae-7e43-7f4d-8f4c-34ecedc89977> [airflow.sdk.definitions.dag] loc=dag.py:1504
2026-10-01T08:58:18.686750Z [info     ] Task started                   [airflow.api_fastapi.execution_api.routes.task_instances] correlation_id=01a0f6af-9abb-706d-8272-88c46012f5fd hostname=afe341678f81 loc=task_instances.py:226 previous_state=queued ti_id=01a0f6ae-7e43-7f4d-8f4c-34ecedc89977
2026-10-01T08:58:18.687291Z [info     ] Task instance state updated    [airflow.api_fastapi.execution_api.routes.task_instances] correlation_id=01a0f6af-9abb-706d-8272-88c46012f5fd loc=task_instances.py:254 rows_affected=1 ti_id=01a0f6ae-7e43-7f4d-8f4c-34ecedc89977
2026-10-01T08:58:18.697487Z [info     ] Updating RenderedTaskInstanceFields [airflow.api_fastapi.execution_api.routes.task_instances] correlation_id=01a0f6af-9ac7-7c37-80a5-e698d04940ec field_count=3 loc=task_instances.py:1017 ti_id=01a0f6ae-7e43-7f4d-8f4c-34ecedc89977
Task instance is in running state
 Previous state of the Task instance: TaskInstanceState.QUEUED
Current task name:load_world_3
Dag name:trade_backfill_pipeline
2026-10-01T08:58:18.701234Z [info     ] ::endgroup::                   [task] loc=task_runner.py:2232
2026-10-01T08:58:18.701400Z [info     ] Done. Returned value was: {'step': 'load', 'period': None, 'status': 'unused'} [airflow.task.operators.airflow.providers.standard.decorators.python._PythonDecoratedOperator] loc=python.py:233
2026-10-01T08:58:18.701437Z [info     ] ::group::Post Execute          [task] loc=task_runner.py:1580
2026-10-01T08:58:18.701492Z [info     ] Pushing xcom                   [task] loc=task_runner.py:2280 ti=RuntimeTaskInstance(id=UUID('01a0f6ae-7e43-7f4d-8f4c-34ecedc89977'), task_id='load_world_3', dag_id='trade_backfill_pipeline', run_id='manual__2026-10-01T08:57:05.730081+00:00', try_number=1, dag_version_id=UUID('01a0f340-b3af-72cd-8aa4-d8e453a1915b'), map_index=-1, hostname='afe341678f81', context_carrier=None, queue='default', task=<Task(_PythonDecoratedOperator): load_world_3>, max_tries=3, start_date=datetime.datetime(2026, 10, 1, 8, 58, 18, 682920, tzinfo=datetime.timezone.utc), end_date=None, state=<TaskInstanceState.RUNNING: 'running'>, is_mapped=False, rendered_map_index=None, sentry_integration='')
2026-10-01T08:58:18.720939Z [info     ] Task instance state updated    [airflow.api_fastapi.execution_api.routes.task_instances] correlation_id=01a0f6af-9adc-72d6-ba6e-aac2742fc0e2 loc=task_instances.py:485 new_state=success rows_affected=1 ti_id=01a0f6ae-7e43-7f4d-8f4c-34ecedc89977
Task instance in success state
 Previous state of the Task instance: TaskInstanceState.RUNNING
Task operator:<Task(_PythonDecoratedOperator): load_world_3>
2026-10-01T08:58:18.722947Z [info     ] ::endgroup::                   [task] loc=task_runner.py:2379
2026-10-01T08:58:18.725652Z [info     ] [DAG TEST] end task task_id=load_world_3 map_index=-1 [airflow.sdk.definitions.dag] loc=dag.py:1563
2026-10-01T08:58:18.732720Z [info     ] [DAG TEST] starting task_id=attest_3 map_index=-1 [airflow.sdk.definitions.dag] loc=dag.py:1501
2026-10-01T08:58:18.732809Z [info     ] [DAG TEST] running task <TaskInstance: trade_backfill_pipeline.attest_3 manual__2026-10-01T08:57:05.730081+00:00 [TaskInstanceState.SCHEDULED] ti_id=01a0f6ae-7e44-79c3-a4b0-226403885b9b> [airflow.sdk.definitions.dag] loc=dag.py:1504
2026-10-01T08:58:18.738292Z [info     ] Task started                   [airflow.api_fastapi.execution_api.routes.task_instances] correlation_id=01a0f6af-9aee-7daa-a61f-9a08de6b9d92 hostname=afe341678f81 loc=task_instances.py:226 previous_state=queued ti_id=01a0f6ae-7e44-79c3-a4b0-226403885b9b
2026-10-01T08:58:18.738957Z [info     ] Task instance state updated    [airflow.api_fastapi.execution_api.routes.task_instances] correlation_id=01a0f6af-9aee-7daa-a61f-9a08de6b9d92 loc=task_instances.py:254 rows_affected=1 ti_id=01a0f6ae-7e44-79c3-a4b0-226403885b9b
2026-10-01T08:58:18.749567Z [info     ] Updating RenderedTaskInstanceFields [airflow.api_fastapi.execution_api.routes.task_instances] correlation_id=01a0f6af-9afb-7bbe-9a2b-786bc70e8c3e field_count=3 loc=task_instances.py:1017 ti_id=01a0f6ae-7e44-79c3-a4b0-226403885b9b
Task instance is in running state
 Previous state of the Task instance: TaskInstanceState.QUEUED
Current task name:attest_3
Dag name:trade_backfill_pipeline
2026-10-01T08:58:18.753090Z [info     ] ::endgroup::                   [task] loc=task_runner.py:2232
2026-10-01T08:58:18.753269Z [info     ] Done. Returned value was: {'step': 'attest', 'period': None, 'status': 'unused'} [airflow.task.operators.airflow.providers.standard.decorators.python._PythonDecoratedOperator] loc=python.py:233
2026-10-01T08:58:18.753319Z [info     ] ::group::Post Execute          [task] loc=task_runner.py:1580
2026-10-01T08:58:18.753375Z [info     ] Pushing xcom                   [task] loc=task_runner.py:2280 ti=RuntimeTaskInstance(id=UUID('01a0f6ae-7e44-79c3-a4b0-226403885b9b'), task_id='attest_3', dag_id='trade_backfill_pipeline', run_id='manual__2026-10-01T08:57:05.730081+00:00', try_number=1, dag_version_id=UUID('01a0f340-b3af-72cd-8aa4-d8e453a1915b'), map_index=-1, hostname='afe341678f81', context_carrier=None, queue='default', task=<Task(_PythonDecoratedOperator): attest_3>, max_tries=0, start_date=datetime.datetime(2026, 10, 1, 8, 58, 18, 734018, tzinfo=datetime.timezone.utc), end_date=None, state=<TaskInstanceState.RUNNING: 'running'>, is_mapped=False, rendered_map_index=None, sentry_integration='')
2026-10-01T08:58:18.773482Z [info     ] Task instance state updated    [airflow.api_fastapi.execution_api.routes.task_instances] correlation_id=01a0f6af-9b11-737f-9e64-5100d983b415 loc=task_instances.py:485 new_state=success rows_affected=1 ti_id=01a0f6ae-7e44-79c3-a4b0-226403885b9b
Task instance in success state
 Previous state of the Task instance: TaskInstanceState.RUNNING
Task operator:<Task(_PythonDecoratedOperator): attest_3>
2026-10-01T08:58:18.775444Z [info     ] ::endgroup::                   [task] loc=task_runner.py:2379
2026-10-01T08:58:18.778030Z [info     ] [DAG TEST] end task task_id=attest_3 map_index=-1 [airflow.sdk.definitions.dag] loc=dag.py:1563
2026-10-01T08:58:18.784198Z [info     ] [DAG TEST] starting task_id=build_3 map_index=-1 [airflow.sdk.definitions.dag] loc=dag.py:1501
2026-10-01T08:58:18.784273Z [info     ] [DAG TEST] running task <TaskInstance: trade_backfill_pipeline.build_3 manual__2026-10-01T08:57:05.730081+00:00 [TaskInstanceState.SCHEDULED] ti_id=01a0f6ae-7e45-7cea-999d-d45a94a22aed> [airflow.sdk.definitions.dag] loc=dag.py:1504
2026-10-01T08:58:18.790015Z [info     ] Task started                   [airflow.api_fastapi.execution_api.routes.task_instances] correlation_id=01a0f6af-9b21-7ad1-a1a5-b6c945435b65 hostname=afe341678f81 loc=task_instances.py:226 previous_state=queued ti_id=01a0f6ae-7e45-7cea-999d-d45a94a22aed
2026-10-01T08:58:18.790688Z [info     ] Task instance state updated    [airflow.api_fastapi.execution_api.routes.task_instances] correlation_id=01a0f6af-9b21-7ad1-a1a5-b6c945435b65 loc=task_instances.py:254 rows_affected=1 ti_id=01a0f6ae-7e45-7cea-999d-d45a94a22aed
2026-10-01T08:58:18.801147Z [info     ] Updating RenderedTaskInstanceFields [airflow.api_fastapi.execution_api.routes.task_instances] correlation_id=01a0f6af-9b2f-7c1c-912c-71fc12e56b3d field_count=3 loc=task_instances.py:1017 ti_id=01a0f6ae-7e45-7cea-999d-d45a94a22aed
Task instance is in running state
 Previous state of the Task instance: TaskInstanceState.QUEUED
Current task name:build_3
Dag name:trade_backfill_pipeline
2026-10-01T08:58:18.804535Z [info     ] ::endgroup::                   [task] loc=task_runner.py:2232
2026-10-01T08:58:18.804706Z [info     ] Done. Returned value was: {'step': 'build', 'period': None, 'status': 'unused'} [airflow.task.operators.airflow.providers.standard.decorators.python._PythonDecoratedOperator] loc=python.py:233
2026-10-01T08:58:18.804747Z [info     ] ::group::Post Execute          [task] loc=task_runner.py:1580
2026-10-01T08:58:18.804804Z [info     ] Pushing xcom                   [task] loc=task_runner.py:2280 ti=RuntimeTaskInstance(id=UUID('01a0f6ae-7e45-7cea-999d-d45a94a22aed'), task_id='build_3', dag_id='trade_backfill_pipeline', run_id='manual__2026-10-01T08:57:05.730081+00:00', try_number=1, dag_version_id=UUID('01a0f340-b3af-72cd-8aa4-d8e453a1915b'), map_index=-1, hostname='afe341678f81', context_carrier=None, queue='default', task=<Task(_PythonDecoratedOperator): build_3>, max_tries=0, start_date=datetime.datetime(2026, 10, 1, 8, 58, 18, 785254, tzinfo=datetime.timezone.utc), end_date=None, state=<TaskInstanceState.RUNNING: 'running'>, is_mapped=False, rendered_map_index=None, sentry_integration='')
2026-10-01T08:58:18.824186Z [info     ] Task instance state updated    [airflow.api_fastapi.execution_api.routes.task_instances] correlation_id=01a0f6af-9b44-76de-94e3-deb4986df516 loc=task_instances.py:485 new_state=success rows_affected=1 ti_id=01a0f6ae-7e45-7cea-999d-d45a94a22aed
Task instance in success state
 Previous state of the Task instance: TaskInstanceState.RUNNING
Task operator:<Task(_PythonDecoratedOperator): build_3>
2026-10-01T08:58:18.826061Z [info     ] ::endgroup::                   [task] loc=task_runner.py:2379
2026-10-01T08:58:18.828422Z [info     ] [DAG TEST] end task task_id=build_3 map_index=-1 [airflow.sdk.definitions.dag] loc=dag.py:1563
2026-10-01T08:58:18.833940Z [info     ] [DAG TEST] starting task_id=audit_3 map_index=-1 [airflow.sdk.definitions.dag] loc=dag.py:1501
2026-10-01T08:58:18.834004Z [info     ] [DAG TEST] running task <TaskInstance: trade_backfill_pipeline.audit_3 manual__2026-10-01T08:57:05.730081+00:00 [TaskInstanceState.SCHEDULED] ti_id=01a0f6ae-7e46-786f-a04d-ae31320e1651> [airflow.sdk.definitions.dag] loc=dag.py:1504
2026-10-01T08:58:18.838900Z [info     ] Task started                   [airflow.api_fastapi.execution_api.routes.task_instances] correlation_id=01a0f6af-9b52-71cb-a23a-0f35c086cc4f hostname=afe341678f81 loc=task_instances.py:226 previous_state=queued ti_id=01a0f6ae-7e46-786f-a04d-ae31320e1651
2026-10-01T08:58:18.839540Z [info     ] Task instance state updated    [airflow.api_fastapi.execution_api.routes.task_instances] correlation_id=01a0f6af-9b52-71cb-a23a-0f35c086cc4f loc=task_instances.py:254 rows_affected=1 ti_id=01a0f6ae-7e46-786f-a04d-ae31320e1651
2026-10-01T08:58:18.849548Z [info     ] Updating RenderedTaskInstanceFields [airflow.api_fastapi.execution_api.routes.task_instances] correlation_id=01a0f6af-9b5f-7a3c-82a1-6538348872b7 field_count=3 loc=task_instances.py:1017 ti_id=01a0f6ae-7e46-786f-a04d-ae31320e1651
Task instance is in running state
 Previous state of the Task instance: TaskInstanceState.QUEUED
Current task name:audit_3
Dag name:trade_backfill_pipeline
2026-10-01T08:58:18.852930Z [info     ] ::endgroup::                   [task] loc=task_runner.py:2232
2026-10-01T08:58:18.853109Z [info     ] Done. Returned value was: {'step': 'audit', 'period': None, 'status': 'unused'} [airflow.task.operators.airflow.providers.standard.decorators.python._PythonDecoratedOperator] loc=python.py:233
2026-10-01T08:58:18.853146Z [info     ] ::group::Post Execute          [task] loc=task_runner.py:1580
2026-10-01T08:58:18.853205Z [info     ] Pushing xcom                   [task] loc=task_runner.py:2280 ti=RuntimeTaskInstance(id=UUID('01a0f6ae-7e46-786f-a04d-ae31320e1651'), task_id='audit_3', dag_id='trade_backfill_pipeline', run_id='manual__2026-10-01T08:57:05.730081+00:00', try_number=1, dag_version_id=UUID('01a0f340-b3af-72cd-8aa4-d8e453a1915b'), map_index=-1, hostname='afe341678f81', context_carrier=None, queue='default', task=<Task(_PythonDecoratedOperator): audit_3>, max_tries=0, start_date=datetime.datetime(2026, 10, 1, 8, 58, 18, 834843, tzinfo=datetime.timezone.utc), end_date=None, state=<TaskInstanceState.RUNNING: 'running'>, is_mapped=False, rendered_map_index=None, sentry_integration='')
2026-10-01T08:58:18.874041Z [info     ] Task instance state updated    [airflow.api_fastapi.execution_api.routes.task_instances] correlation_id=01a0f6af-9b76-7e5a-b103-26d44d986624 loc=task_instances.py:485 new_state=success rows_affected=1 ti_id=01a0f6ae-7e46-786f-a04d-ae31320e1651
Task instance in success state
 Previous state of the Task instance: TaskInstanceState.RUNNING
Task operator:<Task(_PythonDecoratedOperator): audit_3>
2026-10-01T08:58:18.876046Z [info     ] ::endgroup::                   [task] loc=task_runner.py:2379
2026-10-01T08:58:18.878670Z [info     ] [DAG TEST] end task task_id=audit_3 map_index=-1 [airflow.sdk.definitions.dag] loc=dag.py:1563
2026-10-01T08:58:18.884636Z [info     ] [DAG TEST] starting task_id=gate_3 map_index=-1 [airflow.sdk.definitions.dag] loc=dag.py:1501
2026-10-01T08:58:18.884700Z [info     ] [DAG TEST] running task <TaskInstance: trade_backfill_pipeline.gate_3 manual__2026-10-01T08:57:05.730081+00:00 [TaskInstanceState.SCHEDULED] ti_id=01a0f6ae-7e47-7368-99c5-d46aee13cc7b> [airflow.sdk.definitions.dag] loc=dag.py:1504
2026-10-01T08:58:18.889426Z [info     ] Task started                   [airflow.api_fastapi.execution_api.routes.task_instances] correlation_id=01a0f6af-9b85-7faa-bfdd-4a4f571498fa hostname=afe341678f81 loc=task_instances.py:226 previous_state=queued ti_id=01a0f6ae-7e47-7368-99c5-d46aee13cc7b
2026-10-01T08:58:18.890003Z [info     ] Task instance state updated    [airflow.api_fastapi.execution_api.routes.task_instances] correlation_id=01a0f6af-9b85-7faa-bfdd-4a4f571498fa loc=task_instances.py:254 rows_affected=1 ti_id=01a0f6ae-7e47-7368-99c5-d46aee13cc7b
2026-10-01T08:58:18.900099Z [info     ] Updating RenderedTaskInstanceFields [airflow.api_fastapi.execution_api.routes.task_instances] correlation_id=01a0f6af-9b92-719a-89d4-01d2fecc8984 field_count=3 loc=task_instances.py:1017 ti_id=01a0f6ae-7e47-7368-99c5-d46aee13cc7b
Task instance is in running state
 Previous state of the Task instance: TaskInstanceState.QUEUED
Current task name:gate_3
Dag name:trade_backfill_pipeline
2026-10-01T08:58:18.903619Z [info     ] ::endgroup::                   [task] loc=task_runner.py:2232
2026-10-01T08:58:18.903795Z [info     ] Done. Returned value was: {'step': 'gate', 'period': None, 'status': 'unused'} [airflow.task.operators.airflow.providers.standard.decorators.python._PythonDecoratedOperator] loc=python.py:233
2026-10-01T08:58:18.903836Z [info     ] ::group::Post Execute          [task] loc=task_runner.py:1580
2026-10-01T08:58:18.903893Z [info     ] Pushing xcom                   [task] loc=task_runner.py:2280 ti=RuntimeTaskInstance(id=UUID('01a0f6ae-7e47-7368-99c5-d46aee13cc7b'), task_id='gate_3', dag_id='trade_backfill_pipeline', run_id='manual__2026-10-01T08:57:05.730081+00:00', try_number=1, dag_version_id=UUID('01a0f340-b3af-72cd-8aa4-d8e453a1915b'), map_index=-1, hostname='afe341678f81', context_carrier=None, queue='default', task=<Task(_PythonDecoratedOperator): gate_3>, max_tries=0, start_date=datetime.datetime(2026, 10, 1, 8, 58, 18, 885530, tzinfo=datetime.timezone.utc), end_date=None, state=<TaskInstanceState.RUNNING: 'running'>, is_mapped=False, rendered_map_index=None, sentry_integration='')
2026-10-01T08:58:18.924346Z [info     ] Task instance state updated    [airflow.api_fastapi.execution_api.routes.task_instances] correlation_id=01a0f6af-9ba8-76f5-98a7-88d6ebdc187f loc=task_instances.py:485 new_state=success rows_affected=1 ti_id=01a0f6ae-7e47-7368-99c5-d46aee13cc7b
Task instance in success state
 Previous state of the Task instance: TaskInstanceState.RUNNING
Task operator:<Task(_PythonDecoratedOperator): gate_3>
2026-10-01T08:58:18.926181Z [info     ] ::endgroup::                   [task] loc=task_runner.py:2379
2026-10-01T08:58:18.928579Z [info     ] [DAG TEST] end task task_id=gate_3 map_index=-1 [airflow.sdk.definitions.dag] loc=dag.py:1563
2026-10-01T08:58:18.933827Z [info     ] [DAG TEST] starting task_id=publish_3 map_index=-1 [airflow.sdk.definitions.dag] loc=dag.py:1501
2026-10-01T08:58:18.933900Z [info     ] [DAG TEST] running task <TaskInstance: trade_backfill_pipeline.publish_3 manual__2026-10-01T08:57:05.730081+00:00 [TaskInstanceState.SCHEDULED] ti_id=01a0f6ae-7e48-7ad8-ad57-e7d995a2e2c0> [airflow.sdk.definitions.dag] loc=dag.py:1504
2026-10-01T08:58:18.939303Z [info     ] Task started                   [airflow.api_fastapi.execution_api.routes.task_instances] correlation_id=01a0f6af-9bb6-7a05-98c4-900830510608 hostname=afe341678f81 loc=task_instances.py:226 previous_state=queued ti_id=01a0f6ae-7e48-7ad8-ad57-e7d995a2e2c0
2026-10-01T08:58:18.939930Z [info     ] Task instance state updated    [airflow.api_fastapi.execution_api.routes.task_instances] correlation_id=01a0f6af-9bb6-7a05-98c4-900830510608 loc=task_instances.py:254 rows_affected=1 ti_id=01a0f6ae-7e48-7ad8-ad57-e7d995a2e2c0
2026-10-01T08:58:18.950377Z [info     ] Updating RenderedTaskInstanceFields [airflow.api_fastapi.execution_api.routes.task_instances] correlation_id=01a0f6af-9bc4-723e-bb56-bb2eeaa1478c field_count=3 loc=task_instances.py:1017 ti_id=01a0f6ae-7e48-7ad8-ad57-e7d995a2e2c0
Task instance is in running state
 Previous state of the Task instance: TaskInstanceState.QUEUED
Current task name:publish_3
Dag name:trade_backfill_pipeline
2026-10-01T08:58:18.953815Z [info     ] ::endgroup::                   [task] loc=task_runner.py:2232
2026-10-01T08:58:18.953994Z [info     ] Done. Returned value was: {'step': 'publish', 'period': None, 'status': 'unused'} [airflow.task.operators.airflow.providers.standard.decorators.python._PythonDecoratedOperator] loc=python.py:233
2026-10-01T08:58:18.954034Z [info     ] ::group::Post Execute          [task] loc=task_runner.py:1580
2026-10-01T08:58:18.954088Z [info     ] Pushing xcom                   [task] loc=task_runner.py:2280 ti=RuntimeTaskInstance(id=UUID('01a0f6ae-7e48-7ad8-ad57-e7d995a2e2c0'), task_id='publish_3', dag_id='trade_backfill_pipeline', run_id='manual__2026-10-01T08:57:05.730081+00:00', try_number=1, dag_version_id=UUID('01a0f340-b3af-72cd-8aa4-d8e453a1915b'), map_index=-1, hostname='afe341678f81', context_carrier=None, queue='default', task=<Task(_PythonDecoratedOperator): publish_3>, max_tries=0, start_date=datetime.datetime(2026, 10, 1, 8, 58, 18, 934833, tzinfo=datetime.timezone.utc), end_date=None, state=<TaskInstanceState.RUNNING: 'running'>, is_mapped=False, rendered_map_index=None, sentry_integration='')
2026-10-01T08:58:18.975984Z [info     ] Task instance state updated    [airflow.api_fastapi.execution_api.routes.task_instances] correlation_id=01a0f6af-9bdb-7bad-aa1f-c0f41ed1be8e loc=task_instances.py:485 new_state=success rows_affected=1 ti_id=01a0f6ae-7e48-7ad8-ad57-e7d995a2e2c0
Task instance in success state
 Previous state of the Task instance: TaskInstanceState.RUNNING
Task operator:<Task(_PythonDecoratedOperator): publish_3>
2026-10-01T08:58:18.977732Z [info     ] ::endgroup::                   [task] loc=task_runner.py:2379
2026-10-01T08:58:18.979830Z [info     ] [DAG TEST] end task task_id=publish_3 map_index=-1 [airflow.sdk.definitions.dag] loc=dag.py:1563
2026-10-01T08:58:18.981744Z [info     ] Marking run <DagRun trade_backfill_pipeline @ 2026-10-01 08:57:05.033906+00:00: manual__2026-10-01T08:57:05.730081+00:00, state:running, queued_at: None. run_type: manual> successful [airflow.models.dagrun.DagRun] loc=dagrun.py:1249
Dag run in success state
Dag run start:2026-10-01 08:57:05.033906+00:00 end:2026-10-01 08:58:18.981802+00:00
2026-10-01T08:58:18.982550Z [info     ] DagRun Finished: dag_id=trade_backfill_pipeline, logical_date=2026-10-01 08:57:05.033906+00:00, run_id=manual__2026-10-01T08:57:05.730081+00:00, run_start_date=2026-10-01 08:57:05.033906+00:00, run_end_date=2026-10-01 08:58:18.981802+00:00, run_duration=73.947896, state=success, run_type=manual, data_interval_start=2026-10-01 08:57:05.033906+00:00, data_interval_end=2026-10-01 08:57:05.033906+00:00, [airflow.models.dagrun.DagRun] loc=dagrun.py:1315
